[{"__type__":"cc.SpriteFrame","content":{"name":"line","texture":"6dd/haCfBPnoHoBV+Hzz2K","rect":[0,29,60,2],"offset":[0,0],"originalSize":[60,60],"capInsets":[0,0,0,0]}},{"__type__":"cc.SpriteFrame","content":{"name":"white_bg","texture":"11+MH+mEdPXZmm6UnzsvES","rect":[0,0,490,286],"offset":[0,0],"originalSize":[490,286],"capInsets":[0,0,0,0]}},{"__type__":"cc.SpriteFrame","content":{"name":"default_btn_disabled","texture":"71VhFCTINJM6/Ky3oX9nBT","rect":[0,0,40,40],"offset":[0,0],"originalSize":[40,40],"capInsets":[12,12,12,12]}},{"__type__":"cc.SpriteFrame","content":{"name":"default_icon","texture":"8dqeGcpelK+IeVtCbWWss4","rect":[0,0,140,140],"offset":[0,0],"originalSize":[140,140],"capInsets":[0,0,0,0]}},[{"__type__":"cc.Prefab","_name":"PersonalListItem","data":{"__id__":1}},{"__type__":"cc.Node","_name":"PersonalListItem","_children":[{"__id__":2},{"__id__":4},{"__id__":6},{"__id__":8}],"_level":1,"_components":[{"__type__":"cc.Sprite","node":{"__id__":1},"_spriteFrame":{"__uuid__":"16CnnZYYNM/o+1K8BpewH6"},"_type":1,"_sizeMode":0},{"__type__":"cc.Button","node":{"__id__":1},"pressedColor":{"__type__":"cc.Color","r":255,"g":255,"b":255},"zoomScale":1,"clickEvents":[{"__type__":"cc.ClickEvent","target":{"__id__":1},"component":"PersonalListItem","handler":"ItemClick","customEventData":"true"}],"_N$normalColor":{"__type__":"cc.Color","r":255,"g":255,"b":255},"_N$disabledColor":{"__type__":"cc.Color","r":255,"g":255,"b":255},"_N$target":{"__id__":1}},{"__type__":"cc.Widget","node":{"__id__":1},"alignMode":2,"_alignFlags":40,"_originalWidth":100},{"__type__":"e6d88+qyRhJLYJj59pn98qJ","node":{"__id__":1},"icon":{"__id__":3},"textLabel":{"__id__":5},"arrow":{"__id__":7},"line":{"__id__":8},"enableColor":{"__type__":"cc.Color","r":74,"g":74,"b":74},"disableColor":{"__type__":"cc.Color","r":121,"g":121,"b":121}}],"_prefab":{"__type__":"cc.PrefabInfo","root":{"__id__":1},"asset":{"__uuid__":"76+L9K9edJHo9NVm5g1dAA"},"fileId":"55ds/7hDxOJ7kyD7CXMPt0"},"_contentSize":{"__type__":"cc.Size","width":750,"height":106},"_position":{"__type__":"cc.Vec3","x":375,"y":53},"_scale":{"__type__":"cc.Vec3","x":1,"y":1,"z":1}},{"__type__":"cc.Node","_name":"Icon","_parent":{"__id__":1},"_level":4,"_components":[{"__id__":3},{"__type__":"cc.Widget","node":{"__id__":2},"alignMode":2,"_alignFlags":10,"_left":60}],"_prefab":{"__type__":"cc.PrefabInfo","root":{"__id__":1},"asset":{"__uuid__":"76+L9K9edJHo9NVm5g1dAA"},"fileId":"ebrQxxz7FOlLYQGcdtxY+S"},"_contentSize":{"__type__":"cc.Size","width":50,"height":50},"_position":{"__type__":"cc.Vec3","x":-290},"_scale":{"__type__":"cc.Vec3","x":1,"y":1,"z":1}},{"__type__":"cc.Sprite","node":{"__id__":2},"_spriteFrame":{"__uuid__":"b0sjqH0UJAxrter6GjKylr"},"_sizeMode":0,"_isTrimmedMode":false},{"__type__":"cc.Node","_name":"Label","_parent":{"__id__":1},"_level":4,"_components":[{"__id__":5},{"__type__":"cc.Widget","node":{"__id__":4},"alignMode":2,"_alignFlags":10,"_left":130}],"_prefab":{"__type__":"cc.PrefabInfo","root":{"__id__":1},"asset":{"__uuid__":"76+L9K9edJHo9NVm5g1dAA"},"fileId":"f3QZEBpSdMyakxRqRGyGhm"},"_color":{"__type__":"cc.Color","r":74,"g":74,"b":74},"_contentSize":{"__type__":"cc.Size","width":60,"height":30},"_position":{"__type__":"cc.Vec3","x":-215},"_scale":{"__type__":"cc.Vec3","x":1,"y":1,"z":1}},{"__type__":"cc.Label","node":{"__id__":4},"_srcBlendFactor":1,"_useOriginalSize":false,"_string":"设置","_N$string":"设置","_fontSize":30,"_lineHeight":30,"_N$verticalAlign":1},{"__type__":"cc.Node","_name":"Arrow","_parent":{"__id__":1},"_level":4,"_components":[{"__id__":7},{"__type__":"cc.Widget","node":{"__id__":6},"alignMode":2,"_alignFlags":34,"_right":30}],"_prefab":{"__type__":"cc.PrefabInfo","root":{"__id__":1},"asset":{"__uuid__":"76+L9K9edJHo9NVm5g1dAA"},"fileId":"11EZCuMc9A67VWKLbGQc3i"},"_contentSize":{"__type__":"cc.Size","width":20,"height":34},"_position":{"__type__":"cc.Vec3","x":335},"_scale":{"__type__":"cc.Vec3","x":1,"y":1,"z":1}},{"__type__":"cc.Sprite","node":{"__id__":6},"_spriteFrame":{"__uuid__":"f2SIJ3ikRJwKkQydbmXW3i"},"_sizeMode":0},{"__type__":"cc.Node","_name":"Line","_parent":{"__id__":1},"_level":4,"_components":[{"__type__":"cc.Sprite","node":{"__id__":8},"_spriteFrame":{"__uuid__":"02VHI1EG9OErub7VllKUNz"},"_sizeMode":0},{"__type__":"cc.Widget","node":{"__id__":8},"alignMode":2,"_alignFlags":44,"_originalWidth":100}],"_prefab":{"__type__":"cc.PrefabInfo","root":{"__id__":1},"asset":{"__uuid__":"76+L9K9edJHo9NVm5g1dAA"},"fileId":"421cd8mbhJ97IsbXS3//Wc"},"_opacity":60,"_color":{"__type__":"cc.Color","r":207,"g":207,"b":207},"_contentSize":{"__type__":"cc.Size","width":750,"height":1},"_position":{"__type__":"cc.Vec3","y":-52.5},"_scale":{"__type__":"cc.Vec3","x":1,"y":1,"z":1}}],{"__type__":"cc.SpriteFrame","content":{"name":"back","texture":"0crVq4CiFGKJ6Q4VG57SZ9","rect":[0,0,20,34],"offset":[0,0],"originalSize":[20,34],"capInsets":[0,0,0,0]}},{"__type__":"cc.SpriteFrame","content":{"name":"money","texture":"5bqAvkm1pE3IC/+SDfQwsg","rect":[0,0,40,41],"offset":[0,0],"originalSize":[40,41],"capInsets":[0,0,0,0]}},{"__type__":"cc.SpriteFrame","content":{"name":"default_sprite_splash","texture":"02delMVqdBD70a/HSD99FK","rect":[0,0,2,2],"offset":[0,0],"originalSize":[2,2],"capInsets":[0,0,0,0]}},{"__type__":"cc.SpriteFrame","content":{"name":"personal_center_set","texture":"2cjPUUGaRHSrfQvvCh95ml","rect":[2,3,53,53],"offset":[-0.5,-0.5],"originalSize":[58,58],"capInsets":[0,0,0,0]}},{"__type__":"cc.SpriteFrame","content":{"name":"personal_center_help","texture":"b4upiBHdZJG6rHIJjs5tD7","rect":[3,3,53,50],"offset":[0.5,1],"originalSize":[58,58],"capInsets":[0,0,0,0]}},[{"__type__":"cc.SceneAsset","_name":"PersonalCenter","scene":{"__id__":1},"asyncLoadAssets":null},{"__type__":"cc.Scene","_name":"New Node","_children":[{"__id__":2}],"_anchorPoint":{"__type__":"cc.Vec2"},"_scale":{"__type__":"cc.Vec3","x":0.2413793103448276,"y":0.2413793103448276,"z":1},"autoReleaseAssets":false},{"__type__":"cc.Node","_name":"Canvas","_parent":{"__id__":1},"_children":[{"__id__":3},{"__id__":4},{"__id__":8},{"__id__":19},{"__id__":20},{"__id__":23}],"_level":1,"_components":[{"__type__":"cc.Canvas","node":{"__id__":2},"_designResolution":{"__type__":"cc.Size","width":750,"height":1334}},{"__type__":"41de3vM/65BTL1Semmhg9ib","node":{"__id__":2},"iconBtn":{"__id__":11},"nameLabel":{"__id__":13},"idLabel":{"__id__":17},"listData":[{"__type__":"PersonalListData","id":"1","iconSP":{"__uuid__":"e0W+Cnv1xFdZQXwrUt8s0b"},"text":"橙币商城"},{"__type__":"PersonalListData","id":"2","iconSP":{"__uuid__":"b0sjqH0UJAxrter6GjKylr"},"text":"设置"},{"__type__":"PersonalListData","id":"3","iconSP":{"__uuid__":"b8oPnDOJpKXrEnKy22pwW9"},"text":"帮助"},{"__type__":"PersonalListData","id":"4","iconSP":{"__uuid__":"f9IDYWwr1OmJw4dA87MKfG"},"text":"意见反馈"}],"listView":{"__id__":19},"itemPrefab":{"__uuid__":"76+L9K9edJHo9NVm5g1dAA"}}],"_color":{"__type__":"cc.Color","r":254,"g":240,"b":226},"_contentSize":{"__type__":"cc.Size","width":750,"height":1334},"_position":{"__type__":"cc.Vec3","x":375,"y":667},"_scale":{"__type__":"cc.Vec3","x":1,"y":1,"z":1},"_id":"6efHccfLxAqrZEqPh9RzvR"},{"__type__":"cc.Node","_name":"Main Camera","_parent":{"__id__":2},"_level":2,"_components":[{"__type__":"cc.Camera","node":{"__id__":3},"_clearFlags":7,"_backgroundColor":{"__type__":"cc.Color","r":252,"g":249,"b":238},"_depth":-1}],"_color":{"__type__":"cc.Color","r":254,"g":240,"b":226},"_scale":{"__type__":"cc.Vec3","x":1,"y":1,"z":1}},{"__type__":"cc.Node","_name":"NavigationBar","_parent":{"__id__":2},"_children":[{"__id__":5},{"__id__":7}],"_level":2,"_components":[{"__type__":"cc.Sprite","node":{"__id__":4},"_spriteFrame":{"__uuid__":"16CnnZYYNM/o+1K8BpewH6"},"_sizeMode":0},{"__type__":"cc.Widget","node":{"__id__":4},"alignMode":2,"_alignFlags":41,"_originalWidth":40}],"_contentSize":{"__type__":"cc.Size","width":750,"height":128},"_position":{"__type__":"cc.Vec3","y":603},"_scale":{"__type__":"cc.Vec3","x":1,"y":1,"z":1}},{"__type__":"cc.Node","_name":"BackBtn","_parent":{"__id__":4},"_children":[{"__id__":6}],"_level":3,"_components":[{"__type__":"cc.Button","node":{"__id__":5},"pressedColor":{"__type__":"cc.Color","r":255,"g":255,"b":255},"clickEvents":[{"__type__":"cc.ClickEvent","target":{"__id__":2},"component":"PersonalCenter","handler":"backBtnClick"}],"_N$normalColor":{"__type__":"cc.Color","r":255,"g":255,"b":255},"_N$disabledColor":{"__type__":"cc.Color","r":255,"g":255,"b":255},"_N$pressedSprite":{"__uuid__":"e97GVMl6JHh5Ml5qEDdSGa"},"pressedSprite":{"__uuid__":"e97GVMl6JHh5Ml5qEDdSGa"},"_N$hoverSprite":{"__uuid__":"f0BIwQ8D5Ml7nTNQbh1YlS"},"hoverSprite":{"__uuid__":"f0BIwQ8D5Ml7nTNQbh1YlS"},"_N$disabledSprite":{"__uuid__":"29FYIk+N1GYaeWH/q1NxQO"},"_N$target":{"__id__":5}},{"__type__":"cc.Widget","node":{"__id__":5},"alignMode":2,"_alignFlags":9,"_left":20,"_top":55}],"_contentSize":{"__type__":"cc.Size","width":50,"height":50},"_position":{"__type__":"cc.Vec3","x":-330,"y":-16},"_scale":{"__type__":"cc.Vec3","x":1,"y":1,"z":1}},{"__type__":"cc.Node","_name":"Sprite","_parent":{"__id__":5},"_level":3,"_components":[{"__type__":"cc.Sprite","node":{"__id__":6},"_spriteFrame":{"__uuid__":"83jl2tL11O4KOcaqrDgUjB"}},{"__type__":"cc.Widget","node":{"__id__":6},"alignMode":2,"_alignFlags":18}],"_contentSize":{"__type__":"cc.Size","width":20,"height":34},"_scale":{"__type__":"cc.Vec3","x":1,"y":1,"z":1}},{"__type__":"cc.Node","_name":"TitleLabel","_parent":{"__id__":4},"_level":3,"_components":[{"__type__":"cc.Label","node":{"__id__":7},"_srcBlendFactor":1,"_useOriginalSize":false,"_string":"我的","_N$string":"我的","_fontSize":38,"_lineHeight":38,"_N$horizontalAlign":1,"_N$verticalAlign":1},{"__type__":"cc.Widget","node":{"__id__":7},"alignMode":2,"_alignFlags":17,"_top":62}],"_color":{"__type__":"cc.Color"},"_contentSize":{"__type__":"cc.Size","width":76,"height":38},"_position":{"__type__":"cc.Vec3","y":-17},"_scale":{"__type__":"cc.Vec3","x":1,"y":1,"z":1}},{"__type__":"cc.Node","_name":"PersonalHeadView","_parent":{"__id__":2},"_children":[{"__id__":9},{"__id__":12},{"__id__":14}],"_level":2,"_components":[{"__type__":"cc.Widget","node":{"__id__":8},"alignMode":2,"_alignFlags":41,"_top":128},{"__type__":"cc.Sprite","node":{"__id__":8},"_spriteFrame":{"__uuid__":"16CnnZYYNM/o+1K8BpewH6"},"_type":1,"_sizeMode":0},{"__type__":"fd1c8dIHFVEf4EBGYje31PQ","node":{"__id__":8},"iconBtn":{"__id__":11},"nameLabel":{"__id__":13},"idLabel":{"__id__":18}}],"_contentSize":{"__type__":"cc.Size","width":750,"height":226},"_position":{"__type__":"cc.Vec3","y":426},"_scale":{"__type__":"cc.Vec3","x":1,"y":1,"z":1}},{"__type__":"cc.Node","_name":"IconBtn","_parent":{"__id__":8},"_children":[{"__id__":10}],"_level":3,"_components":[{"__id__":11},{"__type__":"cc.Widget","node":{"__id__":9},"alignMode":2,"_alignFlags":9,"_left":60,"_top":35.5},{"__type__":"cc.Mask","node":{"__id__":9},"_type":1,"_segments":71}],"_contentSize":{"__type__":"cc.Size","width":142,"height":142},"_position":{"__type__":"cc.Vec3","x":-244,"y":6.5},"_scale":{"__type__":"cc.Vec3","x":1,"y":1,"z":1}},{"__type__":"cc.Node","_name":"Sprite","_parent":{"__id__":9},"_level":4,"_components":[{"__type__":"cc.Sprite","node":{"__id__":10},"_spriteFrame":{"__uuid__":"714G2r3Y9GkpeMvdBBmfMs"},"_sizeMode":0},{"__type__":"cc.Widget","node":{"__id__":10},"alignMode":2,"_alignFlags":18,"_left":71.5,"_right":71.5,"_top":73.5,"_bottom":73.5,"_originalWidth":40,"_originalHeight":36}],"_contentSize":{"__type__":"cc.Size","width":142,"height":142},"_scale":{"__type__":"cc.Vec3","x":1,"y":1,"z":1}},{"__type__":"cc.Button","node":{"__id__":9},"transition":2,"pressedColor":{"__type__":"cc.Color","r":255,"g":255,"b":255},"_N$normalColor":{"__type__":"cc.Color","r":255,"g":255,"b":255},"_N$disabledColor":{"__type__":"cc.Color","r":255,"g":255,"b":255},"_N$target":{"__id__":9}},{"__type__":"cc.Node","_name":"NameLabel","_parent":{"__id__":8},"_level":3,"_components":[{"__id__":13},{"__type__":"cc.Widget","node":{"__id__":12},"alignMode":2,"_alignFlags":41,"_left":235,"_right":30,"_top":74,"_verticalCenter":20,"_originalWidth":75}],"_color":{"__type__":"cc.Color","r":74,"g":74,"b":74},"_contentSize":{"__type__":"cc.Size","width":485,"height":40},"_position":{"__type__":"cc.Vec3","x":102.5,"y":19},"_scale":{"__type__":"cc.Vec3","x":1,"y":1,"z":1}},{"__type__":"cc.Label","node":{"__id__":12},"_srcBlendFactor":1,"_useOriginalSize":false,"_string":"小橙子","_N$string":"小橙子","_fontSize":30,"_lineHeight":30,"_N$verticalAlign":1,"_N$overflow":2},{"__type__":"cc.Node","_name":"IdLabel","_parent":{"__id__":8},"_children":[{"__id__":15},{"__id__":16}],"_level":3,"_components":[{"__id__":18},{"__type__":"cc.Widget","node":{"__id__":14},"alignMode":2,"_alignFlags":41,"_left":235,"_right":30,"_top":131,"_bottom":77,"_verticalCenter":-30,"_originalWidth":175}],"_color":{"__type__":"cc.Color","r":74,"g":74,"b":74},"_contentSize":{"__type__":"cc.Size","width":485,"height":40},"_position":{"__type__":"cc.Vec3","x":102.5,"y":-38},"_scale":{"__type__":"cc.Vec3","x":1,"y":1,"z":1}},{"__type__":"cc.Node","_name":"Sprite","_parent":{"__id__":14},"_level":4,"_components":[{"__type__":"cc.Sprite","node":{"__id__":15},"_spriteFrame":{"__uuid__":"8ezS0rzZ1BmbyPZn11+Q7S"},"_sizeMode":0},{"__type__":"cc.Widget","node":{"__id__":15},"alignMode":2,"_alignFlags":10,"_left":140}],"_contentSize":{"__type__":"cc.Size","width":34,"height":34},"_position":{"__type__":"cc.Vec3","x":-85.5},"_scale":{"__type__":"cc.Vec3","x":1,"y":1,"z":1}},{"__type__":"cc.Node","_name":"Label","_parent":{"__id__":14},"_level":4,"_components":[{"__id__":17},{"__type__":"cc.Widget","node":{"__id__":16},"alignMode":2,"_alignFlags":45,"_left":180,"_originalWidth":73.4,"_originalHeight":30}],"_color":{"__type__":"cc.Color","r":253,"g":109,"b":39},"_contentSize":{"__type__":"cc.Size","width":305,"height":40},"_position":{"__type__":"cc.Vec3","x":90},"_scale":{"__type__":"cc.Vec3","x":1,"y":1,"z":1}},{"__type__":"cc.Label","node":{"__id__":16},"_srcBlendFactor":1,"_useOriginalSize":false,"_string":"0","_N$string":"0","_fontSize":30,"_lineHeight":30,"_N$verticalAlign":1,"_N$overflow":2},{"__type__":"cc.Label","node":{"__id__":14},"_srcBlendFactor":1,"_useOriginalSize":false,"_string":"拥有橙币：","_N$string":"拥有橙币：","_fontSize":30,"_lineHeight":30,"_enableWrapText":false,"_N$verticalAlign":1,"_N$overflow":2},{"__type__":"cc.Node","_name":"PersonalList","_parent":{"__id__":2},"_level":2,"_components":[{"__type__":"cc.Widget","node":{"__id__":19},"alignMode":2,"_alignFlags":41,"_top":374},{"__type__":"cc.Layout","node":{"__id__":19},"_layoutSize":{"__type__":"cc.Size","width":750,"height":90},"_resize":1,"_N$layoutType":2}],"_contentSize":{"__type__":"cc.Size","width":750,"height":90},"_position":{"__type__":"cc.Vec3","y":248},"_scale":{"__type__":"cc.Vec3","x":1,"y":1,"z":1}},{"__type__":"cc.Node","_name":"BindPhoneBtn","_parent":{"__id__":2},"_children":[{"__id__":21},{"__id__":22}],"_active":false,"_level":2,"_components":[{"__type__":"cc.Sprite","node":{"__id__":20},"_type":1,"_sizeMode":0},{"__type__":"cc.Button","node":{"__id__":20},"pressedColor":{"__type__":"cc.Color","r":255,"g":255,"b":255},"clickEvents":[{"__type__":"cc.ClickEvent","target":{"__id__":2},"component":"PersonalCenter","handler":"bindPhoneBtnClick","customEventData":"true"}],"_N$normalColor":{"__type__":"cc.Color","r":255,"g":255,"b":255},"_N$disabledColor":{"__type__":"cc.Color","r":255,"g":255,"b":255},"_N$normalSprite":{"__uuid__":"f0BIwQ8D5Ml7nTNQbh1YlS"},"_N$pressedSprite":{"__uuid__":"e97GVMl6JHh5Ml5qEDdSGa"},"pressedSprite":{"__uuid__":"e97GVMl6JHh5Ml5qEDdSGa"},"_N$hoverSprite":{"__uuid__":"f0BIwQ8D5Ml7nTNQbh1YlS"},"hoverSprite":{"__uuid__":"f0BIwQ8D5Ml7nTNQbh1YlS"},"_N$disabledSprite":{"__uuid__":"29FYIk+N1GYaeWH/q1NxQO"},"_N$target":{"__id__":20}},{"__type__":"cc.Widget","node":{"__id__":20},"_alignFlags":20,"_bottom":240}],"_contentSize":{"__type__":"cc.Size","width":350,"height":50},"_position":{"__type__":"cc.Vec3","y":-402},"_scale":{"__type__":"cc.Vec3","x":1,"y":1,"z":1}},{"__type__":"cc.Node","_name":"Label","_parent":{"__id__":20},"_components":[{"__type__":"cc.Label","node":{"__id__":21},"_srcBlendFactor":1,"_useOriginalSize":false,"_string":"绑定手机号获取更多权益","_N$string":"绑定手机号获取更多权益","_fontSize":30,"_lineHeight":30,"_enableWrapText":false,"_N$horizontalAlign":1,"_N$verticalAlign":1,"_N$overflow":1},{"__type__":"cc.Widget","node":{"__id__":21},"_alignFlags":45,"_left":10,"_right":10,"_originalWidth":100,"_originalHeight":40}],"_color":{"__type__":"cc.Color","r":254,"g":183,"b":3},"_contentSize":{"__type__":"cc.Size","width":330,"height":50},"_scale":{"__type__":"cc.Vec3","x":1,"y":1,"z":1}},{"__type__":"cc.Node","_name":"Line","_parent":{"__id__":20},"_level":3,"_components":[{"__type__":"cc.Sprite","node":{"__id__":22},"_spriteFrame":{"__uuid__":"a2MjXRFdtLlYQ5ouAFv/+R"},"_sizeMode":0},{"__type__":"cc.Widget","node":{"__id__":22},"alignMode":2,"_alignFlags":44,"_left":10,"_right":10,"_bottom":-0.5,"_originalWidth":100}],"_color":{"__type__":"cc.Color","r":254,"g":183,"b":3},"_contentSize":{"__type__":"cc.Size","width":330,"height":2},"_position":{"__type__":"cc.Vec3","y":-24.5},"_scale":{"__type__":"cc.Vec3","x":1,"y":1,"z":1}},{"__type__":"cc.Node","_name":"BindPhoneMarkLabel","_parent":{"__id__":2},"_active":false,"_level":2,"_components":[{"__type__":"cc.Label","node":{"__id__":23},"_srcBlendFactor":1,"_useOriginalSize":false,"_string":"绑定后，在使用橙啦App、橙啦商城时可直接登录，如果\n已经注册橙啦App，请绑定同一个手机号","_N$string":"绑定后，在使用橙啦App、橙啦商城时可直接登录，如果\n已经注册橙啦App，请绑定同一个手机号","_fontSize":20,"_lineHeight":24,"_N$horizontalAlign":1,"_N$verticalAlign":1},{"__type__":"cc.Widget","node":{"__id__":23},"_alignFlags":44,"_left":9.999999999999972,"_right":9.999999999999972,"_bottom":156,"_originalWidth":495.59}],"_color":{"__type__":"cc.Color","r":74,"g":74,"b":74},"_contentSize":{"__type__":"cc.Size","width":495.59,"height":48},"_position":{"__type__":"cc.Vec3","y":-487},"_scale":{"__type__":"cc.Vec3","x":1,"y":1,"z":1}}],{"__type__":"cc.SpriteFrame","content":{"name":"personal_center_shop","texture":"2fbiPlf8tF5oKjtp4yAIFu","rect":[4,3,50,50],"offset":[0,1],"originalSize":[58,58],"capInsets":[0,0,0,0]}},{"__type__":"cc.SpriteFrame","content":{"name":"default_btn_pressed","texture":"b4P/PCArtIdIH38t6mlw8Y","rect":[0,0,40,40],"offset":[0,0],"originalSize":[40,40],"capInsets":[12,12,12,12]}},{"__type__":"cc.SpriteFrame","content":{"name":"default_btn_normal","texture":"e8Ueib+qJEhL6mXAHdnwbi","rect":[0,0,40,40],"offset":[0,0],"originalSize":[40,40],"capInsets":[12,12,12,12]}},{"__type__":"cc.SpriteFrame","content":{"name":"personal_center_detail_arrow","texture":"bb4RRYEtFN4aSESG8LRDsV","rect":[0,0,20,34],"offset":[0,0],"originalSize":[20,34],"capInsets":[0,0,0,0]}},{"__type__":"cc.SpriteFrame","content":{"name":"personal_center_feedback","texture":"99eQMNZ99Co7m2NCzmuun/","rect":[4,8,51,47],"offset":[0.5,-2.5],"originalSize":[58,58],"capInsets":[0,0,0,0]}}]