[{"__type__":"cc.SpriteFrame","content":{"name":"box_front","texture":"a6y9rlYudLVo0UOsKehsS/","rect":[0,0,149,130],"offset":[0,0],"originalSize":[149,130],"capInsets":[0,0,0,0]}},{"__type__":"cc.AudioClip","_name":"reward_add_money","_native":".mp3"},{"__type__":"cc.SpriteFrame","content":{"name":"white_bg","texture":"11+MH+mEdPXZmm6UnzsvES","rect":[0,0,490,286],"offset":[0,0],"originalSize":[490,286],"capInsets":[0,0,0,0]}},{"__type__":"cc.SpriteFrame","content":{"name":"study_award_box","texture":"3eL0qVTQNDxI9e+Z2oCxrR","rect":[0,0,149,163],"offset":[0,0],"originalSize":[149,163],"capInsets":[0,0,0,0]}},{"__type__":"cc.SpriteFrame","content":{"name":"005","texture":"actpitlD5PKIKzyH3jyjoG","rect":[0,0,200,200],"offset":[0,0],"originalSize":[200,200],"capInsets":[0,0,0,0]}},{"__type__":"cc.SpriteFrame","content":{"name":"default_btn_disabled","texture":"71VhFCTINJM6/Ky3oX9nBT","rect":[0,0,40,40],"offset":[0,0],"originalSize":[40,40],"capInsets":[12,12,12,12]}},{"__type__":"cc.AnimationClip","_name":"StudyAwardStarAnimation","_duration":1,"sample":30,"speed":3.5,"curveData":{"props":{"scale":[{"frame":0,"value":{"__type__":"cc.Vec2","x":2,"y":2},"curve":"cubicOut"},{"frame":1,"value":{"__type__":"cc.Vec2","x":1,"y":1}}],"opacity":[{"frame":0,"value":100,"curve":"cubicOut"},{"frame":1,"value":255}],"rotation":[{"frame":0,"value":-270},{"frame":1,"value":0}]},"paths":{}},"events":[{"frame":1,"func":"starAnimComplete","params":[true]}]},{"__type__":"cc.SpriteFrame","content":{"name":"help_mask","texture":"e3eNk7LfdErJ6E6xdx4k4g","rect":[0,0,2,2],"offset":[0,0],"originalSize":[2,2],"capInsets":[0,0,0,0]}},{"__type__":"cc.AudioClip","_name":"reward_open","_native":".mp3"},{"__type__":"cc.SpriteFrame","content":{"name":"blue_star","texture":"5a1KbeCkNKJrFAxYnsHK67","rect":[3,6,193,184],"offset":[-0.5,2],"originalSize":[200,200],"capInsets":[0,0,0,0]}},{"__type__":"cc.AudioClip","_name":"reward_open_box","_native":".mp3"},{"__type__":"cc.SpriteFrame","content":{"name":"box_arua_bg","texture":"f2tLp5NnJFBJrL8pkYxM5t","rect":[0,0,551,557],"offset":[0,0],"originalSize":[551,557],"capInsets":[0,0,0,0]}},{"__type__":"cc.SpriteFrame","content":{"name":"money_help_word","texture":"81PlzZ0+JBYJC8sSyJ/jXt","rect":[0,0,392,78],"offset":[0,0],"originalSize":[392,78],"capInsets":[0,0,0,0]}},[{"__type__":"cc.SceneAsset","_name":"TollGateAward","scene":{"__id__":1},"asyncLoadAssets":null},{"__type__":"cc.Scene","_name":"New Node","_children":[{"__id__":2}],"_anchorPoint":{"__type__":"cc.Vec2"},"_scale":{"__type__":"cc.Vec3","x":0.4362818590704648,"y":0.4362818590704648,"z":1},"autoReleaseAssets":false},{"__type__":"cc.Node","_name":"Canvas","_parent":{"__id__":1},"_children":[{"__id__":3},{"__id__":4},{"__id__":6},{"__id__":7},{"__id__":8},{"__id__":9},{"__id__":10},{"__id__":34},{"__id__":43},{"__id__":45},{"__id__":49},{"__id__":52},{"__id__":55},{"__id__":58}],"_level":1,"_components":[{"__type__":"cc.Canvas","node":{"__id__":2},"_designResolution":{"__type__":"cc.Size","width":750,"height":1334}},{"__type__":"b5e05wkd51IEov/XF3zKUFU","node":{"__id__":2},"leftStarSprite":{"__id__":36},"middleStarSprite":{"__id__":38},"rightStarSprite":{"__id__":40},"scaleStarSprite":{"__id__":42},"markLabel":{"__id__":44},"combatNumberLabel":{"__id__":48},"boxAuraSprite":{"__id__":12},"boxAuraBgSprite":{"__id__":14},"leftBoxBtn":{"__id__":18},"middleBoxBtn":{"__id__":26},"rightBoxBtn":{"__id__":22},"moneySprite":{"__id__":31},"addMoneySprite":{"__id__":33},"moneyMarkLabel":{"__id__":28},"shareBtn":{"__id__":51},"posterBtn":{"__id__":54},"thanksBtn":{"__id__":57},"helpView":{"__id__":58},"helpCenterMask":{"__id__":62},"helpRightMask":{"__id__":67},"helpLeftMask":{"__id__":65},"openAudioClip":{"__uuid__":"49l2/tB/BFF5Jl97pC1KG8"},"starAudioClip":{"__uuid__":"d4VuKsqzJIC6GouQGXCFKI"},"clickBoxAudioClip":{"__uuid__":"f3G6EP8jBKHJvOkE47Ww9Y"},"openBoxAudioClip":{"__uuid__":"4dWPjT6lVFz70CCwCFbUPm"},"addMoneyAudioClip":{"__uuid__":"13fuuawchDu4269FrQScE1"}}],"_contentSize":{"__type__":"cc.Size","width":750,"height":1334},"_position":{"__type__":"cc.Vec3","x":375,"y":667},"_scale":{"__type__":"cc.Vec3","x":1,"y":1,"z":1},"_id":"67HvbFbeVHOqhmgjx9xzDb"},{"__type__":"cc.Node","_name":"Main Camera","_parent":{"__id__":2},"_level":2,"_components":[{"__type__":"cc.Camera","node":{"__id__":3},"_clearFlags":7,"_backgroundColor":{"__type__":"cc.Color","r":252,"g":249,"b":238},"_depth":-1}],"_scale":{"__type__":"cc.Vec3","x":1,"y":1,"z":1}},{"__type__":"cc.Node","_name":"BackBtn","_parent":{"__id__":2},"_children":[{"__id__":5}],"_level":2,"_components":[{"__type__":"cc.Button","node":{"__id__":4},"pressedColor":{"__type__":"cc.Color","r":255,"g":255,"b":255},"clickEvents":[{"__type__":"cc.ClickEvent","target":{"__id__":2},"component":"TollGateAward","handler":"backBtnClick","customEventData":"true"}],"_N$normalColor":{"__type__":"cc.Color","r":255,"g":255,"b":255},"_N$disabledColor":{"__type__":"cc.Color","r":255,"g":255,"b":255},"_N$pressedSprite":{"__uuid__":"e97GVMl6JHh5Ml5qEDdSGa"},"pressedSprite":{"__uuid__":"e97GVMl6JHh5Ml5qEDdSGa"},"_N$hoverSprite":{"__uuid__":"f0BIwQ8D5Ml7nTNQbh1YlS"},"hoverSprite":{"__uuid__":"f0BIwQ8D5Ml7nTNQbh1YlS"},"_N$disabledSprite":{"__uuid__":"29FYIk+N1GYaeWH/q1NxQO"},"_N$target":{"__id__":4}},{"__type__":"cc.Widget","node":{"__id__":4},"alignMode":2,"_alignFlags":9,"_left":20,"_top":55}],"_contentSize":{"__type__":"cc.Size","width":50,"height":50},"_position":{"__type__":"cc.Vec3","x":-330,"y":587},"_scale":{"__type__":"cc.Vec3","x":1,"y":1,"z":1}},{"__type__":"cc.Node","_name":"Sprite","_parent":{"__id__":4},"_level":4,"_components":[{"__type__":"cc.Sprite","node":{"__id__":5},"_spriteFrame":{"__uuid__":"83jl2tL11O4KOcaqrDgUjB"}},{"__type__":"cc.Widget","node":{"__id__":5},"alignMode":2,"_alignFlags":18}],"_contentSize":{"__type__":"cc.Size","width":20,"height":34},"_scale":{"__type__":"cc.Vec3","x":1,"y":1,"z":1}},{"__type__":"cc.Node","_name":"OrangeParticle","_parent":{"__id__":2},"_level":2,"_components":[{"__type__":"cc.ParticleSystem","node":{"__id__":6},"_custom":true,"_spriteFrame":{"__uuid__":"e8lYjD2GNCbLELs2u/SkW9"},"totalParticles":60,"duration":2,"emissionRate":30,"life":2,"lifeVar":1,"_startColor":{"__type__":"cc.Color","r":246,"g":174,"b":9},"_startColorVar":{"__type__":"cc.Color","a":0},"_endColor":{"__type__":"cc.Color","r":255,"g":255,"b":255,"a":0},"_endColorVar":{"__type__":"cc.Color","a":0},"angle":0,"angleVar":360,"startSize":30,"startSizeVar":60,"endSize":30,"endSizeVar":60,"startSpin":60,"startSpinVar":60,"endSpin":60,"endSpinVar":60,"posVar":{"__type__":"cc.Vec2","x":10,"y":10},"positionType":1,"speed":300,"speedVar":80,"tangentialAccel":0}],"_contentSize":{"__type__":"cc.Size","width":100,"height":100},"_position":{"__type__":"cc.Vec3","x":-160,"y":450},"_scale":{"__type__":"cc.Vec3","x":1,"y":1,"z":1}},{"__type__":"cc.Node","_name":"ColourParticle","_parent":{"__id__":2},"_level":2,"_components":[{"__type__":"cc.ParticleSystem","node":{"__id__":7},"_custom":true,"_spriteFrame":{"__uuid__":"1fMX3/WqJEwLAUuBtyL+zi"},"totalParticles":60,"duration":2,"emissionRate":25,"life":2,"lifeVar":1,"_startColor":{"__type__":"cc.Color","r":255,"g":255,"b":255},"_startColorVar":{"__type__":"cc.Color","a":0},"_endColor":{"__type__":"cc.Color","r":255,"g":255,"b":255,"a":0},"_endColorVar":{"__type__":"cc.Color","a":0},"angle":0,"angleVar":360,"startSize":20,"startSizeVar":40,"endSize":20,"endSizeVar":40,"startSpin":60,"startSpinVar":60,"endSpin":60,"endSpinVar":60,"posVar":{"__type__":"cc.Vec2","x":10,"y":10},"positionType":1,"speed":300,"speedVar":80,"tangentialAccel":0}],"_contentSize":{"__type__":"cc.Size","width":100,"height":100},"_position":{"__type__":"cc.Vec3","x":9,"y":450},"_scale":{"__type__":"cc.Vec3","x":1,"y":1,"z":1}},{"__type__":"cc.Node","_name":"RedParticle","_parent":{"__id__":2},"_level":2,"_components":[{"__type__":"cc.ParticleSystem","node":{"__id__":8},"_custom":true,"_spriteFrame":{"__uuid__":"951Q55EE5JqoA3qV0ESHum"},"totalParticles":60,"duration":2,"emissionRate":30,"life":2,"lifeVar":1,"_startColor":{"__type__":"cc.Color","r":255,"g":255,"b":255},"_startColorVar":{"__type__":"cc.Color","a":0},"_endColor":{"__type__":"cc.Color","r":255,"g":255,"b":255,"a":0},"_endColorVar":{"__type__":"cc.Color","a":0},"angle":0,"angleVar":360,"startSize":20,"startSizeVar":10,"endSize":20,"endSizeVar":5,"startSpin":60,"startSpinVar":60,"endSpin":60,"endSpinVar":60,"posVar":{"__type__":"cc.Vec2","x":10,"y":10},"positionType":1,"speed":300,"speedVar":80,"tangentialAccel":0}],"_contentSize":{"__type__":"cc.Size","width":100,"height":100},"_position":{"__type__":"cc.Vec3","x":9,"y":450},"_scale":{"__type__":"cc.Vec3","x":1,"y":1,"z":1}},{"__type__":"cc.Node","_name":"BlueParticle","_parent":{"__id__":2},"_level":2,"_components":[{"__type__":"cc.ParticleSystem","node":{"__id__":9},"_custom":true,"_spriteFrame":{"__uuid__":"498IySew5Iprtz1bBZyMTm"},"totalParticles":60,"duration":2,"emissionRate":30,"life":2,"lifeVar":1,"_startColor":{"__type__":"cc.Color","r":255,"g":255,"b":255},"_startColorVar":{"__type__":"cc.Color","a":0},"_endColor":{"__type__":"cc.Color","r":255,"g":255,"b":255,"a":0},"_endColorVar":{"__type__":"cc.Color","a":0},"angleVar":270,"startSize":30,"startSizeVar":60,"endSize":30,"endSizeVar":30,"startSpin":60,"startSpinVar":60,"endSpin":60,"endSpinVar":60,"posVar":{"__type__":"cc.Vec2","x":10,"y":10},"positionType":1,"speed":300,"speedVar":80,"tangentialAccel":0}],"_contentSize":{"__type__":"cc.Size","width":100,"height":100},"_position":{"__type__":"cc.Vec3","x":160,"y":450},"_scale":{"__type__":"cc.Vec3","x":1,"y":1,"z":1}},{"__type__":"cc.Node","_name":"BoxBg","_parent":{"__id__":2},"_children":[{"__id__":11},{"__id__":13},{"__id__":15},{"__id__":19},{"__id__":23},{"__id__":27},{"__id__":29},{"__id__":32}],"_level":2,"_components":[{"__type__":"cc.Widget","node":{"__id__":10},"alignMode":2,"_alignFlags":41,"_top":553,"_originalWidth":632}],"_contentSize":{"__type__":"cc.Size","width":750,"height":422},"_position":{"__type__":"cc.Vec3","y":-97},"_scale":{"__type__":"cc.Vec3","x":1,"y":1,"z":1}},{"__type__":"cc.Node","_name":"BoxBgAura","_parent":{"__id__":10},"_active":false,"_level":3,"_components":[{"__id__":12}],"_contentSize":{"__type__":"cc.Size","width":142,"height":141},"_position":{"__type__":"cc.Vec3","y":20},"_scale":{"__type__":"cc.Vec3","x":3,"y":3,"z":1}},{"__type__":"cc.Sprite","node":{"__id__":11},"_spriteFrame":{"__uuid__":"dfJ9LVUA1IhKfugaw/wKs6"},"_sizeMode":0},{"__type__":"cc.Node","_name":"BoxAura","_parent":{"__id__":10},"_active":false,"_level":3,"_components":[{"__id__":14}],"_contentSize":{"__type__":"cc.Size","width":142,"height":141},"_position":{"__type__":"cc.Vec3","y":20},"_scale":{"__type__":"cc.Vec3","x":4,"y":4,"z":1}},{"__type__":"cc.Sprite","node":{"__id__":13},"_spriteFrame":{"__uuid__":"531JVOU21EZ7Ne1vwe/BZy"},"_sizeMode":0},{"__type__":"cc.Node","_name":"LeftBoxBtn","_parent":{"__id__":10},"_children":[{"__id__":16},{"__id__":17}],"_active":false,"_level":3,"_components":[{"__type__":"cc.Sprite","node":{"__id__":15},"_spriteFrame":{"__uuid__":"1b+xAaVxxI/LSTi/5Icc6t"},"_type":1,"_sizeMode":0},{"__id__":18},{"__type__":"cc.Widget","node":{"__id__":15},"_alignFlags":16,"_horizontalCenter":-0.3,"_isAbsHorizontalCenter":false}],"_contentSize":{"__type__":"cc.Size","width":149,"height":163},"_position":{"__type__":"cc.Vec3","x":-225},"_scale":{"__type__":"cc.Vec3","x":0.2,"y":0.2,"z":1}},{"__type__":"cc.Node","_name":"Back","_parent":{"__id__":15},"_active":false,"_level":4,"_components":[{"__type__":"cc.Sprite","node":{"__id__":16},"_spriteFrame":{"__uuid__":"95G5WUXd5KbZa75KhjZ7Yl"},"_sizeMode":0},{"__type__":"cc.Widget","node":{"__id__":16},"alignMode":2,"_alignFlags":44,"_bottom":0.56,"_isAbsBottom":false,"_originalWidth":156}],"_contentSize":{"__type__":"cc.Size","width":149,"height":110},"_position":{"__type__":"cc.Vec3","y":64.78000000000002},"_scale":{"__type__":"cc.Vec3","x":1,"y":1,"z":1}},{"__type__":"cc.Node","_name":"Front","_parent":{"__id__":15},"_active":false,"_level":4,"_components":[{"__type__":"cc.Sprite","node":{"__id__":17},"_spriteFrame":{"__uuid__":"0e8h/PV9FAwYNzR8P87L53"},"_sizeMode":0},{"__type__":"cc.Widget","node":{"__id__":17},"alignMode":2,"_alignFlags":45,"_top":0.2,"_isAbsTop":false,"_originalWidth":156,"_originalHeight":130}],"_contentSize":{"__type__":"cc.Size","width":149,"height":130.4},"_position":{"__type__":"cc.Vec3","y":-16.299999999999997},"_scale":{"__type__":"cc.Vec3","x":1,"y":1,"z":1}},{"__type__":"cc.Button","node":{"__id__":15},"pressedColor":{"__type__":"cc.Color","r":255,"g":255,"b":255},"zoomScale":1.02,"clickEvents":[{"__type__":"cc.ClickEvent","target":{"__id__":2},"component":"TollGateAward","handler":"leftBoxClick"}],"_N$normalColor":{"__type__":"cc.Color","r":255,"g":255,"b":255},"_N$disabledColor":{"__type__":"cc.Color","r":255,"g":255,"b":255},"_N$pressedSprite":{"__uuid__":"e97GVMl6JHh5Ml5qEDdSGa"},"pressedSprite":{"__uuid__":"e97GVMl6JHh5Ml5qEDdSGa"},"_N$hoverSprite":{"__uuid__":"f0BIwQ8D5Ml7nTNQbh1YlS"},"hoverSprite":{"__uuid__":"f0BIwQ8D5Ml7nTNQbh1YlS"},"_N$disabledSprite":{"__uuid__":"29FYIk+N1GYaeWH/q1NxQO"},"_N$target":{"__id__":15}},{"__type__":"cc.Node","_name":"RightBoxBtn","_parent":{"__id__":10},"_children":[{"__id__":20},{"__id__":21}],"_active":false,"_level":3,"_components":[{"__type__":"cc.Sprite","node":{"__id__":19},"_spriteFrame":{"__uuid__":"1b+xAaVxxI/LSTi/5Icc6t"},"_type":1,"_sizeMode":0},{"__id__":22},{"__type__":"cc.Widget","node":{"__id__":19},"_alignFlags":16,"_horizontalCenter":0.3,"_isAbsHorizontalCenter":false}],"_contentSize":{"__type__":"cc.Size","width":149,"height":163},"_position":{"__type__":"cc.Vec3","x":187.5},"_scale":{"__type__":"cc.Vec3","x":0.2,"y":0.2,"z":1}},{"__type__":"cc.Node","_name":"Back","_parent":{"__id__":19},"_active":false,"_level":4,"_components":[{"__type__":"cc.Sprite","node":{"__id__":20},"_spriteFrame":{"__uuid__":"95G5WUXd5KbZa75KhjZ7Yl"},"_sizeMode":0},{"__type__":"cc.Widget","node":{"__id__":20},"alignMode":2,"_alignFlags":44,"_bottom":0.56,"_isAbsBottom":false,"_originalWidth":156}],"_contentSize":{"__type__":"cc.Size","width":149,"height":110},"_position":{"__type__":"cc.Vec3","y":85.5},"_scale":{"__type__":"cc.Vec3","x":1,"y":1,"z":1}},{"__type__":"cc.Node","_name":"Front","_parent":{"__id__":19},"_active":false,"_level":4,"_components":[{"__type__":"cc.Sprite","node":{"__id__":21},"_spriteFrame":{"__uuid__":"0e8h/PV9FAwYNzR8P87L53"},"_sizeMode":0},{"__type__":"cc.Widget","node":{"__id__":21},"alignMode":2,"_alignFlags":45,"_top":0.2,"_isAbsTop":false,"_originalWidth":156,"_originalHeight":130}],"_contentSize":{"__type__":"cc.Size","width":149,"height":130},"_position":{"__type__":"cc.Vec3","y":-17},"_scale":{"__type__":"cc.Vec3","x":1,"y":1,"z":1}},{"__type__":"cc.Button","node":{"__id__":19},"pressedColor":{"__type__":"cc.Color","r":255,"g":255,"b":255},"zoomScale":1.02,"clickEvents":[{"__type__":"cc.ClickEvent","target":{"__id__":2},"component":"TollGateAward","handler":"rightBoxClick"}],"_N$normalColor":{"__type__":"cc.Color","r":255,"g":255,"b":255},"_N$disabledColor":{"__type__":"cc.Color","r":255,"g":255,"b":255},"_N$pressedSprite":{"__uuid__":"e97GVMl6JHh5Ml5qEDdSGa"},"pressedSprite":{"__uuid__":"e97GVMl6JHh5Ml5qEDdSGa"},"_N$hoverSprite":{"__uuid__":"f0BIwQ8D5Ml7nTNQbh1YlS"},"hoverSprite":{"__uuid__":"f0BIwQ8D5Ml7nTNQbh1YlS"},"_N$disabledSprite":{"__uuid__":"29FYIk+N1GYaeWH/q1NxQO"},"_N$target":{"__id__":19}},{"__type__":"cc.Node","_name":"MiddleBoxBtn","_parent":{"__id__":10},"_children":[{"__id__":24},{"__id__":25}],"_active":false,"_level":3,"_components":[{"__type__":"cc.Sprite","node":{"__id__":23},"_spriteFrame":{"__uuid__":"1b+xAaVxxI/LSTi/5Icc6t"},"_sizeMode":0},{"__id__":26}],"_contentSize":{"__type__":"cc.Size","width":149,"height":163},"_scale":{"__type__":"cc.Vec3","x":0.2,"y":0.2,"z":1}},{"__type__":"cc.Node","_name":"Back","_parent":{"__id__":23},"_active":false,"_level":4,"_components":[{"__type__":"cc.Sprite","node":{"__id__":24},"_spriteFrame":{"__uuid__":"95G5WUXd5KbZa75KhjZ7Yl"},"_sizeMode":0},{"__type__":"cc.Widget","node":{"__id__":24},"alignMode":2,"_alignFlags":44,"_top":0.2,"_bottom":0.56,"_isAbsTop":false,"_isAbsBottom":false,"_originalWidth":156,"_originalHeight":110}],"_contentSize":{"__type__":"cc.Size","width":149,"height":110},"_position":{"__type__":"cc.Vec3","y":64.78000000000002},"_scale":{"__type__":"cc.Vec3","x":1,"y":1,"z":1}},{"__type__":"cc.Node","_name":"Front","_parent":{"__id__":23},"_active":false,"_level":4,"_components":[{"__type__":"cc.Sprite","node":{"__id__":25},"_spriteFrame":{"__uuid__":"0e8h/PV9FAwYNzR8P87L53"},"_sizeMode":0},{"__type__":"cc.Widget","node":{"__id__":25},"alignMode":2,"_alignFlags":45,"_top":0.2,"_isAbsTop":false,"_originalWidth":156,"_originalHeight":130}],"_contentSize":{"__type__":"cc.Size","width":149,"height":130.4},"_position":{"__type__":"cc.Vec3","y":-16.299999999999997},"_scale":{"__type__":"cc.Vec3","x":1,"y":1,"z":1}},{"__type__":"cc.Button","node":{"__id__":23},"pressedColor":{"__type__":"cc.Color","r":255,"g":255,"b":255},"zoomScale":1.02,"clickEvents":[{"__type__":"cc.ClickEvent","target":{"__id__":2},"component":"TollGateAward","handler":"middleBoxClick"}],"_N$normalColor":{"__type__":"cc.Color","r":255,"g":255,"b":255},"_N$disabledColor":{"__type__":"cc.Color","r":255,"g":255,"b":255},"_N$pressedSprite":{"__uuid__":"e97GVMl6JHh5Ml5qEDdSGa"},"pressedSprite":{"__uuid__":"e97GVMl6JHh5Ml5qEDdSGa"},"_N$hoverSprite":{"__uuid__":"f0BIwQ8D5Ml7nTNQbh1YlS"},"hoverSprite":{"__uuid__":"f0BIwQ8D5Ml7nTNQbh1YlS"},"_N$disabledSprite":{"__uuid__":"29FYIk+N1GYaeWH/q1NxQO"},"_N$target":{"__id__":23}},{"__type__":"cc.Node","_name":"MarkLabel","_parent":{"__id__":10},"_level":3,"_components":[{"__id__":28},{"__type__":"cc.Widget","node":{"__id__":27},"alignMode":2,"_alignFlags":44,"_left":60,"_right":60,"_bottom":20,"_originalWidth":432}],"_color":{"__type__":"cc.Color","r":253,"g":109,"b":39},"_contentSize":{"__type__":"cc.Size","width":630,"height":36},"_position":{"__type__":"cc.Vec3","y":-173},"_scale":{"__type__":"cc.Vec3","x":1,"y":1,"z":1}},{"__type__":"cc.Label","node":{"__id__":27},"_srcBlendFactor":1,"_useOriginalSize":false,"_string":"选择一个宝箱作为奖励吧！","_N$string":"选择一个宝箱作为奖励吧！","_fontSize":36,"_lineHeight":36,"_enableWrapText":false,"_N$horizontalAlign":1,"_N$verticalAlign":1,"_N$overflow":2},{"__type__":"cc.Node","_name":"MoneySprite","_parent":{"__id__":10},"_children":[{"__id__":30}],"_active":false,"_level":3,"_components":[{"__id__":31},{"__type__":"cc.Widget","node":{"__id__":29},"alignMode":2,"_alignFlags":18,"_verticalCenter":215,"_horizontalCenter":-25}],"_contentSize":{"__type__":"cc.Size","width":40,"height":40},"_position":{"__type__":"cc.Vec3","x":-25,"y":215},"_scale":{"__type__":"cc.Vec3","x":1,"y":1,"z":1}},{"__type__":"cc.Node","_name":"Label","_parent":{"__id__":29},"_level":5,"_components":[{"__type__":"cc.Label","node":{"__id__":30},"_srcBlendFactor":1,"_useOriginalSize":false,"_string":"+0","_N$string":"+0","_fontSize":43,"_lineHeight":43,"_N$horizontalAlign":1,"_N$verticalAlign":1},{"__type__":"cc.Widget","node":{"__id__":30},"alignMode":2,"_alignFlags":10,"_left":50,"_right":45,"_originalWidth":49.03}],"_color":{"__type__":"cc.Color","r":253,"g":109,"b":39},"_contentSize":{"__type__":"cc.Size","width":49.03,"height":43},"_position":{"__type__":"cc.Vec3","x":54.515},"_scale":{"__type__":"cc.Vec3","x":1,"y":1,"z":1}},{"__type__":"cc.Sprite","node":{"__id__":29},"_spriteFrame":{"__uuid__":"61Y1OMhQlJ8pCUu58jhYZc"},"_sizeMode":0},{"__type__":"cc.Node","_name":"AddMoneySprite","_parent":{"__id__":10},"_active":false,"_level":3,"_components":[{"__id__":33}],"_contentSize":{"__type__":"cc.Size","width":40,"height":40},"_position":{"__type__":"cc.Vec3","y":60},"_scale":{"__type__":"cc.Vec3","x":1,"y":1,"z":1}},{"__type__":"cc.Sprite","node":{"__id__":32},"_spriteFrame":{"__uuid__":"61Y1OMhQlJ8pCUu58jhYZc"}},{"__type__":"cc.Node","_name":"StarBg","_parent":{"__id__":2},"_children":[{"__id__":35},{"__id__":37},{"__id__":39},{"__id__":41}],"_level":2,"_components":[{"__type__":"cc.Sprite","node":{"__id__":34},"_spriteFrame":{"__uuid__":"dc3kYDmxlPWIDTfWLe4Vc1"},"_sizeMode":0},{"__type__":"cc.Widget","node":{"__id__":34},"alignMode":2,"_alignFlags":41,"_top":115,"_originalWidth":867}],"_contentSize":{"__type__":"cc.Size","width":750,"height":244},"_position":{"__type__":"cc.Vec3","y":430},"_scale":{"__type__":"cc.Vec3","x":1,"y":1,"z":1}},{"__type__":"cc.Node","_name":"LeftStar","_parent":{"__id__":34},"_active":false,"_level":3,"_components":[{"__id__":36},{"__type__":"cc.Widget","node":{"__id__":35},"alignMode":2,"_alignFlags":18,"_verticalCenter":25,"_horizontalCenter":-140},{"__type__":"cc.Animation","node":{"__id__":35},"_defaultClip":{"__uuid__":"2dci3+FyBI3LbMfz6n23uW"},"_clips":[{"__uuid__":"2dci3+FyBI3LbMfz6n23uW"}]},{"__type__":"5440aTIT2NECbYKBtipERGw","node":{"__id__":35}}],"_contentSize":{"__type__":"cc.Size","width":139,"height":134},"_position":{"__type__":"cc.Vec3","x":-140,"y":5},"_scale":{"__type__":"cc.Vec3","x":1,"y":1,"z":1}},{"__type__":"cc.Sprite","node":{"__id__":35},"_spriteFrame":{"__uuid__":"e6kHBJenlHKah3KZxWZZWA"},"_sizeMode":0},{"__type__":"cc.Node","_name":"MiddleStar","_parent":{"__id__":34},"_active":false,"_level":3,"_components":[{"__id__":38},{"__type__":"cc.Widget","node":{"__id__":37},"alignMode":2,"_alignFlags":18,"_verticalCenter":20},{"__type__":"cc.Animation","node":{"__id__":37},"_defaultClip":{"__uuid__":"2dci3+FyBI3LbMfz6n23uW"},"_clips":[{"__uuid__":"2dci3+FyBI3LbMfz6n23uW"}]},{"__type__":"5440aTIT2NECbYKBtipERGw","node":{"__id__":37}}],"_contentSize":{"__type__":"cc.Size","width":139,"height":134},"_scale":{"__type__":"cc.Vec3","x":1,"y":1,"z":1}},{"__type__":"cc.Sprite","node":{"__id__":37},"_spriteFrame":{"__uuid__":"e6kHBJenlHKah3KZxWZZWA"},"_sizeMode":0},{"__type__":"cc.Node","_name":"RightStar","_parent":{"__id__":34},"_active":false,"_level":3,"_components":[{"__id__":40},{"__type__":"cc.Widget","node":{"__id__":39},"alignMode":2,"_alignFlags":18,"_verticalCenter":20,"_horizontalCenter":140},{"__type__":"cc.Animation","node":{"__id__":39},"_defaultClip":{"__uuid__":"2dci3+FyBI3LbMfz6n23uW"},"_clips":[{"__uuid__":"2dci3+FyBI3LbMfz6n23uW"}]},{"__type__":"5440aTIT2NECbYKBtipERGw","node":{"__id__":39}}],"_contentSize":{"__type__":"cc.Size","width":139,"height":134},"_position":{"__type__":"cc.Vec3","x":140,"y":5},"_scale":{"__type__":"cc.Vec3","x":1,"y":1,"z":1}},{"__type__":"cc.Sprite","node":{"__id__":39},"_spriteFrame":{"__uuid__":"e6kHBJenlHKah3KZxWZZWA"},"_sizeMode":0},{"__type__":"cc.Node","_name":"ScaleStar","_parent":{"__id__":34},"_active":false,"_level":3,"_components":[{"__id__":42},{"__type__":"cc.Widget","node":{"__id__":41},"alignMode":2,"_alignFlags":18,"_verticalCenter":40},{"__type__":"cc.Animation","node":{"__id__":41},"_defaultClip":{"__uuid__":"c7E7/DkhJMKocyxIEO0rKK"},"_clips":[{"__uuid__":"c7E7/DkhJMKocyxIEO0rKK"}]}],"_contentSize":{"__type__":"cc.Size","width":139,"height":134},"_position":{"__type__":"cc.Vec3","y":40},"_scale":{"__type__":"cc.Vec3","x":1,"y":1,"z":1}},{"__type__":"cc.Sprite","node":{"__id__":41},"_spriteFrame":{"__uuid__":"e6kHBJenlHKah3KZxWZZWA"},"_sizeMode":0},{"__type__":"cc.Node","_name":"MarkLabel","_parent":{"__id__":2},"_level":2,"_components":[{"__id__":44},{"__type__":"cc.Widget","node":{"__id__":43},"alignMode":2,"_alignFlags":41,"_left":60,"_right":60,"_top":392,"_originalWidth":300}],"_color":{"__type__":"cc.Color","r":74,"g":74,"b":74},"_contentSize":{"__type__":"cc.Size","width":630,"height":60},"_position":{"__type__":"cc.Vec3","y":245},"_scale":{"__type__":"cc.Vec3","x":1,"y":1,"z":1}},{"__type__":"cc.Label","node":{"__id__":43},"_srcBlendFactor":1,"_useOriginalSize":false,"_string":"你好棒哦！","_N$string":"你好棒哦！","_fontSize":60,"_lineHeight":60,"_enableWrapText":false,"_N$horizontalAlign":1,"_N$verticalAlign":1,"_N$overflow":2},{"__type__":"cc.Node","_name":"Combat","_parent":{"__id__":2},"_children":[{"__id__":46},{"__id__":47}],"_level":2,"_components":[{"__type__":"cc.Widget","node":{"__id__":45},"alignMode":2,"_alignFlags":17,"_left":272.8,"_right":187.68,"_top":478,"_originalWidth":289.52},{"__type__":"cc.Layout","node":{"__id__":45},"_layoutSize":{"__type__":"cc.Size","width":289.52,"height":34},"_resize":1,"_N$layoutType":1,"_N$spacingX":5}],"_contentSize":{"__type__":"cc.Size","width":289.52,"height":34},"_position":{"__type__":"cc.Vec3","y":172},"_scale":{"__type__":"cc.Vec3","x":1,"y":1,"z":1}},{"__type__":"cc.Node","_name":"MarkLabel","_parent":{"__id__":45},"_level":3,"_components":[{"__type__":"cc.Label","node":{"__id__":46},"_srcBlendFactor":1,"_useOriginalSize":false,"_string":"本关获得战力值","_N$string":"本关获得战力值","_fontSize":36,"_lineHeight":36,"_N$horizontalAlign":1,"_N$verticalAlign":1}],"_color":{"__type__":"cc.Color","r":74,"g":74,"b":74},"_contentSize":{"__type__":"cc.Size","width":252,"height":36},"_position":{"__type__":"cc.Vec3","x":-18.75999999999999},"_scale":{"__type__":"cc.Vec3","x":1,"y":1,"z":1}},{"__type__":"cc.Node","_name":"NumberLabel","_parent":{"__id__":45},"_level":3,"_components":[{"__id__":48}],"_contentSize":{"__type__":"cc.Size","width":32.52,"height":41.81},"_position":{"__type__":"cc.Vec3","x":128.5},"_scale":{"__type__":"cc.Vec3","x":1,"y":1,"z":1}},{"__type__":"cc.Label","node":{"__id__":47},"_useOriginalSize":false,"_string":"0","_N$string":"0","_fontSize":36,"_lineHeight":36,"_N$file":{"__uuid__":"62mU0uGvlOvJYFGGdZecYo"},"_isSystemFontUsed":false,"_N$horizontalAlign":1,"_N$verticalAlign":1},{"__type__":"cc.Node","_name":"ShareBtn","_parent":{"__id__":2},"_children":[{"__id__":50}],"_active":false,"_level":2,"_components":[{"__type__":"cc.Sprite","node":{"__id__":49},"_spriteFrame":{"__uuid__":"fcI21TnCJC6qajuSGq0wiY"},"_type":1},{"__id__":51},{"__type__":"cc.Widget","node":{"__id__":49},"alignMode":2,"_alignFlags":41,"_left":65,"_right":65,"_top":990,"_originalWidth":100}],"_contentSize":{"__type__":"cc.Size","width":620,"height":120},"_position":{"__type__":"cc.Vec3","y":-383},"_scale":{"__type__":"cc.Vec3","x":1,"y":1,"z":1}},{"__type__":"cc.Node","_name":"Label","_parent":{"__id__":49},"_components":[{"__type__":"cc.Label","node":{"__id__":50},"_srcBlendFactor":1,"_useOriginalSize":false,"_string":"分享给好友 得双倍橙币","_N$string":"分享给好友 得双倍橙币","_fontSize":36,"_lineHeight":36,"_enableWrapText":false,"_N$horizontalAlign":1,"_N$verticalAlign":1,"_N$overflow":1},{"__type__":"cc.Widget","node":{"__id__":50},"alignMode":2,"_alignFlags":45,"_originalWidth":100,"_originalHeight":40}],"_contentSize":{"__type__":"cc.Size","width":620,"height":120},"_scale":{"__type__":"cc.Vec3","x":1,"y":1,"z":1}},{"__type__":"cc.Button","node":{"__id__":49},"transition":3,"pressedColor":{"__type__":"cc.Color","r":255,"g":255,"b":255},"zoomScale":1.02,"clickEvents":[{"__type__":"cc.ClickEvent","target":{"__id__":2},"component":"TollGateAward","handler":"shareBtnClick","customEventData":"true"}],"_N$normalColor":{"__type__":"cc.Color","r":255,"g":255,"b":255},"_N$disabledColor":{"__type__":"cc.Color","r":255,"g":255,"b":255},"_N$normalSprite":{"__uuid__":"f0BIwQ8D5Ml7nTNQbh1YlS"},"_N$pressedSprite":{"__uuid__":"e97GVMl6JHh5Ml5qEDdSGa"},"pressedSprite":{"__uuid__":"e97GVMl6JHh5Ml5qEDdSGa"},"_N$hoverSprite":{"__uuid__":"f0BIwQ8D5Ml7nTNQbh1YlS"},"hoverSprite":{"__uuid__":"f0BIwQ8D5Ml7nTNQbh1YlS"},"_N$disabledSprite":{"__uuid__":"29FYIk+N1GYaeWH/q1NxQO"},"_N$target":{"__id__":49}},{"__type__":"cc.Node","_name":"PosterBtn","_parent":{"__id__":2},"_children":[{"__id__":53}],"_active":false,"_level":2,"_components":[{"__type__":"cc.Sprite","node":{"__id__":52},"_spriteFrame":{"__uuid__":"fcI21TnCJC6qajuSGq0wiY"},"_type":1},{"__id__":54},{"__type__":"cc.Widget","node":{"__id__":52},"alignMode":2,"_alignFlags":41,"_left":65,"_right":65,"_top":1120,"_originalWidth":100}],"_contentSize":{"__type__":"cc.Size","width":620,"height":120},"_position":{"__type__":"cc.Vec3","y":-513},"_scale":{"__type__":"cc.Vec3","x":1,"y":1,"z":1}},{"__type__":"cc.Node","_name":"Label","_parent":{"__id__":52},"_components":[{"__type__":"cc.Label","node":{"__id__":53},"_srcBlendFactor":1,"_useOriginalSize":false,"_string":"生成海报 炫耀战绩","_N$string":"生成海报 炫耀战绩","_fontSize":36,"_lineHeight":36,"_enableWrapText":false,"_N$horizontalAlign":1,"_N$verticalAlign":1,"_N$overflow":1},{"__type__":"cc.Widget","node":{"__id__":53},"alignMode":2,"_alignFlags":45,"_originalWidth":100,"_originalHeight":40}],"_contentSize":{"__type__":"cc.Size","width":620,"height":120},"_scale":{"__type__":"cc.Vec3","x":1,"y":1,"z":1}},{"__type__":"cc.Button","node":{"__id__":52},"transition":3,"pressedColor":{"__type__":"cc.Color","r":255,"g":255,"b":255},"zoomScale":1.02,"clickEvents":[{"__type__":"cc.ClickEvent","target":{"__id__":2},"component":"TollGateAward","handler":"posterBtnlick","customEventData":"true"}],"_N$normalColor":{"__type__":"cc.Color","r":255,"g":255,"b":255},"_N$disabledColor":{"__type__":"cc.Color","r":255,"g":255,"b":255},"_N$normalSprite":{"__uuid__":"f0BIwQ8D5Ml7nTNQbh1YlS"},"_N$pressedSprite":{"__uuid__":"e97GVMl6JHh5Ml5qEDdSGa"},"pressedSprite":{"__uuid__":"e97GVMl6JHh5Ml5qEDdSGa"},"_N$hoverSprite":{"__uuid__":"f0BIwQ8D5Ml7nTNQbh1YlS"},"hoverSprite":{"__uuid__":"f0BIwQ8D5Ml7nTNQbh1YlS"},"_N$disabledSprite":{"__uuid__":"29FYIk+N1GYaeWH/q1NxQO"},"_N$target":{"__id__":52}},{"__type__":"cc.Node","_name":"ThanksBtn","_parent":{"__id__":2},"_children":[{"__id__":56}],"_active":false,"_level":2,"_components":[{"__id__":57},{"__type__":"cc.Widget","node":{"__id__":55},"alignMode":2,"_alignFlags":17,"_top":1271}],"_contentSize":{"__type__":"cc.Size","width":140,"height":40},"_position":{"__type__":"cc.Vec3","y":-624},"_scale":{"__type__":"cc.Vec3","x":1,"y":1,"z":1}},{"__type__":"cc.Node","_name":"Label","_parent":{"__id__":55},"_components":[{"__type__":"cc.Label","node":{"__id__":56},"_srcBlendFactor":1,"_useOriginalSize":false,"_string":"不，谢谢！","_N$string":"不，谢谢！","_fontSize":24,"_lineHeight":24,"_enableWrapText":false,"_N$horizontalAlign":1,"_N$verticalAlign":1,"_N$overflow":1},{"__type__":"cc.Widget","node":{"__id__":56},"alignMode":2,"_alignFlags":45,"_originalWidth":100,"_originalHeight":40}],"_color":{"__type__":"cc.Color","r":201,"g":201,"b":201},"_contentSize":{"__type__":"cc.Size","width":140,"height":40},"_scale":{"__type__":"cc.Vec3","x":1,"y":1,"z":1}},{"__type__":"cc.Button","node":{"__id__":55},"transition":3,"pressedColor":{"__type__":"cc.Color","r":255,"g":255,"b":255},"zoomScale":1.02,"clickEvents":[{"__type__":"cc.ClickEvent","target":{"__id__":2},"component":"TollGateAward","handler":"thanksBtnClick","customEventData":"true"}],"_N$normalColor":{"__type__":"cc.Color","r":255,"g":255,"b":255},"_N$disabledColor":{"__type__":"cc.Color","r":255,"g":255,"b":255},"_N$normalSprite":{"__uuid__":"f0BIwQ8D5Ml7nTNQbh1YlS"},"_N$pressedSprite":{"__uuid__":"e97GVMl6JHh5Ml5qEDdSGa"},"pressedSprite":{"__uuid__":"e97GVMl6JHh5Ml5qEDdSGa"},"_N$hoverSprite":{"__uuid__":"f0BIwQ8D5Ml7nTNQbh1YlS"},"hoverSprite":{"__uuid__":"f0BIwQ8D5Ml7nTNQbh1YlS"},"_N$disabledSprite":{"__uuid__":"29FYIk+N1GYaeWH/q1NxQO"},"_N$target":{"__id__":55}},{"__type__":"cc.Node","_name":"MoneyHelp","_parent":{"__id__":2},"_children":[{"__id__":59},{"__id__":68},{"__id__":69},{"__id__":70}],"_active":false,"_level":2,"_components":[{"__type__":"cc.Widget","node":{"__id__":58},"_alignFlags":45,"_originalWidth":40,"_originalHeight":36}],"_contentSize":{"__type__":"cc.Size","width":750,"height":1334},"_scale":{"__type__":"cc.Vec3","x":1,"y":1,"z":1}},{"__type__":"cc.Node","_name":"Mask","_parent":{"__id__":58},"_children":[{"__id__":60},{"__id__":61},{"__id__":63},{"__id__":64},{"__id__":66}],"_level":3,"_components":[{"__type__":"cc.Sprite","node":{"__id__":59},"_enabled":false,"_spriteFrame":{"__uuid__":"16CnnZYYNM/o+1K8BpewH6"},"_type":1,"_sizeMode":0},{"__type__":"cc.Widget","node":{"__id__":59},"alignMode":2,"_alignFlags":45,"_originalWidth":40,"_originalHeight":36},{"__type__":"cc.Button","node":{"__id__":59},"_N$target":{"__id__":59}}],"_opacity":148,"_color":{"__type__":"cc.Color"},"_contentSize":{"__type__":"cc.Size","width":750,"height":1334},"_scale":{"__type__":"cc.Vec3","x":1,"y":1,"z":1}},{"__type__":"cc.Node","_name":"Top","_parent":{"__id__":59},"_level":4,"_components":[{"__type__":"cc.Sprite","node":{"__id__":60},"_spriteFrame":{"__uuid__":"3b1tNzdhVNdLeJfa8pixLJ"},"_type":1,"_sizeMode":0},{"__type__":"cc.Widget","node":{"__id__":60},"alignMode":2,"_alignFlags":45,"_bottom":882,"_originalWidth":490,"_originalHeight":452}],"_contentSize":{"__type__":"cc.Size","width":750,"height":452},"_position":{"__type__":"cc.Vec3","y":441},"_scale":{"__type__":"cc.Vec3","x":1,"y":1,"z":1}},{"__type__":"cc.Node","_name":"Center","_parent":{"__id__":59},"_level":4,"_components":[{"__id__":62},{"__type__":"cc.Widget","node":{"__id__":61},"alignMode":2,"_alignFlags":18,"_verticalCenter":110}],"_contentSize":{"__type__":"cc.Size","width":210,"height":210},"_position":{"__type__":"cc.Vec3","y":110},"_scale":{"__type__":"cc.Vec3","x":1,"y":1,"z":1}},{"__type__":"cc.Sprite","node":{"__id__":61},"_spriteFrame":{"__uuid__":"a07peyYctE+bushdWf3TOG"},"_type":1,"_sizeMode":0},{"__type__":"cc.Node","_name":"Bottom","_parent":{"__id__":59},"_level":4,"_components":[{"__type__":"cc.Sprite","node":{"__id__":63},"_spriteFrame":{"__uuid__":"3b1tNzdhVNdLeJfa8pixLJ"},"_type":1,"_sizeMode":0},{"__type__":"cc.Widget","node":{"__id__":63},"alignMode":2,"_alignFlags":45,"_top":662,"_originalWidth":490,"_originalHeight":672}],"_contentSize":{"__type__":"cc.Size","width":750,"height":672},"_position":{"__type__":"cc.Vec3","y":-331},"_scale":{"__type__":"cc.Vec3","x":1,"y":1,"z":1}},{"__type__":"cc.Node","_name":"Left","_parent":{"__id__":59},"_level":4,"_components":[{"__id__":65},{"__type__":"cc.Widget","node":{"__id__":64},"alignMode":2,"_alignFlags":45,"_right":480,"_top":452,"_bottom":672,"_originalWidth":490,"_originalHeight":452}],"_contentSize":{"__type__":"cc.Size","width":270,"height":210},"_position":{"__type__":"cc.Vec3","x":-240,"y":110},"_scale":{"__type__":"cc.Vec3","x":1,"y":1,"z":1}},{"__type__":"cc.Sprite","node":{"__id__":64},"_spriteFrame":{"__uuid__":"3b1tNzdhVNdLeJfa8pixLJ"},"_type":1,"_sizeMode":0},{"__type__":"cc.Node","_name":"Right","_parent":{"__id__":59},"_level":4,"_components":[{"__id__":67},{"__type__":"cc.Widget","node":{"__id__":66},"alignMode":2,"_alignFlags":45,"_left":480,"_top":452,"_bottom":672,"_originalWidth":490,"_originalHeight":452}],"_contentSize":{"__type__":"cc.Size","width":270,"height":210},"_position":{"__type__":"cc.Vec3","x":240,"y":110},"_scale":{"__type__":"cc.Vec3","x":1,"y":1,"z":1}},{"__type__":"cc.Sprite","node":{"__id__":66},"_spriteFrame":{"__uuid__":"3b1tNzdhVNdLeJfa8pixLJ"},"_type":1,"_sizeMode":0},{"__type__":"cc.Node","_name":"Arrow","_parent":{"__id__":58},"_level":3,"_components":[{"__type__":"cc.Sprite","node":{"__id__":68},"_spriteFrame":{"__uuid__":"d8uuCahEhLe6pmEXb5gFfk"}},{"__type__":"cc.Widget","node":{"__id__":68},"alignMode":2,"_alignFlags":18,"_verticalCenter":-20,"_horizontalCenter":20}],"_contentSize":{"__type__":"cc.Size","width":41,"height":43},"_position":{"__type__":"cc.Vec3","x":20,"y":-20},"_scale":{"__type__":"cc.Vec3","x":1,"y":1,"z":1}},{"__type__":"cc.Node","_name":"HelpLabel","_parent":{"__id__":58},"_level":3,"_components":[{"__type__":"cc.Widget","node":{"__id__":69},"alignMode":2,"_alignFlags":42,"_left":179,"_right":179,"_verticalCenter":-100,"_originalWidth":440},{"__type__":"cc.Sprite","node":{"__id__":69},"_spriteFrame":{"__uuid__":"56E0M5Q/pI47o3wsyWS1hV"}}],"_contentSize":{"__type__":"cc.Size","width":392,"height":78},"_position":{"__type__":"cc.Vec3","y":-100},"_scale":{"__type__":"cc.Vec3","x":1,"y":1,"z":1}},{"__type__":"cc.Node","_name":"KnowBtn","_parent":{"__id__":58},"_level":3,"_components":[{"__type__":"cc.Sprite","node":{"__id__":70},"_spriteFrame":{"__uuid__":"fei/fEA5dNFKDDV8cLnaSq"},"_type":1,"_sizeMode":0},{"__type__":"cc.Button","node":{"__id__":70},"transition":3,"pressedColor":{"__type__":"cc.Color","r":255,"g":255,"b":255},"zoomScale":1.02,"clickEvents":[{"__type__":"cc.ClickEvent","target":{"__id__":2},"component":"TollGateAward","handler":"helpKnowBtn"}],"_N$normalColor":{"__type__":"cc.Color","r":255,"g":255,"b":255},"_N$disabledColor":{"__type__":"cc.Color","r":255,"g":255,"b":255},"_N$normalSprite":{"__uuid__":"fei/fEA5dNFKDDV8cLnaSq"},"_N$pressedSprite":{"__uuid__":"e97GVMl6JHh5Ml5qEDdSGa"},"pressedSprite":{"__uuid__":"e97GVMl6JHh5Ml5qEDdSGa"},"_N$hoverSprite":{"__uuid__":"f0BIwQ8D5Ml7nTNQbh1YlS"},"hoverSprite":{"__uuid__":"f0BIwQ8D5Ml7nTNQbh1YlS"},"_N$disabledSprite":{"__uuid__":"29FYIk+N1GYaeWH/q1NxQO"},"_N$target":{"__id__":70}},{"__type__":"cc.Widget","node":{"__id__":70},"alignMode":2,"_alignFlags":18,"_verticalCenter":-240}],"_contentSize":{"__type__":"cc.Size","width":276,"height":103},"_position":{"__type__":"cc.Vec3","y":-240},"_scale":{"__type__":"cc.Vec3","x":1,"y":1,"z":1}}],{"__type__":"cc.SpriteFrame","content":{"name":"study_award_money","texture":"9d4mGEFoZFRYEv3Sw6NfAG","rect":[0,0,40,40],"offset":[0,0],"originalSize":[40,40],"capInsets":[0,0,0,0]}},{"__type__":"cc.SpriteFrame","content":{"name":"back","texture":"0crVq4CiFGKJ6Q4VG57SZ9","rect":[0,0,20,34],"offset":[0,0],"originalSize":[20,34],"capInsets":[0,0,0,0]}},{"__type__":"cc.SpriteFrame","content":{"name":"box_open_bg","texture":"a1UZm3WXFI1bD9dqSqRrU2","rect":[0,0,149,117],"offset":[0,0],"originalSize":[149,117],"capInsets":[0,0,0,0]}},{"__type__":"cc.SpriteFrame","content":{"name":"angle","texture":"3abElvNcZCLZHiUdjJRngr","rect":[12,11,6,9],"offset":[0,-0.5],"originalSize":[30,30],"capInsets":[0,0,0,0]}},{"__type__":"cc.SpriteFrame","content":{"name":"help_circle_mask","texture":"5brbik+ThCZKn611HIuECY","rect":[0,0,210,210],"offset":[0,0],"originalSize":[210,210],"capInsets":[0,0,0,0]}},{"__type__":"cc.AnimationClip","_name":"StudyAwardStarScaleAnimation","_duration":1,"sample":30,"speed":2.5,"curveData":{"props":{"scale":[{"frame":0,"value":{"__type__":"cc.Vec2","x":1,"y":1}},{"frame":1,"value":{"__type__":"cc.Vec2","x":2,"y":2}}],"opacity":[{"frame":0,"value":255},{"frame":1,"value":100}],"width":[{"frame":0,"value":139},{"frame":1,"value":139}],"height":[{"frame":0,"value":134},{"frame":1,"value":134}]}}},{"__type__":"cc.AudioClip","_name":"reward_star","_native":".mp3"},{"__type__":"cc.SpriteFrame","content":{"name":"home_help_arrow","texture":"84d9IZ7J5KQoemL48mXy6/","rect":[0,0,41,43],"offset":[0,0],"originalSize":[41,43],"capInsets":[0,0,0,0]}},{"__type__":"cc.SpriteFrame","content":{"name":"study_award_star_bg","texture":"cbMXPhTSFOi6TKtc3lwuoi","rect":[0,10,750,203],"offset":[0,-5],"originalSize":[750,213],"capInsets":[0,0,0,0]}},{"__type__":"cc.SpriteFrame","content":{"name":"box_arua_orange_bg","texture":"c1CCFv19xHCbkTdGT2lf/n","rect":[0,0,559,555],"offset":[0,0],"originalSize":[559,555],"capInsets":[0,0,0,0]}},{"__type__":"cc.SpriteFrame","content":{"name":"study_award_star","texture":"17HpOz43hOf6Yz5D+p7DEZ","rect":[0,0,139,134],"offset":[0,0],"originalSize":[139,134],"capInsets":[0,0,0,0]}},{"__type__":"cc.SpriteFrame","content":{"name":"orange_star","texture":"410w27gx9NyZlBBl4m26+Y","rect":[1,2,28,26],"offset":[0,0],"originalSize":[30,30],"capInsets":[0,0,0,0]}},{"__type__":"cc.SpriteFrame","content":{"name":"default_btn_pressed","texture":"b4P/PCArtIdIH38t6mlw8Y","rect":[0,0,40,40],"offset":[0,0],"originalSize":[40,40],"capInsets":[12,12,12,12]}},{"__type__":"cc.SpriteFrame","content":{"name":"default_btn_normal","texture":"e8Ueib+qJEhL6mXAHdnwbi","rect":[0,0,40,40],"offset":[0,0],"originalSize":[40,40],"capInsets":[12,12,12,12]}},{"__type__":"cc.SpriteFrame","content":{"name":"study_award_btn_bg","texture":"9dg6amvRpJx4sU/u0DN8+O","rect":[0,0,620,120],"offset":[0,0],"originalSize":[620,120],"capInsets":[0,0,0,0]}},{"__type__":"cc.SpriteFrame","content":{"name":"home_help_know","texture":"c1ZN7hqTxF4aFmZWoZ/SKS","rect":[0,0,276,103],"offset":[0,0],"originalSize":[276,103],"capInsets":[0,0,0,0]}}]