[{"__type__":"cc.SpriteFrame","content":{"name":"maskolor","texture":"1bags8Kg5BCpWrU9yaA6Ng","rect":[0,0,2,2],"offset":[0,0],"originalSize":[2,2],"capInsets":[0,0,0,0]}},{"__type__":"cc.SpriteFrame","content":{"name":"right_bt","texture":"aagxjPbcFF1IeqojwcFZSr","rect":[0,0,260,100],"offset":[0,0],"originalSize":[260,100],"capInsets":[46,0,46,0]}},{"__type__":"cc.SpriteFrame","content":{"name":"left_bt","texture":"5bOCktOhZCZbiUkTzBu6Co","rect":[0,0,260,100],"offset":[0,0],"originalSize":[260,100],"capInsets":[48,0,48,0]}},{"__type__":"cc.SpriteFrame","content":{"name":"default_btn_disabled","texture":"71VhFCTINJM6/Ky3oX9nBT","rect":[0,0,40,40],"offset":[0,0],"originalSize":[40,40],"capInsets":[12,12,12,12]}},{"__type__":"cc.SpriteFrame","content":{"name":"ic_close","texture":"8b5HhCxEhL/4rvGMxlExLE","rect":[0,0,54,54],"offset":[0,0],"originalSize":[54,54],"capInsets":[0,0,0,0]}},[{"__type__":"cc.Prefab","_name":"TwoBtDialog","data":{"__id__":1}},{"__type__":"cc.Node","_name":"TwoBtDialog","_children":[{"__id__":2},{"__id__":3}],"_level":1,"_prefab":{"__type__":"cc.PrefabInfo","root":{"__id__":1},"asset":{"__uuid__":"9b57rH0ExDc4G7gc3pbM1+"},"fileId":"3a7tRyeENJzq97udZS2NFt"},"_contentSize":{"__type__":"cc.Size","width":750,"height":1334},"_scale":{"__type__":"cc.Vec3","x":1,"y":1,"z":1}},{"__type__":"cc.Node","_name":"Mask","_parent":{"__id__":1},"_level":3,"_components":[{"__type__":"cc.Sprite","node":{"__id__":2},"_spriteFrame":{"__uuid__":"0aoLNsxKlM4qs77+3nCObU"},"_sizeMode":0},{"__type__":"cc.Widget","node":{"__id__":2},"alignMode":2,"_alignFlags":45,"_originalWidth":2,"_originalHeight":1334},{"__type__":"cc.BlockInputEvents","node":{"__id__":2}}],"_prefab":{"__type__":"cc.PrefabInfo","root":{"__id__":1},"asset":{"__uuid__":"9b57rH0ExDc4G7gc3pbM1+"},"fileId":"47wpXOjnZDf4ZlZnQLAWMM"},"_opacity":147,"_color":{"__type__":"cc.Color","r":3,"g":3,"b":3},"_contentSize":{"__type__":"cc.Size","width":750,"height":1334},"_scale":{"__type__":"cc.Vec3","x":1,"y":1,"z":1}},{"__type__":"cc.Node","_name":"Content","_parent":{"__id__":1},"_children":[{"__id__":4},{"__id__":5},{"__id__":6},{"__id__":8},{"__id__":10}],"_level":3,"_components":[{"__type__":"cc.Sprite","node":{"__id__":3},"_spriteFrame":{"__uuid__":"e8zrml1lxPZrLnNuVsoAkD"},"_sizeMode":0},{"__type__":"cc.Widget","node":{"__id__":3},"_alignFlags":40,"_left":0.07,"_right":0.07,"_isAbsLeft":false,"_isAbsRight":false,"_originalWidth":650}],"_prefab":{"__type__":"cc.PrefabInfo","root":{"__id__":1},"asset":{"__uuid__":"9b57rH0ExDc4G7gc3pbM1+"},"fileId":"92/XR3yKRLuZ0Oa+6IEHlL"},"_contentSize":{"__type__":"cc.Size","width":645,"height":450},"_scale":{"__type__":"cc.Vec3","x":1,"y":1,"z":1}},{"__type__":"cc.Node","_name":"DialogTitle","_parent":{"__id__":3},"_level":4,"_components":[{"__type__":"cc.Label","node":{"__id__":4},"_srcBlendFactor":1,"_useOriginalSize":false,"_string":"关卡未解锁","_N$string":"关卡未解锁","_fontSize":36,"_lineHeight":36,"_N$horizontalAlign":1,"_N$verticalAlign":1}],"_prefab":{"__type__":"cc.PrefabInfo","root":{"__id__":1},"asset":{"__uuid__":"9b57rH0ExDc4G7gc3pbM1+"},"fileId":"a9d/Hxoy1Mtq3J9bFY+KbZ"},"_color":{"__type__":"cc.Color","r":23,"g":17},"_contentSize":{"__type__":"cc.Size","width":180,"height":36},"_position":{"__type__":"cc.Vec3","y":168},"_scale":{"__type__":"cc.Vec3","x":1,"y":1,"z":1}},{"__type__":"cc.Node","_name":"DialogContent","_parent":{"__id__":3},"_level":4,"_components":[{"__type__":"cc.Label","node":{"__id__":5},"_srcBlendFactor":1,"_useOriginalSize":false,"_string":"只有完成前面的关卡\n才能解锁本关哦！","_N$string":"只有完成前面的关卡\n才能解锁本关哦！","_fontSize":30,"_lineHeight":36,"_N$horizontalAlign":1,"_N$verticalAlign":1,"_N$overflow":1},{"__type__":"cc.Widget","node":{"__id__":5},"_alignFlags":41,"_left":0.05,"_right":0.05,"_top":101.5,"_isAbsLeft":false,"_isAbsRight":false,"_originalWidth":497}],"_prefab":{"__type__":"cc.PrefabInfo","root":{"__id__":1},"asset":{"__uuid__":"9b57rH0ExDc4G7gc3pbM1+"},"fileId":"9eJKOK1PNAa4kSsqLD+RUt"},"_color":{"__type__":"cc.Color"},"_contentSize":{"__type__":"cc.Size","width":580.5,"height":197},"_position":{"__type__":"cc.Vec3","y":25},"_scale":{"__type__":"cc.Vec3","x":1,"y":1,"z":1}},{"__type__":"cc.Node","_name":"LeftBt","_parent":{"__id__":3},"_children":[{"__id__":7}],"_level":4,"_components":[{"__type__":"cc.Sprite","node":{"__id__":6},"_spriteFrame":{"__uuid__":"271oS4DjFNfJYThoi0I5Bj"},"_type":1,"_sizeMode":0,"_isTrimmedMode":false},{"__type__":"cc.Button","node":{"__id__":6},"pressedColor":{"__type__":"cc.Color","r":255,"g":255,"b":255},"_N$normalColor":{"__type__":"cc.Color","r":255,"g":255,"b":255},"_N$disabledColor":{"__type__":"cc.Color","r":255,"g":255,"b":255},"_N$pressedSprite":{"__uuid__":"e97GVMl6JHh5Ml5qEDdSGa"},"pressedSprite":{"__uuid__":"e97GVMl6JHh5Ml5qEDdSGa"},"_N$hoverSprite":{"__uuid__":"f0BIwQ8D5Ml7nTNQbh1YlS"},"hoverSprite":{"__uuid__":"f0BIwQ8D5Ml7nTNQbh1YlS"},"_N$disabledSprite":{"__uuid__":"29FYIk+N1GYaeWH/q1NxQO"},"_N$target":{"__id__":6}},{"__type__":"cc.Widget","node":{"__id__":6},"_alignFlags":40,"_left":0.08,"_right":0.52,"_isAbsLeft":false,"_isAbsRight":false,"_originalWidth":260}],"_prefab":{"__type__":"cc.PrefabInfo","root":{"__id__":1},"asset":{"__uuid__":"9b57rH0ExDc4G7gc3pbM1+"},"fileId":"67geVQF/BOkKGqYzabj9O8"},"_contentSize":{"__type__":"cc.Size","width":257.99999999999994,"height":100},"_position":{"__type__":"cc.Vec3","x":-141.9,"y":-128},"_scale":{"__type__":"cc.Vec3","x":1,"y":1,"z":1}},{"__type__":"cc.Node","_name":"LeftLabel","_parent":{"__id__":6},"_components":[{"__type__":"cc.Label","node":{"__id__":7},"_srcBlendFactor":1,"_useOriginalSize":false,"_string":"确定","_N$string":"确定","_fontSize":36,"_lineHeight":36,"_enableWrapText":false,"_N$horizontalAlign":1,"_N$verticalAlign":1,"_N$overflow":1}],"_prefab":{"__type__":"cc.PrefabInfo","root":{"__id__":1},"asset":{"__uuid__":"9b57rH0ExDc4G7gc3pbM1+"},"fileId":"39DmYYmS9AxpIbyaWgzybx"},"_color":{"__type__":"cc.Color","r":7,"g":7,"b":7},"_contentSize":{"__type__":"cc.Size","width":182,"height":40},"_scale":{"__type__":"cc.Vec3","x":1,"y":1,"z":1}},{"__type__":"cc.Node","_name":"RightBt","_parent":{"__id__":3},"_children":[{"__id__":9}],"_level":4,"_components":[{"__type__":"cc.Sprite","node":{"__id__":8},"_spriteFrame":{"__uuid__":"2219odlH5L8rbmd6faIVgM"},"_type":1,"_sizeMode":0,"_isTrimmedMode":false},{"__type__":"cc.Button","node":{"__id__":8},"pressedColor":{"__type__":"cc.Color","r":255,"g":255,"b":255},"_N$normalColor":{"__type__":"cc.Color","r":255,"g":255,"b":255},"_N$disabledColor":{"__type__":"cc.Color","r":255,"g":255,"b":255},"_N$pressedSprite":{"__uuid__":"e97GVMl6JHh5Ml5qEDdSGa"},"pressedSprite":{"__uuid__":"e97GVMl6JHh5Ml5qEDdSGa"},"_N$hoverSprite":{"__uuid__":"f0BIwQ8D5Ml7nTNQbh1YlS"},"hoverSprite":{"__uuid__":"f0BIwQ8D5Ml7nTNQbh1YlS"},"_N$disabledSprite":{"__uuid__":"29FYIk+N1GYaeWH/q1NxQO"},"_N$target":{"__id__":8}},{"__type__":"cc.Widget","node":{"__id__":8},"_alignFlags":40,"_left":0.52,"_right":0.08,"_isAbsLeft":false,"_isAbsRight":false,"_originalWidth":260}],"_prefab":{"__type__":"cc.PrefabInfo","root":{"__id__":1},"asset":{"__uuid__":"9b57rH0ExDc4G7gc3pbM1+"},"fileId":"e3cRw2teBGT7dD9T10BljY"},"_contentSize":{"__type__":"cc.Size","width":257.99999999999994,"height":100},"_position":{"__type__":"cc.Vec3","x":141.9,"y":-128},"_scale":{"__type__":"cc.Vec3","x":1,"y":1,"z":1}},{"__type__":"cc.Node","_name":"RightLabel","_parent":{"__id__":8},"_components":[{"__type__":"cc.Label","node":{"__id__":9},"_srcBlendFactor":1,"_useOriginalSize":false,"_string":"确定","_N$string":"确定","_fontSize":36,"_lineHeight":36,"_enableWrapText":false,"_N$horizontalAlign":1,"_N$verticalAlign":1,"_N$overflow":1}],"_prefab":{"__type__":"cc.PrefabInfo","root":{"__id__":1},"asset":{"__uuid__":"9b57rH0ExDc4G7gc3pbM1+"},"fileId":"a5Vjxmd2xPRZv1UKqPzfuv"},"_contentSize":{"__type__":"cc.Size","width":172,"height":40},"_position":{"__type__":"cc.Vec3","x":-2},"_scale":{"__type__":"cc.Vec3","x":1,"y":1,"z":1}},{"__type__":"cc.Node","_name":"Close","_parent":{"__id__":3},"_active":false,"_level":4,"_components":[{"__type__":"cc.Sprite","node":{"__id__":10},"_spriteFrame":{"__uuid__":"84j4TpUulCk7xx6M6O0R8g"},"_sizeMode":0},{"__type__":"cc.Button","node":{"__id__":10},"clickEvents":[null],"_N$target":{"__id__":10}}],"_prefab":{"__type__":"cc.PrefabInfo","root":{"__id__":1},"asset":{"__uuid__":"9b57rH0ExDc4G7gc3pbM1+"},"fileId":"e9bbnEg2VFAbe89qUFE89G"},"_contentSize":{"__type__":"cc.Size","width":57,"height":57},"_position":{"__type__":"cc.Vec3","y":-300},"_scale":{"__type__":"cc.Vec3","x":1,"y":1,"z":1}}],{"__type__":"cc.SpriteFrame","content":{"name":"smalldialog_bg","texture":"29gGBPxfRBApp8rE4CyJgf","rect":[0,0,650,450],"offset":[0,0],"originalSize":[650,450],"capInsets":[25,29,31,25]}},{"__type__":"cc.SpriteFrame","content":{"name":"default_btn_pressed","texture":"b4P/PCArtIdIH38t6mlw8Y","rect":[0,0,40,40],"offset":[0,0],"originalSize":[40,40],"capInsets":[12,12,12,12]}},{"__type__":"cc.SpriteFrame","content":{"name":"default_btn_normal","texture":"e8Ueib+qJEhL6mXAHdnwbi","rect":[0,0,40,40],"offset":[0,0],"originalSize":[40,40],"capInsets":[12,12,12,12]}}]