[[{"__type__":"cc.Prefab","_name":"FeedBackUploadImage","data":{"__id__":1}},{"__type__":"cc.Node","_name":"FeedBackUploadImage","_children":[{"__id__":2}],"_level":1,"_components":[{"__id__":3},{"__id__":4},{"__type__":"cc.Widget","node":{"__id__":1},"alignMode":2,"_alignFlags":10,"_left":188},{"__type__":"bd45fhhEelN05hHpDqDLNA7","node":{"__id__":1},"id":0,"imageBtn":{"__id__":4},"image":{"__id__":3}}],"_prefab":{"__type__":"cc.PrefabInfo","root":{"__id__":1},"asset":{"__uuid__":"02iTvN4DlK0Im2ri4uQ7Q3"},"fileId":"10XtphX4hMHYL2LAjtIboR"},"_contentSize":{"__type__":"cc.Size","width":143,"height":143},"_position":{"__type__":"cc.Vec3","x":259.5,"y":667},"_scale":{"__type__":"cc.Vec3","x":1,"y":1,"z":1}},{"__type__":"cc.Node","_name":"Button","_parent":{"__id__":1},"_level":2,"_components":[{"__type__":"cc.Sprite","node":{"__id__":2},"_spriteFrame":{"__uuid__":"5f1nMPLbNNnLeqK1NhmUMd"},"_type":1,"_sizeMode":0},{"__type__":"cc.Button","node":{"__id__":2},"transition":3,"pressedColor":{"__type__":"cc.Color","r":255,"g":255,"b":255},"zoomScale":1.1,"clickEvents":[{"__type__":"cc.ClickEvent","target":{"__id__":1},"component":"FeedBackUploadImage","handler":"removeBtnClick","customEventData":"true"}],"_N$normalColor":{"__type__":"cc.Color","r":255,"g":255,"b":255},"_N$disabledColor":{"__type__":"cc.Color","r":255,"g":255,"b":255},"_N$normalSprite":{"__uuid__":"5f1nMPLbNNnLeqK1NhmUMd"},"_N$pressedSprite":{"__uuid__":"e97GVMl6JHh5Ml5qEDdSGa"},"pressedSprite":{"__uuid__":"e97GVMl6JHh5Ml5qEDdSGa"},"_N$hoverSprite":{"__uuid__":"f0BIwQ8D5Ml7nTNQbh1YlS"},"hoverSprite":{"__uuid__":"f0BIwQ8D5Ml7nTNQbh1YlS"},"_N$disabledSprite":{"__uuid__":"29FYIk+N1GYaeWH/q1NxQO"},"_N$target":{"__id__":2}},{"__type__":"cc.Widget","node":{"__id__":2},"alignMode":2,"_alignFlags":18,"_right":46.5,"_top":46.5,"_verticalCenter":67,"_horizontalCenter":56}],"_prefab":{"__type__":"cc.PrefabInfo","root":{"__id__":1},"asset":{"__uuid__":"02iTvN4DlK0Im2ri4uQ7Q3"},"fileId":"15pG+CF2FA1IVkMqnUYemD"},"_contentSize":{"__type__":"cc.Size","width":50,"height":50},"_position":{"__type__":"cc.Vec3","x":56,"y":67},"_scale":{"__type__":"cc.Vec3","x":1,"y":1,"z":1}},{"__type__":"cc.Sprite","node":{"__id__":1},"_spriteFrame":{"__uuid__":"16CnnZYYNM/o+1K8BpewH6"},"_type":1,"_sizeMode":0},{"__type__":"cc.Button","node":{"__id__":1},"pressedColor":{"__type__":"cc.Color","r":255,"g":255,"b":255},"_N$normalColor":{"__type__":"cc.Color","r":255,"g":255,"b":255},"_N$disabledColor":{"__type__":"cc.Color","r":255,"g":255,"b":255},"_N$normalSprite":{"__uuid__":"f0BIwQ8D5Ml7nTNQbh1YlS"},"_N$pressedSprite":{"__uuid__":"e97GVMl6JHh5Ml5qEDdSGa"},"pressedSprite":{"__uuid__":"e97GVMl6JHh5Ml5qEDdSGa"},"_N$hoverSprite":{"__uuid__":"f0BIwQ8D5Ml7nTNQbh1YlS"},"hoverSprite":{"__uuid__":"f0BIwQ8D5Ml7nTNQbh1YlS"},"_N$disabledSprite":{"__uuid__":"29FYIk+N1GYaeWH/q1NxQO"},"_N$target":{"__id__":1}}],{"__type__":"cc.SpriteFrame","content":{"name":"white_bg","texture":"11+MH+mEdPXZmm6UnzsvES","rect":[0,0,490,286],"offset":[0,0],"originalSize":[490,286],"capInsets":[0,0,0,0]}},{"__type__":"cc.SpriteFrame","content":{"name":"default_btn_disabled","texture":"71VhFCTINJM6/Ky3oX9nBT","rect":[0,0,40,40],"offset":[0,0],"originalSize":[40,40],"capInsets":[12,12,12,12]}},{"__type__":"cc.SpriteFrame","content":{"name":"feedback_type_bg","texture":"34zExoSNtGOIPmsyPOThDz","rect":[0,0,185,55],"offset":[0,0],"originalSize":[185,55],"capInsets":[20,0,20,0]}},{"__type__":"cc.SpriteFrame","content":{"name":"feedback_type_select_bg","texture":"ffvX4+XUpNKot1HxBhZyVx","rect":[0,0,186,55],"offset":[0,0],"originalSize":[186,55],"capInsets":[20,0,20,0]}},{"__type__":"cc.SpriteFrame","content":{"name":"feedback_remove","texture":"712PP0qwJDRZJPGJU+aXNF","rect":[0,0,50,50],"offset":[0,0],"originalSize":[50,50],"capInsets":[0,0,0,0]}},{"__type__":"cc.SpriteFrame","content":{"name":"feedback_add_image","texture":"26b2+dEjtFUKDbjLnhTdja","rect":[0,0,143,143],"offset":[0,0],"originalSize":[143,143],"capInsets":[20,20,20,20]}},{"__type__":"cc.SpriteFrame","content":{"name":"shop_confirm_bg","texture":"3aVKM/C5NDXZv1pni7hH7/","rect":[0,0,620,120],"offset":[0,0],"originalSize":[620,120],"capInsets":[60,0,60,0]}},{"__type__":"cc.SpriteFrame","content":{"name":"back","texture":"0crVq4CiFGKJ6Q4VG57SZ9","rect":[0,0,20,34],"offset":[0,0],"originalSize":[20,34],"capInsets":[0,0,0,0]}},{"__type__":"cc.SpriteFrame","content":{"name":"feedback_edit_bg","texture":"84xQYaYptD7bhCOfFbMHgB","rect":[0,0,233,172],"offset":[0,0],"originalSize":[233,172],"capInsets":[5,5,5,5]}},{"__type__":"cc.SpriteFrame","content":{"name":"default_btn_pressed","texture":"b4P/PCArtIdIH38t6mlw8Y","rect":[0,0,40,40],"offset":[0,0],"originalSize":[40,40],"capInsets":[12,12,12,12]}},[{"__type__":"cc.SceneAsset","_name":"FeedBack","scene":{"__id__":1},"asyncLoadAssets":null},{"__type__":"cc.Scene","_name":"New Node","_children":[{"__id__":2}],"_anchorPoint":{"__type__":"cc.Vec2"},"_scale":{"__type__":"cc.Vec3","x":0.6999244385366005,"y":0.6999244385366005,"z":1},"autoReleaseAssets":false},{"__type__":"cc.Node","_name":"Canvas","_parent":{"__id__":1},"_children":[{"__id__":3},{"__id__":4},{"__id__":6},{"__id__":7},{"__id__":8},{"__id__":11},{"__id__":14},{"__id__":17},{"__id__":31},{"__id__":32},{"__id__":37}],"_level":1,"_components":[{"__type__":"cc.Canvas","node":{"__id__":2},"_designResolution":{"__type__":"cc.Size","width":750,"height":1334}},{"__type__":"5396cWOHp1F/JaX0C4Wx1l7","node":{"__id__":2},"improveBtn":{"__id__":10},"bugBtn":{"__id__":13},"othersBtn":{"__id__":16},"contentEditBox":{"__id__":24},"typeSelectSP":{"__uuid__":"487PGpkwhGuIrmyDRwB69c"},"typeUnselectSP":{"__uuid__":"2eV+5PobhOxJAZkbIeYLOY"},"phoneEditBox":{"__id__":36},"confirmBtn":{"__id__":39},"addBtn":{"__id__":29},"scrollView":{"__id__":30},"uploadPrefab":{"__uuid__":"02iTvN4DlK0Im2ri4uQ7Q3"},"hint":{"__id__":23}}],"_color":{"__type__":"cc.Color","r":252,"g":249,"b":238},"_contentSize":{"__type__":"cc.Size","width":750,"height":1334},"_position":{"__type__":"cc.Vec3","x":375,"y":667},"_scale":{"__type__":"cc.Vec3","x":1,"y":1,"z":1},"_id":"d1MpFhBs5ITYFiiHx18HQK"},{"__type__":"cc.Node","_name":"Main Camera","_parent":{"__id__":2},"_level":2,"_components":[{"__type__":"cc.Camera","node":{"__id__":3},"_clearFlags":7,"_backgroundColor":{"__type__":"cc.Color","r":253,"g":249,"b":238},"_depth":-1}],"_color":{"__type__":"cc.Color","r":252,"g":249,"b":238},"_scale":{"__type__":"cc.Vec3","x":1,"y":1,"z":1}},{"__type__":"cc.Node","_name":"BackBtn","_parent":{"__id__":2},"_children":[{"__id__":5}],"_level":2,"_components":[{"__type__":"cc.Button","node":{"__id__":4},"pressedColor":{"__type__":"cc.Color","r":255,"g":255,"b":255},"clickEvents":[{"__type__":"cc.ClickEvent","target":{"__id__":2},"component":"FeedBack","handler":"backBtnClick","customEventData":"true"}],"_N$normalColor":{"__type__":"cc.Color","r":255,"g":255,"b":255},"_N$disabledColor":{"__type__":"cc.Color","r":255,"g":255,"b":255},"_N$pressedSprite":{"__uuid__":"e97GVMl6JHh5Ml5qEDdSGa"},"pressedSprite":{"__uuid__":"e97GVMl6JHh5Ml5qEDdSGa"},"_N$hoverSprite":{"__uuid__":"f0BIwQ8D5Ml7nTNQbh1YlS"},"hoverSprite":{"__uuid__":"f0BIwQ8D5Ml7nTNQbh1YlS"},"_N$disabledSprite":{"__uuid__":"29FYIk+N1GYaeWH/q1NxQO"},"_N$target":{"__id__":4}},{"__type__":"cc.Widget","node":{"__id__":4},"alignMode":2,"_alignFlags":9,"_left":20,"_top":55}],"_contentSize":{"__type__":"cc.Size","width":50,"height":50},"_position":{"__type__":"cc.Vec3","x":-330,"y":587},"_scale":{"__type__":"cc.Vec3","x":1,"y":1,"z":1}},{"__type__":"cc.Node","_name":"Sprite","_parent":{"__id__":4},"_level":3,"_components":[{"__type__":"cc.Sprite","node":{"__id__":5},"_spriteFrame":{"__uuid__":"83jl2tL11O4KOcaqrDgUjB"}},{"__type__":"cc.Widget","node":{"__id__":5},"alignMode":2,"_alignFlags":18}],"_contentSize":{"__type__":"cc.Size","width":20,"height":34},"_scale":{"__type__":"cc.Vec3","x":1,"y":1,"z":1}},{"__type__":"cc.Node","_name":"TitleLabel","_parent":{"__id__":2},"_level":2,"_components":[{"__type__":"cc.Label","node":{"__id__":6},"_srcBlendFactor":1,"_useOriginalSize":false,"_string":"意见反馈","_N$string":"意见反馈","_fontSize":38,"_lineHeight":38,"_N$horizontalAlign":1,"_N$verticalAlign":1},{"__type__":"cc.Widget","node":{"__id__":6},"alignMode":2,"_alignFlags":17,"_top":62}],"_color":{"__type__":"cc.Color"},"_contentSize":{"__type__":"cc.Size","width":152,"height":38},"_position":{"__type__":"cc.Vec3","y":586},"_scale":{"__type__":"cc.Vec3","x":1,"y":1,"z":1}},{"__type__":"cc.Node","_name":"MarkLabel","_parent":{"__id__":2},"_level":2,"_components":[{"__type__":"cc.Label","node":{"__id__":7},"_srcBlendFactor":1,"_useOriginalSize":false,"_string":"请描述你遇到的问题：","_N$string":"请描述你遇到的问题：","_fontSize":34,"_lineHeight":34,"_N$verticalAlign":1},{"__type__":"cc.Widget","node":{"__id__":7},"alignMode":2,"_alignFlags":9,"_left":30,"_top":152}],"_color":{"__type__":"cc.Color","r":74,"g":74,"b":74},"_contentSize":{"__type__":"cc.Size","width":340,"height":34},"_position":{"__type__":"cc.Vec3","x":-175,"y":498},"_scale":{"__type__":"cc.Vec3","x":1,"y":1,"z":1}},{"__type__":"cc.Node","_name":"ImproveBtn","_parent":{"__id__":2},"_children":[{"__id__":9}],"_level":2,"_components":[{"__type__":"cc.Sprite","node":{"__id__":8},"_spriteFrame":{"__uuid__":"487PGpkwhGuIrmyDRwB69c"},"_type":1,"_sizeMode":0},{"__id__":10},{"__type__":"cc.Widget","node":{"__id__":8},"alignMode":2,"_alignFlags":41,"_left":0.04,"_right":0.71,"_top":216.99999999999994,"_isAbsLeft":false,"_isAbsRight":false,"_originalWidth":185}],"_contentSize":{"__type__":"cc.Size","width":187.5,"height":55},"_position":{"__type__":"cc.Vec3","x":-251.25,"y":422.50000000000006},"_scale":{"__type__":"cc.Vec3","x":1,"y":1,"z":1}},{"__type__":"cc.Node","_name":"Label","_parent":{"__id__":8},"_components":[{"__type__":"cc.Label","node":{"__id__":9},"_srcBlendFactor":1,"_useOriginalSize":false,"_string":"功能优化改进 ","_N$string":"功能优化改进 ","_fontSize":26,"_lineHeight":30,"_enableWrapText":false,"_N$horizontalAlign":1,"_N$verticalAlign":1,"_N$overflow":2},{"__type__":"cc.Widget","node":{"__id__":9},"alignMode":2,"_alignFlags":42,"_left":15,"_right":15,"_top":7.5,"_bottom":7.5,"_originalWidth":100,"_originalHeight":40}],"_contentSize":{"__type__":"cc.Size","width":157.5,"height":40},"_scale":{"__type__":"cc.Vec3","x":1,"y":1,"z":1}},{"__type__":"cc.Button","node":{"__id__":8},"pressedColor":{"__type__":"cc.Color","r":255,"g":255,"b":255},"clickEvents":[{"__type__":"cc.ClickEvent","target":{"__id__":2},"component":"FeedBack","handler":"improveBtnClick","customEventData":"true"}],"_N$normalColor":{"__type__":"cc.Color","r":255,"g":255,"b":255},"_N$disabledColor":{"__type__":"cc.Color","r":255,"g":255,"b":255},"_N$normalSprite":{"__uuid__":"f0BIwQ8D5Ml7nTNQbh1YlS"},"_N$pressedSprite":{"__uuid__":"e97GVMl6JHh5Ml5qEDdSGa"},"pressedSprite":{"__uuid__":"e97GVMl6JHh5Ml5qEDdSGa"},"_N$hoverSprite":{"__uuid__":"f0BIwQ8D5Ml7nTNQbh1YlS"},"hoverSprite":{"__uuid__":"f0BIwQ8D5Ml7nTNQbh1YlS"},"_N$disabledSprite":{"__uuid__":"29FYIk+N1GYaeWH/q1NxQO"},"_N$target":{"__id__":8}},{"__type__":"cc.Node","_name":"BugBtn","_parent":{"__id__":2},"_children":[{"__id__":12}],"_level":2,"_components":[{"__type__":"cc.Sprite","node":{"__id__":11},"_spriteFrame":{"__uuid__":"2eV+5PobhOxJAZkbIeYLOY"},"_type":1,"_sizeMode":0},{"__id__":13},{"__type__":"cc.Widget","node":{"__id__":11},"alignMode":2,"_alignFlags":41,"_left":0.31,"_right":0.444,"_top":216.99999999999994,"_isAbsLeft":false,"_isAbsRight":false,"_originalWidth":185}],"_contentSize":{"__type__":"cc.Size","width":184.5,"height":55},"_position":{"__type__":"cc.Vec3","x":-50.25,"y":422.50000000000006},"_scale":{"__type__":"cc.Vec3","x":1,"y":1,"z":1}},{"__type__":"cc.Node","_name":"Label","_parent":{"__id__":11},"_components":[{"__type__":"cc.Label","node":{"__id__":12},"_srcBlendFactor":1,"_useOriginalSize":false,"_string":"使用BUG ","_N$string":"使用BUG ","_fontSize":26,"_lineHeight":30,"_enableWrapText":false,"_N$horizontalAlign":1,"_N$verticalAlign":1,"_N$overflow":2},{"__type__":"cc.Widget","node":{"__id__":12},"alignMode":2,"_alignFlags":42,"_left":35,"_right":35,"_top":7.5,"_bottom":7.5,"_originalWidth":100,"_originalHeight":40}],"_color":{"__type__":"cc.Color","r":121,"g":121,"b":121},"_contentSize":{"__type__":"cc.Size","width":114.5,"height":40},"_scale":{"__type__":"cc.Vec3","x":1,"y":1,"z":1}},{"__type__":"cc.Button","node":{"__id__":11},"pressedColor":{"__type__":"cc.Color","r":255,"g":255,"b":255},"clickEvents":[{"__type__":"cc.ClickEvent","target":{"__id__":2},"component":"FeedBack","handler":"bugBtnClick","customEventData":"true"}],"_N$normalColor":{"__type__":"cc.Color","r":255,"g":255,"b":255},"_N$disabledColor":{"__type__":"cc.Color","r":255,"g":255,"b":255},"_N$normalSprite":{"__uuid__":"f0BIwQ8D5Ml7nTNQbh1YlS"},"_N$pressedSprite":{"__uuid__":"e97GVMl6JHh5Ml5qEDdSGa"},"pressedSprite":{"__uuid__":"e97GVMl6JHh5Ml5qEDdSGa"},"_N$hoverSprite":{"__uuid__":"f0BIwQ8D5Ml7nTNQbh1YlS"},"hoverSprite":{"__uuid__":"f0BIwQ8D5Ml7nTNQbh1YlS"},"_N$disabledSprite":{"__uuid__":"29FYIk+N1GYaeWH/q1NxQO"},"_N$target":{"__id__":11}},{"__type__":"cc.Node","_name":"OthersBtn","_parent":{"__id__":2},"_children":[{"__id__":15}],"_level":2,"_components":[{"__type__":"cc.Sprite","node":{"__id__":14},"_spriteFrame":{"__uuid__":"2eV+5PobhOxJAZkbIeYLOY"},"_type":1,"_sizeMode":0},{"__id__":16},{"__type__":"cc.Widget","node":{"__id__":14},"alignMode":2,"_alignFlags":41,"_left":0.5760000000000001,"_right":0.177,"_top":216.99999999999994,"_isAbsLeft":false,"_isAbsRight":false,"_originalWidth":185}],"_contentSize":{"__type__":"cc.Size","width":185.24999999999994,"height":55},"_position":{"__type__":"cc.Vec3","x":149.62500000000003,"y":422.50000000000006},"_scale":{"__type__":"cc.Vec3","x":1,"y":1,"z":1}},{"__type__":"cc.Node","_name":"Label","_parent":{"__id__":14},"_components":[{"__type__":"cc.Label","node":{"__id__":15},"_srcBlendFactor":1,"_useOriginalSize":false,"_string":"其它问题","_N$string":"其它问题","_fontSize":26,"_lineHeight":30,"_enableWrapText":false,"_N$horizontalAlign":1,"_N$verticalAlign":1,"_N$overflow":2},{"__type__":"cc.Widget","node":{"__id__":15},"alignMode":2,"_alignFlags":42,"_left":39,"_right":39,"_top":7.5,"_bottom":7.5,"_originalWidth":100,"_originalHeight":40}],"_color":{"__type__":"cc.Color","r":121,"g":121,"b":121},"_contentSize":{"__type__":"cc.Size","width":107.24999999999994,"height":40},"_scale":{"__type__":"cc.Vec3","x":1,"y":1,"z":1}},{"__type__":"cc.Button","node":{"__id__":14},"pressedColor":{"__type__":"cc.Color","r":255,"g":255,"b":255},"clickEvents":[{"__type__":"cc.ClickEvent","target":{"__id__":2},"component":"FeedBack","handler":"othersBtnClick","customEventData":"true"}],"_N$normalColor":{"__type__":"cc.Color","r":255,"g":255,"b":255},"_N$disabledColor":{"__type__":"cc.Color","r":255,"g":255,"b":255},"_N$normalSprite":{"__uuid__":"f0BIwQ8D5Ml7nTNQbh1YlS"},"_N$pressedSprite":{"__uuid__":"e97GVMl6JHh5Ml5qEDdSGa"},"pressedSprite":{"__uuid__":"e97GVMl6JHh5Ml5qEDdSGa"},"_N$hoverSprite":{"__uuid__":"f0BIwQ8D5Ml7nTNQbh1YlS"},"hoverSprite":{"__uuid__":"f0BIwQ8D5Ml7nTNQbh1YlS"},"_N$disabledSprite":{"__uuid__":"29FYIk+N1GYaeWH/q1NxQO"},"_N$target":{"__id__":14}},{"__type__":"cc.Node","_name":"EditSprite","_parent":{"__id__":2},"_children":[{"__id__":18},{"__id__":25}],"_level":2,"_components":[{"__type__":"cc.Sprite","node":{"__id__":17},"_spriteFrame":{"__uuid__":"dfbQsMfqhBvq1NXbhgyab0"},"_type":1,"_sizeMode":0},{"__type__":"cc.Widget","node":{"__id__":17},"alignMode":2,"_alignFlags":41,"_left":30,"_right":30,"_top":300,"_bottom":351.5,"_originalWidth":40,"_originalHeight":36}],"_contentSize":{"__type__":"cc.Size","width":690,"height":590},"_position":{"__type__":"cc.Vec3","y":72},"_scale":{"__type__":"cc.Vec3","x":1,"y":1,"z":1}},{"__type__":"cc.Node","_name":"EditBox","_parent":{"__id__":17},"_children":[{"__id__":19},{"__id__":20},{"__id__":21},{"__id__":22}],"_level":2,"_components":[{"__id__":24},{"__type__":"cc.Widget","node":{"__id__":18},"alignMode":2,"_alignFlags":41,"_left":20,"_right":20,"_top":25,"_originalWidth":160}],"_contentSize":{"__type__":"cc.Size","width":650,"height":370},"_position":{"__type__":"cc.Vec3","y":85},"_scale":{"__type__":"cc.Vec3","x":1,"y":1,"z":1}},{"__type__":"cc.Node","_name":"TEXT_LABEL","_parent":{"__id__":18},"_active":false,"_level":2,"_components":[{"__type__":"cc.Label","node":{"__id__":19},"_srcBlendFactor":1,"_fontSize":26,"_lineHeight":36,"_N$overflow":1},{"__type__":"cc.Widget","node":{"__id__":19},"alignMode":2,"_alignFlags":45,"_left":5,"_right":5,"_originalWidth":648,"_originalHeight":370}],"_color":{"__type__":"cc.Color","r":74,"g":74,"b":74},"_contentSize":{"__type__":"cc.Size","width":648,"height":370},"_anchorPoint":{"__type__":"cc.Vec2","y":1},"_position":{"__type__":"cc.Vec3","x":-323,"y":185},"_scale":{"__type__":"cc.Vec3","x":1,"y":1,"z":1}},{"__type__":"cc.Node","_name":"PLACEHOLDER_LABEL","_parent":{"__id__":18},"_level":2,"_components":[{"__type__":"cc.Label","node":{"__id__":20},"_srcBlendFactor":1,"_fontSize":26,"_lineHeight":370,"_N$overflow":1},{"__type__":"cc.Widget","node":{"__id__":20},"alignMode":2,"_alignFlags":45,"_originalWidth":648,"_originalHeight":370}],"_color":{"__type__":"cc.Color","r":164,"g":164,"b":164},"_contentSize":{"__type__":"cc.Size","width":650,"height":370},"_anchorPoint":{"__type__":"cc.Vec2","y":1},"_position":{"__type__":"cc.Vec3","x":-325,"y":185},"_scale":{"__type__":"cc.Vec3","x":1,"y":1,"z":1}},{"__type__":"cc.Node","_name":"BACKGROUND_SPRITE","_parent":{"__id__":18},"_level":3,"_components":[{"__type__":"cc.Sprite","node":{"__id__":21},"_type":1}],"_contentSize":{"__type__":"cc.Size","width":650,"height":370},"_scale":{"__type__":"cc.Vec3","x":1,"y":1,"z":1}},{"__type__":"cc.Node","_name":"HintLabel","_parent":{"__id__":18},"_level":3,"_components":[{"__id__":23},{"__type__":"cc.Widget","node":{"__id__":22},"_alignFlags":41,"_originalWidth":577.84}],"_color":{"__type__":"cc.Color","r":164,"g":164,"b":164},"_contentSize":{"__type__":"cc.Size","width":650,"height":40},"_position":{"__type__":"cc.Vec3","y":165},"_scale":{"__type__":"cc.Vec3","x":1,"y":1,"z":1}},{"__type__":"cc.Label","node":{"__id__":22},"_srcBlendFactor":1,"_useOriginalSize":false,"_string":"输入你的问题，限200字。同时可上传最多3张截图","_N$string":"输入你的问题，限200字。同时可上传最多3张截图","_fontSize":26,"_N$verticalAlign":1,"_N$overflow":3},{"__type__":"cc.EditBox","node":{"__id__":18},"_useOriginalSize":false,"textChanged":[{"__type__":"cc.ClickEvent","target":{"__id__":2},"component":"FeedBack","handler":"ontextChange"}],"_N$fontSize":26,"_N$lineHeight":36,"_N$fontColor":{"__type__":"cc.Color","r":74,"g":74,"b":74},"_N$placeholder":"","_N$placeholderFontSize":26,"_N$placeholderFontColor":{"__type__":"cc.Color","r":164,"g":164,"b":164},"_N$maxLength":200},{"__type__":"cc.Node","_name":"ScrollView","_parent":{"__id__":17},"_children":[{"__id__":26}],"_level":3,"_components":[{"__type__":"cc.Sprite","node":{"__id__":25},"_type":1,"_sizeMode":0},{"__id__":30},{"__type__":"cc.Widget","node":{"__id__":25},"alignMode":2,"_alignFlags":44,"_originalWidth":240}],"_contentSize":{"__type__":"cc.Size","width":690,"height":192},"_position":{"__type__":"cc.Vec3","y":-199},"_scale":{"__type__":"cc.Vec3","x":1,"y":1,"z":1}},{"__type__":"cc.Node","_name":"view","_parent":{"__id__":25},"_children":[{"__id__":27}],"_components":[{"__type__":"cc.Mask","node":{"__id__":26}},{"__type__":"cc.Widget","node":{"__id__":26},"alignMode":2,"_alignFlags":45,"_originalWidth":240,"_originalHeight":250}],"_contentSize":{"__type__":"cc.Size","width":690,"height":192},"_scale":{"__type__":"cc.Vec3","x":1,"y":1,"z":1}},{"__type__":"cc.Node","_name":"content","_parent":{"__id__":26},"_children":[{"__id__":28}],"_components":[{"__type__":"cc.Widget","node":{"__id__":27},"alignMode":2,"_alignFlags":5,"_originalHeight":400},{"__type__":"cc.Layout","node":{"__id__":27},"_layoutSize":{"__type__":"cc.Size","width":203,"height":192},"_resize":1,"_N$layoutType":1,"_N$paddingLeft":30,"_N$paddingRight":30,"_N$spacingX":15}],"_contentSize":{"__type__":"cc.Size","width":203,"height":192},"_anchorPoint":{"__type__":"cc.Vec2","x":0.5,"y":1},"_position":{"__type__":"cc.Vec3","y":96},"_scale":{"__type__":"cc.Vec3","x":1,"y":1,"z":1}},{"__type__":"cc.Node","_name":"AddBtn","_parent":{"__id__":27},"_level":1,"_components":[{"__type__":"cc.Sprite","node":{"__id__":28},"_spriteFrame":{"__uuid__":"74emVrUFNEs4jyBpUIhkvf"},"_type":1,"_sizeMode":0},{"__id__":29},{"__type__":"cc.Widget","node":{"__id__":28},"alignMode":2,"_alignFlags":10,"_left":30}],"_contentSize":{"__type__":"cc.Size","width":143,"height":143},"_position":{"__type__":"cc.Vec3","y":-96},"_scale":{"__type__":"cc.Vec3","x":1,"y":1,"z":1}},{"__type__":"cc.Button","node":{"__id__":28},"pressedColor":{"__type__":"cc.Color","r":255,"g":255,"b":255},"clickEvents":[{"__type__":"cc.ClickEvent","target":{"__id__":2},"component":"FeedBack","handler":"addBtnClick","customEventData":"true"}],"_N$normalColor":{"__type__":"cc.Color","r":255,"g":255,"b":255},"_N$disabledColor":{"__type__":"cc.Color","r":255,"g":255,"b":255},"_N$normalSprite":{"__uuid__":"f0BIwQ8D5Ml7nTNQbh1YlS"},"_N$pressedSprite":{"__uuid__":"e97GVMl6JHh5Ml5qEDdSGa"},"pressedSprite":{"__uuid__":"e97GVMl6JHh5Ml5qEDdSGa"},"_N$hoverSprite":{"__uuid__":"f0BIwQ8D5Ml7nTNQbh1YlS"},"hoverSprite":{"__uuid__":"f0BIwQ8D5Ml7nTNQbh1YlS"},"_N$disabledSprite":{"__uuid__":"29FYIk+N1GYaeWH/q1NxQO"},"_N$target":{"__id__":28}},{"__type__":"cc.ScrollView","node":{"__id__":25},"vertical":false,"brake":0.75,"elastic":false,"bounceDuration":0.23,"_N$content":{"__id__":27},"content":{"__id__":27},"_N$horizontalScrollBar":null,"_N$verticalScrollBar":null},{"__type__":"cc.Node","_name":"PhoneMarkLabel","_parent":{"__id__":2},"_level":2,"_components":[{"__type__":"cc.Label","node":{"__id__":31},"_srcBlendFactor":1,"_useOriginalSize":false,"_string":"请留下你的联系方式，方便及时接受反馈","_N$string":"请留下你的联系方式，方便及时接受反馈","_fontSize":26,"_lineHeight":26,"_N$verticalAlign":1,"_N$overflow":1},{"__type__":"cc.Widget","node":{"__id__":31},"alignMode":2,"_alignFlags":41,"_left":30,"_right":30,"_top":920,"_originalWidth":468}],"_color":{"__type__":"cc.Color","r":74,"g":74,"b":74},"_contentSize":{"__type__":"cc.Size","width":690,"height":26},"_position":{"__type__":"cc.Vec3","y":-266},"_scale":{"__type__":"cc.Vec3","x":1,"y":1,"z":1}},{"__type__":"cc.Node","_name":"PhoneEditBox","_parent":{"__id__":2},"_children":[{"__id__":33},{"__id__":34},{"__id__":35}],"_level":2,"_components":[{"__id__":36},{"__type__":"cc.Widget","node":{"__id__":32},"alignMode":2,"_alignFlags":41,"_left":30,"_right":30,"_top":970,"_originalWidth":160},{"__type__":"cc.Sprite","node":{"__id__":32},"_spriteFrame":{"__uuid__":"dfbQsMfqhBvq1NXbhgyab0"},"_type":1,"_sizeMode":0}],"_contentSize":{"__type__":"cc.Size","width":690,"height":60},"_position":{"__type__":"cc.Vec3","y":-333},"_scale":{"__type__":"cc.Vec3","x":1,"y":1,"z":1}},{"__type__":"cc.Node","_name":"TEXT_LABEL","_parent":{"__id__":32},"_active":false,"_level":2,"_components":[{"__type__":"cc.Label","node":{"__id__":33},"_srcBlendFactor":1,"_fontSize":26,"_enableWrapText":false,"_N$verticalAlign":1,"_N$overflow":1},{"__type__":"cc.Widget","node":{"__id__":33},"alignMode":2,"_alignFlags":45,"_left":20,"_right":20,"_top":10,"_bottom":10,"_originalWidth":688,"_originalHeight":60}],"_color":{"__type__":"cc.Color","r":74,"g":74,"b":74},"_contentSize":{"__type__":"cc.Size","width":688,"height":60},"_anchorPoint":{"__type__":"cc.Vec2","y":1},"_position":{"__type__":"cc.Vec3","x":-343,"y":30},"_scale":{"__type__":"cc.Vec3","x":1,"y":1,"z":1}},{"__type__":"cc.Node","_name":"PLACEHOLDER_LABEL","_parent":{"__id__":32},"_level":2,"_components":[{"__type__":"cc.Label","node":{"__id__":34},"_srcBlendFactor":1,"_string":"输入手机号码","_N$string":"输入手机号码","_fontSize":26,"_lineHeight":60,"_enableWrapText":false,"_N$verticalAlign":1,"_N$overflow":1},{"__type__":"cc.Widget","node":{"__id__":34},"alignMode":2,"_alignFlags":45,"_left":20,"_right":20,"_originalWidth":688,"_originalHeight":60}],"_color":{"__type__":"cc.Color","r":164,"g":164,"b":164},"_contentSize":{"__type__":"cc.Size","width":650,"height":60},"_anchorPoint":{"__type__":"cc.Vec2","y":1},"_position":{"__type__":"cc.Vec3","x":-325,"y":30},"_scale":{"__type__":"cc.Vec3","x":1,"y":1,"z":1}},{"__type__":"cc.Node","_name":"BACKGROUND_SPRITE","_parent":{"__id__":32},"_level":3,"_components":[{"__type__":"cc.Sprite","node":{"__id__":35},"_type":1}],"_contentSize":{"__type__":"cc.Size","width":690,"height":60},"_scale":{"__type__":"cc.Vec3","x":1,"y":1,"z":1}},{"__type__":"cc.EditBox","node":{"__id__":32},"_useOriginalSize":false,"_N$inputMode":3,"_N$fontSize":26,"_N$fontColor":{"__type__":"cc.Color","r":74,"g":74,"b":74},"_N$placeholder":"输入手机号码","_N$placeholderFontSize":26,"_N$placeholderFontColor":{"__type__":"cc.Color","r":164,"g":164,"b":164},"_N$maxLength":11},{"__type__":"cc.Node","_name":"ConfirmBtn","_parent":{"__id__":2},"_children":[{"__id__":38}],"_level":2,"_components":[{"__type__":"cc.Sprite","node":{"__id__":37},"_spriteFrame":{"__uuid__":"76sCVUdh9NH45mKOpXvSUb"},"_type":1,"_sizeMode":0},{"__id__":39},{"__type__":"cc.Widget","node":{"__id__":37},"alignMode":2,"_alignFlags":41,"_left":75,"_right":75,"_top":1082,"_bottom":349,"_verticalCenter":-268,"_originalWidth":100}],"_contentSize":{"__type__":"cc.Size","width":600,"height":120},"_position":{"__type__":"cc.Vec3","y":-475},"_scale":{"__type__":"cc.Vec3","x":1,"y":1,"z":1}},{"__type__":"cc.Node","_name":"Label","_parent":{"__id__":37},"_components":[{"__type__":"cc.Label","node":{"__id__":38},"_srcBlendFactor":1,"_useOriginalSize":false,"_string":"提交反馈","_N$string":"提交反馈","_fontSize":36,"_enableWrapText":false,"_N$horizontalAlign":1,"_N$verticalAlign":1,"_N$overflow":1},{"__type__":"cc.Widget","node":{"__id__":38},"alignMode":2,"_alignFlags":45,"_originalWidth":100,"_originalHeight":40}],"_contentSize":{"__type__":"cc.Size","width":600,"height":120},"_scale":{"__type__":"cc.Vec3","x":1,"y":1,"z":1}},{"__type__":"cc.Button","node":{"__id__":37},"pressedColor":{"__type__":"cc.Color","r":255,"g":255,"b":255},"clickEvents":[{"__type__":"cc.ClickEvent","target":{"__id__":2},"component":"FeedBack","handler":"confirmBtnClick","customEventData":"true"}],"_N$normalColor":{"__type__":"cc.Color","r":255,"g":255,"b":255},"_N$disabledColor":{"__type__":"cc.Color","r":255,"g":255,"b":255},"_N$normalSprite":{"__uuid__":"f0BIwQ8D5Ml7nTNQbh1YlS"},"_N$pressedSprite":{"__uuid__":"e97GVMl6JHh5Ml5qEDdSGa"},"pressedSprite":{"__uuid__":"e97GVMl6JHh5Ml5qEDdSGa"},"_N$hoverSprite":{"__uuid__":"f0BIwQ8D5Ml7nTNQbh1YlS"},"hoverSprite":{"__uuid__":"f0BIwQ8D5Ml7nTNQbh1YlS"},"_N$disabledSprite":{"__uuid__":"29FYIk+N1GYaeWH/q1NxQO"},"_N$target":{"__id__":37}}],{"__type__":"cc.SpriteFrame","content":{"name":"default_btn_normal","texture":"e8Ueib+qJEhL6mXAHdnwbi","rect":[0,0,40,40],"offset":[0,0],"originalSize":[40,40],"capInsets":[12,12,12,12]}}]