[[{"__type__":"cc.Prefab","_name":"Toast","data":{"__id__":1}},{"__type__":"cc.Node","_name":"Toast","_children":[{"__id__":2}],"_level":1,"_components":[{"__type__":"cc.Widget","node":{"__id__":1},"_alignFlags":45,"_originalWidth":750,"_originalHeight":1334},{"__type__":"cc.BlockInputEvents","node":{"__id__":1}}],"_prefab":{"__type__":"cc.PrefabInfo","root":{"__id__":1},"asset":{"__uuid__":"4bP/0rSxVNbr4OjPLM6/Rt"},"fileId":"f1cfgRQyBLL4IE9RhyzORQ"},"_contentSize":{"__type__":"cc.Size","width":750,"height":1334},"_position":{"__type__":"cc.Vec3","x":375,"y":667},"_scale":{"__type__":"cc.Vec3","x":1,"y":1,"z":1}},{"__type__":"cc.Node","_name":"Toastbg","_parent":{"__id__":1},"_children":[{"__id__":3}],"_level":3,"_components":[{"__type__":"cc.Sprite","node":{"__id__":2},"_spriteFrame":{"__uuid__":"e0wBEIKv9AmacijqjyYxo+"},"_type":1,"_sizeMode":0},{"__type__":"cc.Widget","node":{"__id__":2},"_alignFlags":41,"_left":0.15,"_right":0.15,"_top":0.40029985007496255,"_isAbsLeft":false,"_isAbsRight":false,"_isAbsTop":false,"_originalWidth":147.87},{"__type__":"cc.Layout","node":{"__id__":2},"_layoutSize":{"__type__":"cc.Size","width":525,"height":150},"_N$layoutType":2,"_N$paddingTop":55,"_N$paddingBottom":55}],"_prefab":{"__type__":"cc.PrefabInfo","root":{"__id__":1},"asset":{"__uuid__":"4bP/0rSxVNbr4OjPLM6/Rt"},"fileId":"18SQcSUPBCSYTxPu92L4IJ"},"_opacity":200,"_color":{"__type__":"cc.Color"},"_contentSize":{"__type__":"cc.Size","width":525,"height":150},"_position":{"__type__":"cc.Vec3","y":58},"_scale":{"__type__":"cc.Vec3","x":1,"y":1,"z":1}},{"__type__":"cc.Node","_name":"toast","_parent":{"__id__":2},"_level":4,"_components":[{"__type__":"cc.Label","node":{"__id__":3},"_srcBlendFactor":1,"_useOriginalSize":false,"_fontSize":30,"_N$horizontalAlign":1,"_N$verticalAlign":1,"_N$overflow":3},{"__type__":"cc.Widget","node":{"__id__":3},"_alignFlags":40,"_left":0.13,"_right":0.13,"_isAbsLeft":false,"_isAbsRight":false,"_originalWidth":330}],"_prefab":{"__type__":"cc.PrefabInfo","root":{"__id__":1},"asset":{"__uuid__":"4bP/0rSxVNbr4OjPLM6/Rt"},"fileId":"adqyUptM9O8Zw5Jc9ho0gb"},"_contentSize":{"__type__":"cc.Size","width":388.5,"height":40},"_scale":{"__type__":"cc.Vec3","x":1,"y":1,"z":1}}],{"__type__":"cc.SpriteFrame","content":{"name":"toastbg","texture":"e7XskGRqtFppK24iNC0ONG","rect":[0,0,432,140],"offset":[0,0],"originalSize":[432,140],"capInsets":[22,27,21,25]}}]