[{"__type__":"cc.SpriteFrame","content":{"name":"white_bg","texture":"11+MH+mEdPXZmm6UnzsvES","rect":[0,0,490,286],"offset":[0,0],"originalSize":[490,286],"capInsets":[0,0,0,0]}},{"__type__":"cc.SpriteFrame","content":{"name":"default_btn_disabled","texture":"71VhFCTINJM6/Ky3oX9nBT","rect":[0,0,40,40],"offset":[0,0],"originalSize":[40,40],"capInsets":[12,12,12,12]}},{"__type__":"cc.SpriteFrame","content":{"name":"shop_success","texture":"41HLa+/h9EMaVdsHdsjUo1","rect":[0,0,523,267],"offset":[0,0],"originalSize":[523,267],"capInsets":[0,0,0,0]}},{"__type__":"cc.SpriteFrame","content":{"name":"shop_confirm_bg","texture":"3aVKM/C5NDXZv1pni7hH7/","rect":[0,0,620,120],"offset":[0,0],"originalSize":[620,120],"capInsets":[60,0,60,0]}},{"__type__":"cc.SpriteFrame","content":{"name":"shop_success_next","texture":"d5czy/kT9N1KNC65xar0mv","rect":[0,0,260,100],"offset":[0,0],"originalSize":[260,100],"capInsets":[40,0,40,0]}},{"__type__":"cc.SpriteFrame","content":{"name":"back","texture":"0crVq4CiFGKJ6Q4VG57SZ9","rect":[0,0,20,34],"offset":[0,0],"originalSize":[20,34],"capInsets":[0,0,0,0]}},{"__type__":"cc.SpriteFrame","content":{"name":"money","texture":"5bqAvkm1pE3IC/+SDfQwsg","rect":[0,0,40,41],"offset":[0,0],"originalSize":[40,41],"capInsets":[0,0,0,0]}},{"__type__":"cc.SpriteFrame","content":{"name":"default_panel","texture":"d8HsitJHxOYqo801xBk8ev","rect":[0,0,20,20],"offset":[0,0],"originalSize":[20,20],"capInsets":[6,6,6,6]}},[{"__type__":"cc.SceneAsset","_name":"ExchangePracticality","scene":{"__id__":1},"asyncLoadAssets":null},{"__type__":"cc.Scene","_name":"New Node","_children":[{"__id__":2}],"_anchorPoint":{"__type__":"cc.Vec2"},"_scale":{"__type__":"cc.Vec3","x":0.4362818590704648,"y":0.4362818590704648,"z":1},"autoReleaseAssets":false},{"__type__":"cc.Node","_name":"Canvas","_parent":{"__id__":1},"_children":[{"__id__":3},{"__id__":4},{"__id__":8},{"__id__":42}],"_level":1,"_components":[{"__type__":"cc.Canvas","node":{"__id__":2},"_designResolution":{"__type__":"cc.Size","width":750,"height":1334}},{"__type__":"98e38ChRYdGd6BLqnN4v/pw","node":{"__id__":2},"successView":{"__id__":42},"goodsSprite":{"__id__":13},"nameLabelL":{"__id__":15},"moneyLabel":{"__id__":18},"reduceBtn":{"__id__":20},"addBtn":{"__id__":25},"numberLabel":{"__id__":23},"addressLabel":{"__id__":28},"alterBtn":{"__id__":32},"confirmBtn":{"__id__":35},"goodsDescLabel":{"__id__":39}}],"_contentSize":{"__type__":"cc.Size","width":750,"height":1334},"_position":{"__type__":"cc.Vec3","x":375,"y":667},"_scale":{"__type__":"cc.Vec3","x":1,"y":1,"z":1},"_id":"b1tRBca9xKWJzepN/CBv+S"},{"__type__":"cc.Node","_name":"Main Camera","_parent":{"__id__":2},"_level":2,"_components":[{"__type__":"cc.Camera","node":{"__id__":3},"_clearFlags":7,"_backgroundColor":{"__type__":"cc.Color","r":252,"g":249,"b":238},"_depth":-1}],"_scale":{"__type__":"cc.Vec3","x":1,"y":1,"z":1}},{"__type__":"cc.Node","_name":"NavigationBar","_parent":{"__id__":2},"_children":[{"__id__":5},{"__id__":7}],"_level":2,"_components":[{"__type__":"cc.Sprite","node":{"__id__":4},"_spriteFrame":{"__uuid__":"16CnnZYYNM/o+1K8BpewH6"},"_sizeMode":0},{"__type__":"cc.Widget","node":{"__id__":4},"alignMode":2,"_alignFlags":41,"_originalWidth":40}],"_contentSize":{"__type__":"cc.Size","width":750,"height":128},"_position":{"__type__":"cc.Vec3","y":603},"_scale":{"__type__":"cc.Vec3","x":1,"y":1,"z":1}},{"__type__":"cc.Node","_name":"BackBtn","_parent":{"__id__":4},"_children":[{"__id__":6}],"_level":3,"_components":[{"__type__":"cc.Button","node":{"__id__":5},"pressedColor":{"__type__":"cc.Color","r":255,"g":255,"b":255},"clickEvents":[{"__type__":"cc.ClickEvent","target":{"__id__":2},"component":"ExchangePracticality","handler":"backBtnClick","customEventData":"true"}],"_N$normalColor":{"__type__":"cc.Color","r":255,"g":255,"b":255},"_N$disabledColor":{"__type__":"cc.Color","r":255,"g":255,"b":255},"_N$pressedSprite":{"__uuid__":"e97GVMl6JHh5Ml5qEDdSGa"},"pressedSprite":{"__uuid__":"e97GVMl6JHh5Ml5qEDdSGa"},"_N$hoverSprite":{"__uuid__":"f0BIwQ8D5Ml7nTNQbh1YlS"},"hoverSprite":{"__uuid__":"f0BIwQ8D5Ml7nTNQbh1YlS"},"_N$disabledSprite":{"__uuid__":"29FYIk+N1GYaeWH/q1NxQO"},"_N$target":{"__id__":5}},{"__type__":"cc.Widget","node":{"__id__":5},"alignMode":2,"_alignFlags":9,"_left":20,"_top":55}],"_contentSize":{"__type__":"cc.Size","width":50,"height":50},"_position":{"__type__":"cc.Vec3","x":-330,"y":-16},"_scale":{"__type__":"cc.Vec3","x":1,"y":1,"z":1}},{"__type__":"cc.Node","_name":"Sprite","_parent":{"__id__":5},"_level":3,"_components":[{"__type__":"cc.Sprite","node":{"__id__":6},"_spriteFrame":{"__uuid__":"83jl2tL11O4KOcaqrDgUjB"}},{"__type__":"cc.Widget","node":{"__id__":6},"alignMode":2,"_alignFlags":18}],"_contentSize":{"__type__":"cc.Size","width":20,"height":34},"_scale":{"__type__":"cc.Vec3","x":1,"y":1,"z":1}},{"__type__":"cc.Node","_name":"TitleLabel","_parent":{"__id__":4},"_level":3,"_components":[{"__type__":"cc.Label","node":{"__id__":7},"_srcBlendFactor":1,"_useOriginalSize":false,"_string":"商品兑换","_N$string":"商品兑换","_fontSize":38,"_lineHeight":38,"_N$horizontalAlign":1,"_N$verticalAlign":1},{"__type__":"cc.Widget","node":{"__id__":7},"alignMode":2,"_alignFlags":17,"_top":62}],"_color":{"__type__":"cc.Color"},"_contentSize":{"__type__":"cc.Size","width":152,"height":38},"_position":{"__type__":"cc.Vec3","y":-17},"_scale":{"__type__":"cc.Vec3","x":1,"y":1,"z":1}},{"__type__":"cc.Node","_name":"ScrollView","_parent":{"__id__":2},"_children":[{"__id__":9}],"_level":2,"_components":[{"__type__":"cc.Sprite","node":{"__id__":8},"_spriteFrame":{"__uuid__":"9bvaMerUlDyary99mJa6xp"},"_type":1,"_sizeMode":0},{"__type__":"cc.ScrollView","node":{"__id__":8},"horizontal":false,"brake":0.75,"elastic":false,"bounceDuration":0.23,"_N$content":{"__id__":10},"content":{"__id__":10},"_N$horizontalScrollBar":null,"_N$verticalScrollBar":null},{"__type__":"cc.Widget","node":{"__id__":8},"alignMode":2,"_alignFlags":45,"_top":128,"_originalWidth":240,"_originalHeight":250}],"_color":{"__type__":"cc.Color","r":252,"g":249,"b":238},"_contentSize":{"__type__":"cc.Size","width":750,"height":1206},"_position":{"__type__":"cc.Vec3","y":-64},"_scale":{"__type__":"cc.Vec3","x":1,"y":1,"z":1}},{"__type__":"cc.Node","_name":"view","_parent":{"__id__":8},"_children":[{"__id__":10}],"_components":[{"__type__":"cc.Mask","node":{"__id__":9}},{"__type__":"cc.Widget","node":{"__id__":9},"alignMode":2,"_alignFlags":45,"_originalWidth":240,"_originalHeight":250}],"_contentSize":{"__type__":"cc.Size","width":750,"height":1206},"_scale":{"__type__":"cc.Vec3","x":1,"y":1,"z":1}},{"__type__":"cc.Node","_name":"content","_parent":{"__id__":9},"_children":[{"__id__":11},{"__id__":12},{"__id__":14},{"__id__":16},{"__id__":19},{"__id__":21},{"__id__":24},{"__id__":26},{"__id__":33},{"__id__":36}],"_components":[{"__type__":"cc.Widget","node":{"__id__":10},"alignMode":2,"_alignFlags":40,"_bottom":806,"_originalWidth":220,"_originalHeight":400}],"_contentSize":{"__type__":"cc.Size","width":750,"height":1460},"_anchorPoint":{"__type__":"cc.Vec2","x":0.5,"y":1},"_position":{"__type__":"cc.Vec3","y":603},"_scale":{"__type__":"cc.Vec3","x":1,"y":1,"z":1}},{"__type__":"cc.Node","_name":"Bg","_parent":{"__id__":10},"_level":1,"_components":[{"__type__":"cc.Sprite","node":{"__id__":11},"_spriteFrame":{"__uuid__":"16CnnZYYNM/o+1K8BpewH6"},"_sizeMode":0},{"__type__":"cc.Widget","node":{"__id__":11},"_alignFlags":41,"_originalWidth":490}],"_contentSize":{"__type__":"cc.Size","width":750,"height":542},"_position":{"__type__":"cc.Vec3","y":-271},"_scale":{"__type__":"cc.Vec3","x":1,"y":1,"z":1}},{"__type__":"cc.Node","_name":"Image","_parent":{"__id__":10},"_level":1,"_components":[{"__id__":13},{"__type__":"cc.Widget","node":{"__id__":12},"alignMode":2,"_alignFlags":41,"_originalWidth":40}],"_color":{"__type__":"cc.Color","r":255,"g":215,"b":75},"_contentSize":{"__type__":"cc.Size","width":750,"height":380},"_position":{"__type__":"cc.Vec3","y":-190},"_scale":{"__type__":"cc.Vec3","x":1,"y":1,"z":1}},{"__type__":"cc.Sprite","node":{"__id__":12},"_spriteFrame":{"__uuid__":"16CnnZYYNM/o+1K8BpewH6"},"_sizeMode":0},{"__type__":"cc.Node","_name":"NameLabel","_parent":{"__id__":10},"_level":1,"_components":[{"__id__":15},{"__type__":"cc.Widget","node":{"__id__":14},"alignMode":2,"_alignFlags":9,"_left":35,"_top":410}],"_color":{"__type__":"cc.Color","r":74,"g":74,"b":74},"_contentSize":{"__type__":"cc.Size","width":144,"height":36},"_position":{"__type__":"cc.Vec3","x":-268,"y":-428},"_scale":{"__type__":"cc.Vec3","x":1,"y":1,"z":1}},{"__type__":"cc.Label","node":{"__id__":14},"_srcBlendFactor":1,"_useOriginalSize":false,"_string":"商品名称","_N$string":"商品名称","_fontSize":36,"_lineHeight":36,"_N$horizontalAlign":1,"_N$verticalAlign":1},{"__type__":"cc.Node","_name":"MoneyLabel","_parent":{"__id__":10},"_children":[{"__id__":17}],"_level":1,"_components":[{"__id__":18},{"__type__":"cc.Widget","node":{"__id__":16},"alignMode":2,"_alignFlags":9,"_left":35.000000000000114,"_top":467}],"_color":{"__type__":"cc.Color","r":246,"g":174,"b":9},"_contentSize":{"__type__":"cc.Size","width":26.7,"height":48},"_position":{"__type__":"cc.Vec3","x":-326.64999999999986,"y":-491},"_scale":{"__type__":"cc.Vec3","x":1,"y":1,"z":1}},{"__type__":"cc.Node","_name":"Sprite","_parent":{"__id__":16},"_level":3,"_components":[{"__type__":"cc.Sprite","node":{"__id__":17},"_spriteFrame":{"__uuid__":"8ezS0rzZ1BmbyPZn11+Q7S"},"_sizeMode":0},{"__type__":"cc.Widget","node":{"__id__":17},"alignMode":2,"_alignFlags":34,"_right":-46}],"_contentSize":{"__type__":"cc.Size","width":40,"height":40},"_position":{"__type__":"cc.Vec3","x":39.35},"_scale":{"__type__":"cc.Vec3","x":1,"y":1,"z":1}},{"__type__":"cc.Label","node":{"__id__":16},"_srcBlendFactor":1,"_useOriginalSize":false,"_string":"0","_N$string":"0","_fontSize":48,"_lineHeight":48,"_N$horizontalAlign":1,"_N$verticalAlign":1},{"__type__":"cc.Node","_name":"ReduceBtn","_parent":{"__id__":10},"_level":1,"_components":[{"__type__":"cc.Sprite","node":{"__id__":19},"_spriteFrame":{"__uuid__":"c3lR7VaQNExpHr1wxi6CeA"},"_type":1,"_sizeMode":0},{"__id__":20},{"__type__":"cc.Widget","node":{"__id__":19},"alignMode":2,"_alignFlags":33,"_right":187,"_top":476}],"_contentSize":{"__type__":"cc.Size","width":40,"height":40},"_position":{"__type__":"cc.Vec3","x":168,"y":-496},"_scale":{"__type__":"cc.Vec3","x":1,"y":1,"z":1}},{"__type__":"cc.Button","node":{"__id__":19},"pressedColor":{"__type__":"cc.Color","r":255,"g":255,"b":255},"clickEvents":[{"__type__":"cc.ClickEvent","target":{"__id__":2},"component":"ExchangePracticality","handler":"reduceBtnClick","customEventData":"true"}],"_N$normalColor":{"__type__":"cc.Color","r":255,"g":255,"b":255},"_N$disabledColor":{"__type__":"cc.Color","r":255,"g":255,"b":255},"_N$normalSprite":{"__uuid__":"caq8hcFNVMZ4wpU1SbBWqf"},"_N$pressedSprite":{"__uuid__":"e97GVMl6JHh5Ml5qEDdSGa"},"pressedSprite":{"__uuid__":"e97GVMl6JHh5Ml5qEDdSGa"},"_N$hoverSprite":{"__uuid__":"f0BIwQ8D5Ml7nTNQbh1YlS"},"hoverSprite":{"__uuid__":"f0BIwQ8D5Ml7nTNQbh1YlS"},"_N$disabledSprite":{"__uuid__":"29FYIk+N1GYaeWH/q1NxQO"},"_N$target":{"__id__":19}},{"__type__":"cc.Node","_name":"Number","_parent":{"__id__":10},"_children":[{"__id__":22}],"_level":1,"_components":[{"__type__":"cc.Widget","node":{"__id__":21},"alignMode":2,"_alignFlags":33,"_left":569,"_right":81,"_top":477,"_bottom":691,"_originalWidth":100,"_originalHeight":39},{"__type__":"cc.Sprite","node":{"__id__":21},"_spriteFrame":{"__uuid__":"dd7Fh580tNfahU4ni87Fsz"},"_type":1,"_sizeMode":0}],"_contentSize":{"__type__":"cc.Size","width":100,"height":39},"_position":{"__type__":"cc.Vec3","x":244,"y":-496.5},"_scale":{"__type__":"cc.Vec3","x":1,"y":1,"z":1}},{"__type__":"cc.Node","_name":"NumberLabel","_parent":{"__id__":21},"_level":2,"_components":[{"__id__":23},{"__type__":"cc.Widget","node":{"__id__":22},"alignMode":2,"_alignFlags":18,"_right":325,"_top":-18}],"_color":{"__type__":"cc.Color"},"_contentSize":{"__type__":"cc.Size","width":100,"height":39},"_scale":{"__type__":"cc.Vec3","x":1,"y":1,"z":1}},{"__type__":"cc.Label","node":{"__id__":22},"_srcBlendFactor":1,"_useOriginalSize":false,"_string":"0","_N$string":"0","_fontSize":30,"_lineHeight":30,"_N$horizontalAlign":1,"_N$verticalAlign":1,"_N$overflow":1},{"__type__":"cc.Node","_name":"AddBtn","_parent":{"__id__":10},"_level":1,"_components":[{"__type__":"cc.Sprite","node":{"__id__":24},"_spriteFrame":{"__uuid__":"caq8hcFNVMZ4wpU1SbBWqf"},"_type":1,"_sizeMode":0},{"__id__":25},{"__type__":"cc.Widget","node":{"__id__":24},"alignMode":2,"_alignFlags":33,"_right":34.99999999999977,"_top":476}],"_contentSize":{"__type__":"cc.Size","width":40,"height":40},"_position":{"__type__":"cc.Vec3","x":320.0000000000002,"y":-496},"_scale":{"__type__":"cc.Vec3","x":1,"y":1,"z":1}},{"__type__":"cc.Button","node":{"__id__":24},"pressedColor":{"__type__":"cc.Color","r":255,"g":255,"b":255},"clickEvents":[{"__type__":"cc.ClickEvent","target":{"__id__":2},"component":"ExchangePracticality","handler":"addBtnClick","customEventData":"true"}],"_N$normalColor":{"__type__":"cc.Color","r":255,"g":255,"b":255},"_N$disabledColor":{"__type__":"cc.Color","r":255,"g":255,"b":255},"_N$normalSprite":{"__uuid__":"caq8hcFNVMZ4wpU1SbBWqf"},"_N$pressedSprite":{"__uuid__":"e97GVMl6JHh5Ml5qEDdSGa"},"pressedSprite":{"__uuid__":"e97GVMl6JHh5Ml5qEDdSGa"},"_N$hoverSprite":{"__uuid__":"f0BIwQ8D5Ml7nTNQbh1YlS"},"hoverSprite":{"__uuid__":"f0BIwQ8D5Ml7nTNQbh1YlS"},"_N$disabledSprite":{"__uuid__":"29FYIk+N1GYaeWH/q1NxQO"},"_N$target":{"__id__":24}},{"__type__":"cc.Node","_name":"Address","_parent":{"__id__":10},"_children":[{"__id__":27},{"__id__":29}],"_level":1,"_components":[{"__type__":"cc.Widget","node":{"__id__":26},"alignMode":2,"_alignFlags":41,"_top":562},{"__type__":"cc.Sprite","node":{"__id__":26},"_spriteFrame":{"__uuid__":"16CnnZYYNM/o+1K8BpewH6"},"_type":1,"_sizeMode":0}],"_contentSize":{"__type__":"cc.Size","width":750,"height":80},"_position":{"__type__":"cc.Vec3","y":-602},"_scale":{"__type__":"cc.Vec3","x":1,"y":1,"z":1}},{"__type__":"cc.Node","_name":"AddressLabel","_parent":{"__id__":26},"_level":3,"_components":[{"__id__":28},{"__type__":"cc.Widget","node":{"__id__":27},"alignMode":2,"_alignFlags":42,"_left":35,"_right":218,"_originalWidth":150,"_originalHeight":30}],"_color":{"__type__":"cc.Color","r":164,"g":164,"b":164},"_contentSize":{"__type__":"cc.Size","width":497,"height":30},"_position":{"__type__":"cc.Vec3","x":-91.5},"_scale":{"__type__":"cc.Vec3","x":1,"y":1,"z":1}},{"__type__":"cc.Label","node":{"__id__":27},"_srcBlendFactor":1,"_useOriginalSize":false,"_string":"快递地址：","_N$string":"快递地址：","_fontSize":30,"_lineHeight":30,"_N$verticalAlign":1,"_N$overflow":1},{"__type__":"cc.Node","_name":"AlterButton","_parent":{"__id__":26},"_children":[{"__id__":30},{"__id__":31}],"_level":3,"_components":[{"__id__":32},{"__type__":"cc.Widget","node":{"__id__":29},"alignMode":2,"_alignFlags":34,"_right":35}],"_contentSize":{"__type__":"cc.Size","width":117,"height":42},"_position":{"__type__":"cc.Vec3","x":281.5},"_scale":{"__type__":"cc.Vec3","x":1,"y":1,"z":1}},{"__type__":"cc.Node","_name":"Label","_parent":{"__id__":29},"_components":[{"__type__":"cc.Label","node":{"__id__":30},"_srcBlendFactor":1,"_useOriginalSize":false,"_string":"修改地址","_N$string":"修改地址","_fontSize":30,"_lineHeight":30,"_enableWrapText":false,"_N$horizontalAlign":1,"_N$verticalAlign":1,"_N$overflow":1},{"__type__":"cc.Widget","node":{"__id__":30},"alignMode":2,"_alignFlags":45,"_originalWidth":100,"_originalHeight":40}],"_color":{"__type__":"cc.Color","r":253,"g":109,"b":39},"_contentSize":{"__type__":"cc.Size","width":117,"height":42},"_scale":{"__type__":"cc.Vec3","x":1,"y":1,"z":1}},{"__type__":"cc.Node","_name":"Line","_parent":{"__id__":29},"_level":4,"_components":[{"__type__":"cc.Sprite","node":{"__id__":31},"_spriteFrame":{"__uuid__":"16CnnZYYNM/o+1K8BpewH6"},"_type":1,"_sizeMode":0},{"__type__":"cc.Widget","node":{"__id__":31},"_alignFlags":44,"_originalWidth":60}],"_color":{"__type__":"cc.Color","r":253,"g":109,"b":39},"_contentSize":{"__type__":"cc.Size","width":117,"height":2},"_position":{"__type__":"cc.Vec3","y":-20},"_scale":{"__type__":"cc.Vec3","x":1,"y":1,"z":1}},{"__type__":"cc.Button","node":{"__id__":29},"pressedColor":{"__type__":"cc.Color","r":255,"g":255,"b":255},"clickEvents":[{"__type__":"cc.ClickEvent","target":{"__id__":2},"component":"ExchangePracticality","handler":"alterBtnClick"}],"_N$normalColor":{"__type__":"cc.Color","r":255,"g":255,"b":255},"_N$disabledColor":{"__type__":"cc.Color","r":255,"g":255,"b":255},"_N$normalSprite":{"__uuid__":"f0BIwQ8D5Ml7nTNQbh1YlS"},"_N$pressedSprite":{"__uuid__":"e97GVMl6JHh5Ml5qEDdSGa"},"pressedSprite":{"__uuid__":"e97GVMl6JHh5Ml5qEDdSGa"},"_N$hoverSprite":{"__uuid__":"f0BIwQ8D5Ml7nTNQbh1YlS"},"hoverSprite":{"__uuid__":"f0BIwQ8D5Ml7nTNQbh1YlS"},"_N$disabledSprite":{"__uuid__":"29FYIk+N1GYaeWH/q1NxQO"},"_N$target":{"__id__":29}},{"__type__":"cc.Node","_name":"ConfirmBtn","_parent":{"__id__":10},"_children":[{"__id__":34}],"_level":1,"_components":[{"__type__":"cc.Sprite","node":{"__id__":33},"_spriteFrame":{"__uuid__":"76sCVUdh9NH45mKOpXvSUb"},"_type":1,"_sizeMode":0},{"__id__":35},{"__type__":"cc.Widget","node":{"__id__":33},"alignMode":2,"_alignFlags":41,"_left":50,"_right":50,"_top":668,"_bottom":349,"_verticalCenter":-268,"_originalWidth":100}],"_contentSize":{"__type__":"cc.Size","width":650,"height":100},"_position":{"__type__":"cc.Vec3","y":-718},"_scale":{"__type__":"cc.Vec3","x":1,"y":1,"z":1}},{"__type__":"cc.Node","_name":"Label","_parent":{"__id__":33},"_level":2,"_components":[{"__type__":"cc.Label","node":{"__id__":34},"_srcBlendFactor":1,"_useOriginalSize":false,"_string":"立即兑换","_N$string":"立即兑换","_fontSize":36,"_enableWrapText":false,"_N$horizontalAlign":1,"_N$verticalAlign":1,"_N$overflow":1},{"__type__":"cc.Widget","node":{"__id__":34},"alignMode":2,"_alignFlags":45,"_originalWidth":100,"_originalHeight":40}],"_contentSize":{"__type__":"cc.Size","width":650,"height":100},"_scale":{"__type__":"cc.Vec3","x":1,"y":1,"z":1}},{"__type__":"cc.Button","node":{"__id__":33},"pressedColor":{"__type__":"cc.Color","r":255,"g":255,"b":255},"clickEvents":[{"__type__":"cc.ClickEvent","target":{"__id__":2},"component":"ExchangePracticality","handler":"confirmBtnClick","customEventData":"true"}],"_N$normalColor":{"__type__":"cc.Color","r":255,"g":255,"b":255},"_N$disabledColor":{"__type__":"cc.Color","r":255,"g":255,"b":255},"_N$normalSprite":{"__uuid__":"f0BIwQ8D5Ml7nTNQbh1YlS"},"_N$pressedSprite":{"__uuid__":"e97GVMl6JHh5Ml5qEDdSGa"},"pressedSprite":{"__uuid__":"e97GVMl6JHh5Ml5qEDdSGa"},"_N$hoverSprite":{"__uuid__":"f0BIwQ8D5Ml7nTNQbh1YlS"},"hoverSprite":{"__uuid__":"f0BIwQ8D5Ml7nTNQbh1YlS"},"_N$disabledSprite":{"__uuid__":"29FYIk+N1GYaeWH/q1NxQO"},"_N$target":{"__id__":33}},{"__type__":"cc.Node","_name":"InfoSprite","_parent":{"__id__":10},"_children":[{"__id__":37},{"__id__":38},{"__id__":40},{"__id__":41}],"_level":1,"_components":[{"__type__":"cc.Sprite","node":{"__id__":36},"_spriteFrame":{"__uuid__":"d95e9Z/15JZZbZW1JnwwvB"},"_type":1,"_sizeMode":0},{"__type__":"cc.Widget","node":{"__id__":36},"_alignFlags":41,"_left":30,"_right":30,"_top":795,"_originalWidth":40}],"_contentSize":{"__type__":"cc.Size","width":690,"height":650},"_position":{"__type__":"cc.Vec3","y":-1120},"_scale":{"__type__":"cc.Vec3","x":1,"y":1,"z":1}},{"__type__":"cc.Node","_name":"InfoLabel","_parent":{"__id__":36},"_level":2,"_components":[{"__type__":"cc.Label","node":{"__id__":37},"_srcBlendFactor":1,"_useOriginalSize":false,"_string":"商品说明","_N$string":"商品说明","_fontSize":30,"_lineHeight":30,"_N$horizontalAlign":1,"_N$verticalAlign":1},{"__type__":"cc.Widget","node":{"__id__":37},"alignMode":2,"_alignFlags":9,"_left":35,"_top":35}],"_color":{"__type__":"cc.Color","r":74,"g":74,"b":74},"_contentSize":{"__type__":"cc.Size","width":120,"height":30},"_position":{"__type__":"cc.Vec3","x":-250,"y":275},"_scale":{"__type__":"cc.Vec3","x":1,"y":1,"z":1}},{"__type__":"cc.Node","_name":"InfoDetailLabel","_parent":{"__id__":36},"_level":2,"_components":[{"__id__":39},{"__type__":"cc.Widget","node":{"__id__":38},"alignMode":2,"_alignFlags":9,"_left":35,"_top":80}],"_color":{"__type__":"cc.Color","r":164,"g":164,"b":164},"_contentSize":{"__type__":"cc.Size","width":120,"height":60},"_position":{"__type__":"cc.Vec3","x":-250,"y":215},"_scale":{"__type__":"cc.Vec3","x":1,"y":1,"z":1}},{"__type__":"cc.Label","node":{"__id__":38},"_srcBlendFactor":1,"_useOriginalSize":false,"_string":"商品名称：\n商品描述：","_N$string":"商品名称：\n商品描述：","_fontSize":24,"_lineHeight":30,"_N$verticalAlign":1},{"__type__":"cc.Node","_name":"RuleLabel","_parent":{"__id__":36},"_level":2,"_components":[{"__type__":"cc.Label","node":{"__id__":40},"_srcBlendFactor":1,"_useOriginalSize":false,"_string":"兑换规则","_N$string":"兑换规则","_fontSize":30,"_lineHeight":30,"_N$horizontalAlign":1,"_N$verticalAlign":1},{"__type__":"cc.Widget","node":{"__id__":40},"alignMode":2,"_alignFlags":9,"_left":35,"_top":170}],"_color":{"__type__":"cc.Color","r":74,"g":74,"b":74},"_contentSize":{"__type__":"cc.Size","width":120,"height":30},"_position":{"__type__":"cc.Vec3","x":-250,"y":140},"_scale":{"__type__":"cc.Vec3","x":1,"y":1,"z":1}},{"__type__":"cc.Node","_name":"RuleDetailLabel","_parent":{"__id__":36},"_level":2,"_components":[{"__type__":"cc.Label","node":{"__id__":41},"_srcBlendFactor":1,"_useOriginalSize":false,"_string":"1.商品兑换成功，扣除积分概不退还。\n2.同一账号、手机号、设备视为同一用户。\n3.根据产品类型、限量、库存及促销等因素，不同产品的橙币定价规则会有所不同，具体所需积分以实际兑换价格为准。\n4.确认兑换时，务必绑定手机号正确设置收货信息，具体到门牌号\n\n1.兑换成功后，实物商品7个工作日内发货，请耐心等待。\n2.商品一经兑换，无质量问题不予退换，请在确认环节核对好兑换商品。\n3.由于用户原因，如邮寄地址错误、无法联系、未及时取件待，导致无法送达，不进行第二次补发。","_N$string":"1.商品兑换成功，扣除积分概不退还。\n2.同一账号、手机号、设备视为同一用户。\n3.根据产品类型、限量、库存及促销等因素，不同产品的橙币定价规则会有所不同，具体所需积分以实际兑换价格为准。\n4.确认兑换时，务必绑定手机号正确设置收货信息，具体到门牌号\n\n1.兑换成功后，实物商品7个工作日内发货，请耐心等待。\n2.商品一经兑换，无质量问题不予退换，请在确认环节核对好兑换商品。\n3.由于用户原因，如邮寄地址错误、无法联系、未及时取件待，导致无法送达，不进行第二次补发。","_fontSize":24,"_lineHeight":30,"_N$verticalAlign":1,"_N$overflow":3},{"__type__":"cc.Widget","node":{"__id__":41},"alignMode":2,"_alignFlags":41,"_left":35,"_right":35,"_top":225,"_originalWidth":1268.02}],"_color":{"__type__":"cc.Color","r":164,"g":164,"b":164},"_contentSize":{"__type__":"cc.Size","width":620,"height":390},"_position":{"__type__":"cc.Vec3","y":-95},"_scale":{"__type__":"cc.Vec3","x":1,"y":1,"z":1}},{"__type__":"cc.Node","_name":"ExchangeSuccess","_parent":{"__id__":2},"_children":[{"__id__":43},{"__id__":44},{"__id__":45},{"__id__":47}],"_active":false,"_level":2,"_components":[{"__type__":"cc.Sprite","node":{"__id__":42},"_spriteFrame":{"__uuid__":"16CnnZYYNM/o+1K8BpewH6"},"_sizeMode":0},{"__type__":"cc.Widget","node":{"__id__":42},"alignMode":2,"_originalWidth":750}],"_contentSize":{"__type__":"cc.Size","width":750,"height":1334},"_scale":{"__type__":"cc.Vec3","x":1,"y":1,"z":1}},{"__type__":"cc.Node","_name":"MarkSprite","_parent":{"__id__":42},"_level":3,"_components":[{"__type__":"cc.Sprite","node":{"__id__":43},"_spriteFrame":{"__uuid__":"720iaTTN5ELLs4xexwVOyw"},"_sizeMode":0},{"__type__":"cc.Widget","node":{"__id__":43},"alignMode":2,"_alignFlags":18,"_verticalCenter":220}],"_contentSize":{"__type__":"cc.Size","width":523,"height":267},"_position":{"__type__":"cc.Vec3","y":220},"_scale":{"__type__":"cc.Vec3","x":1,"y":1,"z":1}},{"__type__":"cc.Node","_name":"MarkLabel","_parent":{"__id__":42},"_level":3,"_components":[{"__type__":"cc.Label","node":{"__id__":44},"_srcBlendFactor":1,"_useOriginalSize":false,"_string":"快安利给身边的小伙伴吧！","_N$string":"快安利给身边的小伙伴吧！","_fontSize":36,"_lineHeight":36,"_N$horizontalAlign":1,"_N$verticalAlign":1},{"__type__":"cc.Widget","node":{"__id__":44},"alignMode":2,"_alignFlags":18}],"_color":{"__type__":"cc.Color","r":74,"g":74,"b":74},"_contentSize":{"__type__":"cc.Size","width":432,"height":36},"_scale":{"__type__":"cc.Vec3","x":1,"y":1,"z":1}},{"__type__":"cc.Node","_name":"NextBtn","_parent":{"__id__":42},"_children":[{"__id__":46}],"_level":3,"_components":[{"__type__":"cc.Sprite","node":{"__id__":45},"_spriteFrame":{"__uuid__":"7bLs85meRHbJwc71AqbcER"},"_type":1,"_sizeMode":0},{"__type__":"cc.Button","node":{"__id__":45},"pressedColor":{"__type__":"cc.Color","r":255,"g":255,"b":255},"clickEvents":[{"__type__":"cc.ClickEvent","target":{"__id__":2},"component":"ExchangePracticality","handler":"nextBtnClick","customEventData":"true"}],"_N$normalColor":{"__type__":"cc.Color","r":255,"g":255,"b":255},"_N$disabledColor":{"__type__":"cc.Color","r":255,"g":255,"b":255},"_N$normalSprite":{"__uuid__":"f0BIwQ8D5Ml7nTNQbh1YlS"},"_N$pressedSprite":{"__uuid__":"e97GVMl6JHh5Ml5qEDdSGa"},"pressedSprite":{"__uuid__":"e97GVMl6JHh5Ml5qEDdSGa"},"_N$hoverSprite":{"__uuid__":"f0BIwQ8D5Ml7nTNQbh1YlS"},"hoverSprite":{"__uuid__":"f0BIwQ8D5Ml7nTNQbh1YlS"},"_N$disabledSprite":{"__uuid__":"29FYIk+N1GYaeWH/q1NxQO"},"_N$target":{"__id__":45}},{"__type__":"cc.Widget","node":{"__id__":45},"alignMode":2,"_alignFlags":44,"_left":96,"_right":0.55,"_bottom":361,"_isAbsRight":false,"_originalWidth":100}],"_color":{"__type__":"cc.Color","r":121,"g":121,"b":121},"_contentSize":{"__type__":"cc.Size","width":241.49999999999994,"height":100},"_position":{"__type__":"cc.Vec3","x":-158.25000000000003,"y":-256},"_scale":{"__type__":"cc.Vec3","x":1,"y":1,"z":1}},{"__type__":"cc.Node","_name":"Label","_parent":{"__id__":45},"_components":[{"__type__":"cc.Label","node":{"__id__":46},"_srcBlendFactor":1,"_useOriginalSize":false,"_string":"下次再说","_N$string":"下次再说","_fontSize":36,"_lineHeight":36,"_enableWrapText":false,"_N$horizontalAlign":1,"_N$verticalAlign":1,"_N$overflow":1},{"__type__":"cc.Widget","node":{"__id__":46},"alignMode":2,"_alignFlags":45,"_originalWidth":100,"_originalHeight":100}],"_color":{"__type__":"cc.Color","r":164,"g":164,"b":164},"_contentSize":{"__type__":"cc.Size","width":241.49999999999994,"height":100},"_scale":{"__type__":"cc.Vec3","x":1,"y":1,"z":1}},{"__type__":"cc.Node","_name":"ShareBtn","_parent":{"__id__":42},"_children":[{"__id__":48}],"_level":3,"_components":[{"__type__":"cc.Sprite","node":{"__id__":47},"_spriteFrame":{"__uuid__":"c4mh6N1a5DqoflKDjExb7H"},"_type":1,"_sizeMode":0},{"__type__":"cc.Button","node":{"__id__":47},"pressedColor":{"__type__":"cc.Color","r":255,"g":255,"b":255},"clickEvents":[{"__type__":"cc.ClickEvent","target":{"__id__":2},"component":"ExchangePracticality","handler":"shareBtnClick","customEventData":"true"}],"_N$normalColor":{"__type__":"cc.Color","r":255,"g":255,"b":255},"_N$disabledColor":{"__type__":"cc.Color","r":255,"g":255,"b":255},"_N$normalSprite":{"__uuid__":"f0BIwQ8D5Ml7nTNQbh1YlS"},"_N$pressedSprite":{"__uuid__":"e97GVMl6JHh5Ml5qEDdSGa"},"pressedSprite":{"__uuid__":"e97GVMl6JHh5Ml5qEDdSGa"},"_N$hoverSprite":{"__uuid__":"f0BIwQ8D5Ml7nTNQbh1YlS"},"hoverSprite":{"__uuid__":"f0BIwQ8D5Ml7nTNQbh1YlS"},"_N$disabledSprite":{"__uuid__":"29FYIk+N1GYaeWH/q1NxQO"},"_N$target":{"__id__":47}},{"__type__":"cc.Widget","node":{"__id__":47},"alignMode":2,"_alignFlags":44,"_left":0.55,"_right":96,"_bottom":361,"_isAbsLeft":false,"_originalWidth":100}],"_contentSize":{"__type__":"cc.Size","width":241.49999999999994,"height":100},"_position":{"__type__":"cc.Vec3","x":158.25000000000003,"y":-256},"_scale":{"__type__":"cc.Vec3","x":1,"y":1,"z":1}},{"__type__":"cc.Node","_name":"Label","_parent":{"__id__":47},"_components":[{"__type__":"cc.Label","node":{"__id__":48},"_srcBlendFactor":1,"_useOriginalSize":false,"_string":"分享好友","_N$string":"分享好友","_fontSize":36,"_lineHeight":36,"_enableWrapText":false,"_N$horizontalAlign":1,"_N$verticalAlign":1,"_N$overflow":1},{"__type__":"cc.Widget","node":{"__id__":48},"alignMode":2,"_alignFlags":45,"_originalWidth":100,"_originalHeight":100}],"_contentSize":{"__type__":"cc.Size","width":241.49999999999994,"height":100},"_scale":{"__type__":"cc.Vec3","x":1,"y":1,"z":1}}],{"__type__":"cc.SpriteFrame","content":{"name":"shop_reduce","texture":"dbKvRdj39AN7PkpKmwRTrj","rect":[0,0,38,39],"offset":[0,0],"originalSize":[38,39],"capInsets":[10,10,10,10]}},{"__type__":"cc.SpriteFrame","content":{"name":"shop_success_share","texture":"0e57w/AslAH4jBHaoDbhiy","rect":[0,0,260,100],"offset":[0,0],"originalSize":[260,100],"capInsets":[0,0,0,0]}},{"__type__":"cc.SpriteFrame","content":{"name":"shop_add","texture":"f0+qa2TRlC4IYZW1avPhUJ","rect":[0,0,38,39],"offset":[0,0],"originalSize":[38,39],"capInsets":[10,10,10,10]}},{"__type__":"cc.SpriteFrame","content":{"name":"shop_confirm_detail_bg","texture":"2ckoBkP05BXLS4H0rUrY5z","rect":[0,0,710,520],"offset":[0,0],"originalSize":[710,520],"capInsets":[25,30,25,30]}},{"__type__":"cc.SpriteFrame","content":{"name":"shop_number","texture":"feeKh2xXtJpZYt0YLrSIfC","rect":[0,0,100,39],"offset":[0,0],"originalSize":[100,39],"capInsets":[5,5,5,5]}},{"__type__":"cc.SpriteFrame","content":{"name":"default_btn_pressed","texture":"b4P/PCArtIdIH38t6mlw8Y","rect":[0,0,40,40],"offset":[0,0],"originalSize":[40,40],"capInsets":[12,12,12,12]}},{"__type__":"cc.SpriteFrame","content":{"name":"default_btn_normal","texture":"e8Ueib+qJEhL6mXAHdnwbi","rect":[0,0,40,40],"offset":[0,0],"originalSize":[40,40],"capInsets":[12,12,12,12]}}]