[{"__type__":"cc.SpriteFrame","content":{"name":"launch_icon","texture":"9eHol9cj5P3ImZKPj/kOOS","rect":[0,0,296,296],"offset":[0,0],"originalSize":[296,296],"capInsets":[0,0,0,0]}},{"__type__":"cc.SpriteFrame","content":{"name":"launch_mark","texture":"fdnnukzStFUY7FL+B2P+rD","rect":[0,0,336,105],"offset":[0,0],"originalSize":[336,105],"capInsets":[0,0,0,0]}},[{"__type__":"cc.SceneAsset","_name":"Launch","scene":{"__id__":1},"asyncLoadAssets":null},{"__type__":"cc.Scene","_name":"New Node","_children":[{"__id__":2}],"_anchorPoint":{"__type__":"cc.Vec2"},"_scale":{"__type__":"cc.Vec3","x":0.40554722638680657,"y":0.40554722638680657,"z":1},"autoReleaseAssets":false},{"__type__":"cc.Node","_name":"Canvas","_parent":{"__id__":1},"_children":[{"__id__":3},{"__id__":4},{"__id__":5},{"__id__":6},{"__id__":7}],"_level":1,"_components":[{"__type__":"cc.Canvas","node":{"__id__":2},"_designResolution":{"__type__":"cc.Size","width":750,"height":1334}},{"__type__":"6c4c6fvN3ZEPIGMpJG6W5ul","node":{"__id__":2}}],"_contentSize":{"__type__":"cc.Size","width":750,"height":1334},"_position":{"__type__":"cc.Vec3","x":375,"y":667},"_scale":{"__type__":"cc.Vec3","x":1,"y":1,"z":1},"_id":"95vCi/1WpOWK2eT/s5GT4p"},{"__type__":"cc.Node","_name":"Main Camera","_parent":{"__id__":2},"_level":2,"_components":[{"__type__":"cc.Camera","node":{"__id__":3},"_clearFlags":7,"_backgroundColor":{"__type__":"cc.Color","r":252,"g":249,"b":238},"_depth":-1}],"_scale":{"__type__":"cc.Vec3","x":1,"y":1,"z":1}},{"__type__":"cc.Node","_name":"Bg","_parent":{"__id__":2},"_level":2,"_components":[{"__type__":"cc.Sprite","node":{"__id__":4},"_spriteFrame":{"__uuid__":"caxfKeB1VJNLFuueQkGte8"},"_sizeMode":0},{"__type__":"cc.Widget","node":{"__id__":4},"alignMode":2,"_alignFlags":45,"_originalWidth":40,"_originalHeight":36}],"_contentSize":{"__type__":"cc.Size","width":750,"height":1334},"_scale":{"__type__":"cc.Vec3","x":1,"y":1,"z":1}},{"__type__":"cc.Node","_name":"Icon","_parent":{"__id__":2},"_level":2,"_components":[{"__type__":"cc.Sprite","node":{"__id__":5},"_spriteFrame":{"__uuid__":"0cNqoD6qhBWLYlcuseKN5+"}},{"__type__":"cc.Widget","node":{"__id__":5},"alignMode":2,"_alignFlags":17,"_top":192}],"_contentSize":{"__type__":"cc.Size","width":296,"height":296},"_position":{"__type__":"cc.Vec3","y":327},"_scale":{"__type__":"cc.Vec3","x":1,"y":1,"z":1}},{"__type__":"cc.Node","_name":"TitleSprite","_parent":{"__id__":2},"_level":2,"_components":[{"__type__":"cc.Sprite","node":{"__id__":6},"_spriteFrame":{"__uuid__":"b7m/qA8SZAxpaXjf1M91sY"}},{"__type__":"cc.Widget","node":{"__id__":6},"alignMode":2,"_alignFlags":17,"_top":480}],"_contentSize":{"__type__":"cc.Size","width":396,"height":97},"_position":{"__type__":"cc.Vec3","y":138.5},"_scale":{"__type__":"cc.Vec3","x":1,"y":1,"z":1}},{"__type__":"cc.Node","_name":"SubTitleSprite","_parent":{"__id__":2},"_level":2,"_components":[{"__type__":"cc.Sprite","node":{"__id__":7},"_spriteFrame":{"__uuid__":"2c+t0CG2NNm4kG50MSbqbc"}},{"__type__":"cc.Widget","node":{"__id__":7},"alignMode":2,"_alignFlags":17,"_top":615}],"_contentSize":{"__type__":"cc.Size","width":336,"height":105},"_position":{"__type__":"cc.Vec3","y":-0.5},"_scale":{"__type__":"cc.Vec3","x":1,"y":1,"z":1}}],{"__type__":"cc.SpriteFrame","content":{"name":"launch_title","texture":"20LWSft9NFbbRLyEZHKT/g","rect":[0,0,396,97],"offset":[0,0],"originalSize":[396,97],"capInsets":[0,0,0,0]}},{"__type__":"cc.SpriteFrame","content":{"name":"launch_bg","texture":"2a5/tc0jZAY7urBRbkvXnV","rect":[0,0,750,1334],"offset":[0,0],"originalSize":[750,1334],"capInsets":[0,0,0,0]}}]