[{"__type__":"cc.SpriteFrame","content":{"name":"box_front","texture":"a6y9rlYudLVo0UOsKehsS/","rect":[0,0,149,130],"offset":[0,0],"originalSize":[149,130],"capInsets":[0,0,0,0]}},{"__type__":"cc.AudioClip","_name":"reward_add_money","_native":".mp3"},{"__type__":"cc.SpriteFrame","content":{"name":"study_award_box","texture":"3eL0qVTQNDxI9e+Z2oCxrR","rect":[0,0,149,163],"offset":[0,0],"originalSize":[149,163],"capInsets":[0,0,0,0]}},{"__type__":"cc.SpriteFrame","content":{"name":"005","texture":"actpitlD5PKIKzyH3jyjoG","rect":[0,0,200,200],"offset":[0,0],"originalSize":[200,200],"capInsets":[0,0,0,0]}},{"__type__":"cc.SpriteFrame","content":{"name":"default_btn_disabled","texture":"71VhFCTINJM6/Ky3oX9nBT","rect":[0,0,40,40],"offset":[0,0],"originalSize":[40,40],"capInsets":[12,12,12,12]}},{"__type__":"cc.AnimationClip","_name":"StudyAwardStarAnimation","_duration":1,"sample":30,"speed":3.5,"curveData":{"props":{"scale":[{"frame":0,"value":{"__type__":"cc.Vec2","x":2,"y":2},"curve":"cubicOut"},{"frame":1,"value":{"__type__":"cc.Vec2","x":1,"y":1}}],"opacity":[{"frame":0,"value":100,"curve":"cubicOut"},{"frame":1,"value":255}],"rotation":[{"frame":0,"value":-270},{"frame":1,"value":0}]},"paths":{}},"events":[{"frame":1,"func":"starAnimComplete","params":[true]}]},{"__type__":"cc.AudioClip","_name":"reward_open","_native":".mp3"},{"__type__":"cc.SpriteFrame","content":{"name":"blue_star","texture":"5a1KbeCkNKJrFAxYnsHK67","rect":[3,6,193,184],"offset":[-0.5,2],"originalSize":[200,200],"capInsets":[0,0,0,0]}},{"__type__":"cc.AudioClip","_name":"reward_open_box","_native":".mp3"},{"__type__":"cc.SpriteFrame","content":{"name":"box_arua_bg","texture":"2dxxCGgUxN8JlIrKA4DGVQ","rect":[0,0,551,557],"offset":[0,0],"originalSize":[551,557],"capInsets":[0,0,0,0]}},[{"__type__":"cc.SceneAsset","_name":"TollGateAward","scene":{"__id__":1},"asyncLoadAssets":null},{"__type__":"cc.Scene","_name":"New Node","_children":[{"__id__":2}],"_anchorPoint":{"__type__":"cc.Vec2"},"_scale":{"__type__":"cc.Vec3","x":0.22938530734632684,"y":0.22938530734632684,"z":1},"autoReleaseAssets":false},{"__type__":"cc.Node","_name":"Canvas","_parent":{"__id__":1},"_children":[{"__id__":3},{"__id__":4},{"__id__":6},{"__id__":7},{"__id__":8},{"__id__":9},{"__id__":10},{"__id__":19},{"__id__":21},{"__id__":25},{"__id__":52},{"__id__":55},{"__id__":58}],"_level":1,"_components":[{"__type__":"cc.Canvas","node":{"__id__":2},"_designResolution":{"__type__":"cc.Size","width":750,"height":1334}},{"__type__":"b5e05wkd51IEov/XF3zKUFU","node":{"__id__":2},"leftStarSprite":{"__id__":12},"middleStarSprite":{"__id__":14},"rightStarSprite":{"__id__":16},"scaleStarSprite":{"__id__":18},"markLabel":{"__id__":20},"combatNumberLabel":{"__id__":24},"boxAuraSprite":{"__id__":27},"boxAuraBgSprite":{"__id__":29},"leftBoxBtn":{"__id__":34},"middleBoxBtn":{"__id__":44},"rightBoxBtn":{"__id__":39},"moneySprite":{"__id__":49},"addMoneySprite":{"__id__":51},"moneyMarkLabel":{"__id__":46},"shareBtn":{"__id__":54},"posterBtn":{"__id__":57},"thanksBtn":{"__id__":60},"openAudioClip":{"__uuid__":"49l2/tB/BFF5Jl97pC1KG8"},"starAudioClip":{"__uuid__":"d4VuKsqzJIC6GouQGXCFKI"},"clickBoxAudioClip":{"__uuid__":"f3G6EP8jBKHJvOkE47Ww9Y"},"openBoxAudioClip":{"__uuid__":"4dWPjT6lVFz70CCwCFbUPm"},"addMoneyAudioClip":{"__uuid__":"13fuuawchDu4269FrQScE1"}}],"_contentSize":{"__type__":"cc.Size","width":750,"height":1334},"_position":{"__type__":"cc.Vec3","x":375,"y":667},"_scale":{"__type__":"cc.Vec3","x":1,"y":1,"z":1},"_id":"67HvbFbeVHOqhmgjx9xzDb"},{"__type__":"cc.Node","_name":"Main Camera","_parent":{"__id__":2},"_level":2,"_components":[{"__type__":"cc.Camera","node":{"__id__":3},"_clearFlags":7,"_backgroundColor":{"__type__":"cc.Color","r":252,"g":249,"b":238},"_depth":-1}],"_scale":{"__type__":"cc.Vec3","x":1,"y":1,"z":1}},{"__type__":"cc.Node","_name":"BackBtn","_parent":{"__id__":2},"_children":[{"__id__":5}],"_level":2,"_components":[{"__type__":"cc.Button","node":{"__id__":4},"pressedColor":{"__type__":"cc.Color","r":255,"g":255,"b":255},"clickEvents":[{"__type__":"cc.ClickEvent","target":{"__id__":2},"component":"TollGateAward","handler":"backBtnClick","customEventData":"true"}],"_N$normalColor":{"__type__":"cc.Color","r":255,"g":255,"b":255},"_N$disabledColor":{"__type__":"cc.Color","r":255,"g":255,"b":255},"_N$pressedSprite":{"__uuid__":"e97GVMl6JHh5Ml5qEDdSGa"},"pressedSprite":{"__uuid__":"e97GVMl6JHh5Ml5qEDdSGa"},"_N$hoverSprite":{"__uuid__":"f0BIwQ8D5Ml7nTNQbh1YlS"},"hoverSprite":{"__uuid__":"f0BIwQ8D5Ml7nTNQbh1YlS"},"_N$disabledSprite":{"__uuid__":"29FYIk+N1GYaeWH/q1NxQO"},"_N$target":{"__id__":4}},{"__type__":"cc.Widget","node":{"__id__":4},"alignMode":2,"_alignFlags":9,"_left":20,"_top":55}],"_contentSize":{"__type__":"cc.Size","width":50,"height":50},"_position":{"__type__":"cc.Vec3","x":-330,"y":587},"_scale":{"__type__":"cc.Vec3","x":1,"y":1,"z":1}},{"__type__":"cc.Node","_name":"Sprite","_parent":{"__id__":4},"_level":4,"_components":[{"__type__":"cc.Sprite","node":{"__id__":5},"_spriteFrame":{"__uuid__":"83jl2tL11O4KOcaqrDgUjB"}},{"__type__":"cc.Widget","node":{"__id__":5},"alignMode":2,"_alignFlags":18}],"_contentSize":{"__type__":"cc.Size","width":20,"height":34},"_scale":{"__type__":"cc.Vec3","x":1,"y":1,"z":1}},{"__type__":"cc.Node","_name":"OrangeParticle","_parent":{"__id__":2},"_level":2,"_components":[{"__type__":"cc.ParticleSystem","node":{"__id__":6},"_custom":true,"_spriteFrame":{"__uuid__":"e8lYjD2GNCbLELs2u/SkW9"},"totalParticles":60,"duration":2,"emissionRate":30,"life":2,"lifeVar":1,"_startColor":{"__type__":"cc.Color","r":246,"g":174,"b":9},"_startColorVar":{"__type__":"cc.Color","a":0},"_endColor":{"__type__":"cc.Color","r":255,"g":255,"b":255,"a":0},"_endColorVar":{"__type__":"cc.Color","a":0},"angle":0,"angleVar":360,"startSize":30,"startSizeVar":60,"endSize":30,"endSizeVar":60,"startSpin":60,"startSpinVar":60,"endSpin":60,"endSpinVar":60,"posVar":{"__type__":"cc.Vec2","x":10,"y":10},"positionType":1,"speed":300,"speedVar":80,"tangentialAccel":0}],"_contentSize":{"__type__":"cc.Size","width":100,"height":100},"_position":{"__type__":"cc.Vec3","x":-160,"y":450},"_scale":{"__type__":"cc.Vec3","x":1,"y":1,"z":1}},{"__type__":"cc.Node","_name":"ColourParticle","_parent":{"__id__":2},"_level":2,"_components":[{"__type__":"cc.ParticleSystem","node":{"__id__":7},"_custom":true,"_spriteFrame":{"__uuid__":"1fMX3/WqJEwLAUuBtyL+zi"},"totalParticles":60,"duration":2,"emissionRate":25,"life":2,"lifeVar":1,"_startColor":{"__type__":"cc.Color","r":255,"g":255,"b":255},"_startColorVar":{"__type__":"cc.Color","a":0},"_endColor":{"__type__":"cc.Color","r":255,"g":255,"b":255,"a":0},"_endColorVar":{"__type__":"cc.Color","a":0},"angle":0,"angleVar":360,"startSize":20,"startSizeVar":40,"endSize":20,"endSizeVar":40,"startSpin":60,"startSpinVar":60,"endSpin":60,"endSpinVar":60,"posVar":{"__type__":"cc.Vec2","x":10,"y":10},"positionType":1,"speed":300,"speedVar":80,"tangentialAccel":0}],"_contentSize":{"__type__":"cc.Size","width":100,"height":100},"_position":{"__type__":"cc.Vec3","x":9,"y":450},"_scale":{"__type__":"cc.Vec3","x":1,"y":1,"z":1}},{"__type__":"cc.Node","_name":"RedParticle","_parent":{"__id__":2},"_level":2,"_components":[{"__type__":"cc.ParticleSystem","node":{"__id__":8},"_custom":true,"_spriteFrame":{"__uuid__":"951Q55EE5JqoA3qV0ESHum"},"totalParticles":60,"duration":2,"emissionRate":30,"life":2,"lifeVar":1,"_startColor":{"__type__":"cc.Color","r":255,"g":255,"b":255},"_startColorVar":{"__type__":"cc.Color","a":0},"_endColor":{"__type__":"cc.Color","r":255,"g":255,"b":255,"a":0},"_endColorVar":{"__type__":"cc.Color","a":0},"angle":0,"angleVar":360,"startSize":20,"startSizeVar":10,"endSize":20,"endSizeVar":5,"startSpin":60,"startSpinVar":60,"endSpin":60,"endSpinVar":60,"posVar":{"__type__":"cc.Vec2","x":10,"y":10},"positionType":1,"speed":300,"speedVar":80,"tangentialAccel":0}],"_contentSize":{"__type__":"cc.Size","width":100,"height":100},"_position":{"__type__":"cc.Vec3","x":9,"y":450},"_scale":{"__type__":"cc.Vec3","x":1,"y":1,"z":1}},{"__type__":"cc.Node","_name":"BlueParticle","_parent":{"__id__":2},"_level":2,"_components":[{"__type__":"cc.ParticleSystem","node":{"__id__":9},"_custom":true,"_spriteFrame":{"__uuid__":"498IySew5Iprtz1bBZyMTm"},"totalParticles":60,"duration":2,"emissionRate":30,"life":2,"lifeVar":1,"_startColor":{"__type__":"cc.Color","r":255,"g":255,"b":255},"_startColorVar":{"__type__":"cc.Color","a":0},"_endColor":{"__type__":"cc.Color","r":255,"g":255,"b":255,"a":0},"_endColorVar":{"__type__":"cc.Color","a":0},"angleVar":270,"startSize":30,"startSizeVar":60,"endSize":30,"endSizeVar":30,"startSpin":60,"startSpinVar":60,"endSpin":60,"endSpinVar":60,"posVar":{"__type__":"cc.Vec2","x":10,"y":10},"positionType":1,"speed":300,"speedVar":80,"tangentialAccel":0}],"_contentSize":{"__type__":"cc.Size","width":100,"height":100},"_position":{"__type__":"cc.Vec3","x":160,"y":450},"_scale":{"__type__":"cc.Vec3","x":1,"y":1,"z":1}},{"__type__":"cc.Node","_name":"StarBg","_parent":{"__id__":2},"_children":[{"__id__":11},{"__id__":13},{"__id__":15},{"__id__":17}],"_level":2,"_components":[{"__type__":"cc.Sprite","node":{"__id__":10},"_spriteFrame":{"__uuid__":"adgppz3k9GbpsfK3ED4Lq/"},"_sizeMode":0},{"__type__":"cc.Widget","node":{"__id__":10},"alignMode":2,"_alignFlags":41,"_left":-20,"_right":-20,"_top":115,"_originalWidth":867}],"_contentSize":{"__type__":"cc.Size","width":790,"height":244},"_position":{"__type__":"cc.Vec3","y":430},"_scale":{"__type__":"cc.Vec3","x":1,"y":1,"z":1}},{"__type__":"cc.Node","_name":"LeftStar","_parent":{"__id__":10},"_active":false,"_level":3,"_components":[{"__id__":12},{"__type__":"cc.Widget","node":{"__id__":11},"alignMode":2,"_alignFlags":18,"_verticalCenter":45,"_horizontalCenter":-140},{"__type__":"cc.Animation","node":{"__id__":11},"_defaultClip":{"__uuid__":"2dci3+FyBI3LbMfz6n23uW"},"_clips":[{"__uuid__":"2dci3+FyBI3LbMfz6n23uW"}]},{"__type__":"5440aTIT2NECbYKBtipERGw","node":{"__id__":11}}],"_contentSize":{"__type__":"cc.Size","width":139,"height":134},"_position":{"__type__":"cc.Vec3","x":-140,"y":45},"_scale":{"__type__":"cc.Vec3","x":1,"y":1,"z":1}},{"__type__":"cc.Sprite","node":{"__id__":11},"_spriteFrame":{"__uuid__":"e6kHBJenlHKah3KZxWZZWA"},"_sizeMode":0},{"__type__":"cc.Node","_name":"MiddleStar","_parent":{"__id__":10},"_active":false,"_level":3,"_components":[{"__id__":14},{"__type__":"cc.Widget","node":{"__id__":13},"alignMode":2,"_alignFlags":18,"_verticalCenter":40},{"__type__":"cc.Animation","node":{"__id__":13},"_defaultClip":{"__uuid__":"2dci3+FyBI3LbMfz6n23uW"},"_clips":[{"__uuid__":"2dci3+FyBI3LbMfz6n23uW"}]},{"__type__":"5440aTIT2NECbYKBtipERGw","node":{"__id__":13}}],"_contentSize":{"__type__":"cc.Size","width":139,"height":134},"_position":{"__type__":"cc.Vec3","y":40},"_scale":{"__type__":"cc.Vec3","x":1,"y":1,"z":1}},{"__type__":"cc.Sprite","node":{"__id__":13},"_spriteFrame":{"__uuid__":"e6kHBJenlHKah3KZxWZZWA"},"_sizeMode":0},{"__type__":"cc.Node","_name":"RightStar","_parent":{"__id__":10},"_active":false,"_level":3,"_components":[{"__id__":16},{"__type__":"cc.Widget","node":{"__id__":15},"alignMode":2,"_alignFlags":18,"_verticalCenter":45,"_horizontalCenter":140},{"__type__":"cc.Animation","node":{"__id__":15},"_defaultClip":{"__uuid__":"2dci3+FyBI3LbMfz6n23uW"},"_clips":[{"__uuid__":"2dci3+FyBI3LbMfz6n23uW"}]},{"__type__":"5440aTIT2NECbYKBtipERGw","node":{"__id__":15}}],"_contentSize":{"__type__":"cc.Size","width":139,"height":134},"_position":{"__type__":"cc.Vec3","x":140,"y":45},"_scale":{"__type__":"cc.Vec3","x":1,"y":1,"z":1}},{"__type__":"cc.Sprite","node":{"__id__":15},"_spriteFrame":{"__uuid__":"e6kHBJenlHKah3KZxWZZWA"},"_sizeMode":0},{"__type__":"cc.Node","_name":"ScaleStar","_parent":{"__id__":10},"_active":false,"_level":3,"_components":[{"__id__":18},{"__type__":"cc.Widget","node":{"__id__":17},"alignMode":2,"_alignFlags":18,"_verticalCenter":40},{"__type__":"cc.Animation","node":{"__id__":17},"_defaultClip":{"__uuid__":"c7E7/DkhJMKocyxIEO0rKK"},"_clips":[{"__uuid__":"c7E7/DkhJMKocyxIEO0rKK"}]}],"_contentSize":{"__type__":"cc.Size","width":139,"height":134},"_position":{"__type__":"cc.Vec3","y":40},"_scale":{"__type__":"cc.Vec3","x":1,"y":1,"z":1}},{"__type__":"cc.Sprite","node":{"__id__":17},"_spriteFrame":{"__uuid__":"e6kHBJenlHKah3KZxWZZWA"},"_sizeMode":0},{"__type__":"cc.Node","_name":"MarkLabel","_parent":{"__id__":2},"_level":2,"_components":[{"__id__":20},{"__type__":"cc.Widget","node":{"__id__":19},"alignMode":2,"_alignFlags":17,"_top":392}],"_color":{"__type__":"cc.Color","r":74,"g":74,"b":74},"_contentSize":{"__type__":"cc.Size","width":300,"height":60},"_position":{"__type__":"cc.Vec3","y":245},"_scale":{"__type__":"cc.Vec3","x":1,"y":1,"z":1}},{"__type__":"cc.Label","node":{"__id__":19},"_srcBlendFactor":1,"_useOriginalSize":false,"_string":"你好棒哦！","_N$string":"你好棒哦！","_fontSize":60,"_lineHeight":60,"_N$horizontalAlign":1,"_N$verticalAlign":1},{"__type__":"cc.Node","_name":"Combat","_parent":{"__id__":2},"_children":[{"__id__":22},{"__id__":23}],"_level":2,"_components":[{"__type__":"cc.Widget","node":{"__id__":21},"alignMode":2,"_alignFlags":17,"_top":478},{"__type__":"cc.Layout","node":{"__id__":21},"_layoutSize":{"__type__":"cc.Size","width":289.52,"height":34},"_resize":1,"_N$layoutType":1,"_N$spacingX":5}],"_contentSize":{"__type__":"cc.Size","width":289.52,"height":34},"_position":{"__type__":"cc.Vec3","y":172},"_scale":{"__type__":"cc.Vec3","x":1,"y":1,"z":1}},{"__type__":"cc.Node","_name":"MarkLabel","_parent":{"__id__":21},"_level":3,"_components":[{"__type__":"cc.Label","node":{"__id__":22},"_srcBlendFactor":1,"_useOriginalSize":false,"_string":"本关获得战力值","_N$string":"本关获得战力值","_fontSize":36,"_lineHeight":36,"_N$horizontalAlign":1,"_N$verticalAlign":1}],"_color":{"__type__":"cc.Color","r":74,"g":74,"b":74},"_contentSize":{"__type__":"cc.Size","width":252,"height":36},"_position":{"__type__":"cc.Vec3","x":-18.75999999999999},"_scale":{"__type__":"cc.Vec3","x":1,"y":1,"z":1}},{"__type__":"cc.Node","_name":"NumberLabel","_parent":{"__id__":21},"_level":3,"_components":[{"__id__":24}],"_contentSize":{"__type__":"cc.Size","width":32.52,"height":41.81},"_position":{"__type__":"cc.Vec3","x":128.5},"_scale":{"__type__":"cc.Vec3","x":1,"y":1,"z":1}},{"__type__":"cc.Label","node":{"__id__":23},"_useOriginalSize":false,"_string":"0","_N$string":"0","_fontSize":36,"_lineHeight":36,"_N$file":{"__uuid__":"62mU0uGvlOvJYFGGdZecYo"},"_isSystemFontUsed":false,"_N$horizontalAlign":1,"_N$verticalAlign":1},{"__type__":"cc.Node","_name":"BoxBg","_parent":{"__id__":2},"_children":[{"__id__":26},{"__id__":28},{"__id__":30},{"__id__":35},{"__id__":40},{"__id__":45},{"__id__":47},{"__id__":50}],"_level":2,"_components":[{"__type__":"cc.Widget","node":{"__id__":25},"alignMode":2,"_alignFlags":41,"_top":553,"_originalWidth":632}],"_contentSize":{"__type__":"cc.Size","width":750,"height":422},"_position":{"__type__":"cc.Vec3","y":-97},"_scale":{"__type__":"cc.Vec3","x":1,"y":1,"z":1}},{"__type__":"cc.Node","_name":"BoxBgAura","_parent":{"__id__":25},"_active":false,"_level":3,"_components":[{"__id__":27}],"_contentSize":{"__type__":"cc.Size","width":142,"height":141},"_position":{"__type__":"cc.Vec3","y":20},"_scale":{"__type__":"cc.Vec3","x":3,"y":3,"z":1}},{"__type__":"cc.Sprite","node":{"__id__":26},"_spriteFrame":{"__uuid__":"5eCuV1PF9CAJ6pA3si2shh"},"_sizeMode":0},{"__type__":"cc.Node","_name":"BoxAura","_parent":{"__id__":25},"_active":false,"_level":3,"_components":[{"__id__":29}],"_contentSize":{"__type__":"cc.Size","width":142,"height":141},"_position":{"__type__":"cc.Vec3","y":20},"_scale":{"__type__":"cc.Vec3","x":4,"y":4,"z":1}},{"__type__":"cc.Sprite","node":{"__id__":28},"_spriteFrame":{"__uuid__":"76PsQcjiRPipLzGax06RCd"},"_sizeMode":0},{"__type__":"cc.Node","_name":"LeftBoxBtn","_parent":{"__id__":25},"_children":[{"__id__":31},{"__id__":32},{"__id__":33}],"_active":false,"_level":3,"_components":[{"__type__":"cc.Sprite","node":{"__id__":30},"_spriteFrame":{"__uuid__":"1b+xAaVxxI/LSTi/5Icc6t"},"_type":1,"_sizeMode":0},{"__id__":34}],"_contentSize":{"__type__":"cc.Size","width":149,"height":163},"_position":{"__type__":"cc.Vec3","x":-187.5},"_scale":{"__type__":"cc.Vec3","x":1,"y":1,"z":1}},{"__type__":"cc.Node","_name":"Back","_parent":{"__id__":30},"_active":false,"_level":4,"_components":[{"__type__":"cc.Sprite","node":{"__id__":31},"_spriteFrame":{"__uuid__":"95G5WUXd5KbZa75KhjZ7Yl"},"_sizeMode":0},{"__type__":"cc.Widget","node":{"__id__":31},"alignMode":2,"_alignFlags":44,"_bottom":92,"_originalWidth":156}],"_contentSize":{"__type__":"cc.Size","width":149,"height":110},"_position":{"__type__":"cc.Vec3","y":85.5},"_scale":{"__type__":"cc.Vec3","x":1,"y":1,"z":1}},{"__type__":"cc.Node","_name":"Center","_parent":{"__id__":30},"_active":false,"_level":4,"_components":[{"__type__":"cc.Sprite","node":{"__id__":32},"_spriteFrame":{"__uuid__":"76PsQcjiRPipLzGax06RCd"},"_sizeMode":0},{"__type__":"cc.Widget","node":{"__id__":32},"alignMode":2,"_alignFlags":18,"_verticalCenter":20}],"_contentSize":{"__type__":"cc.Size","width":156,"height":156},"_position":{"__type__":"cc.Vec3","y":20},"_scale":{"__type__":"cc.Vec3","x":1,"y":1,"z":1}},{"__type__":"cc.Node","_name":"Front","_parent":{"__id__":30},"_active":false,"_level":4,"_components":[{"__type__":"cc.Sprite","node":{"__id__":33},"_spriteFrame":{"__uuid__":"0e8h/PV9FAwYNzR8P87L53"},"_sizeMode":0},{"__type__":"cc.Widget","node":{"__id__":33},"alignMode":2,"_alignFlags":44,"_originalWidth":156}],"_contentSize":{"__type__":"cc.Size","width":149,"height":130},"_position":{"__type__":"cc.Vec3","y":-17},"_scale":{"__type__":"cc.Vec3","x":1,"y":1,"z":1}},{"__type__":"cc.Button","node":{"__id__":30},"pressedColor":{"__type__":"cc.Color","r":255,"g":255,"b":255},"zoomScale":1.02,"clickEvents":[{"__type__":"cc.ClickEvent","target":{"__id__":2},"component":"TollGateAward","handler":"leftBoxClick"}],"_N$normalColor":{"__type__":"cc.Color","r":255,"g":255,"b":255},"_N$disabledColor":{"__type__":"cc.Color","r":255,"g":255,"b":255},"_N$pressedSprite":{"__uuid__":"e97GVMl6JHh5Ml5qEDdSGa"},"pressedSprite":{"__uuid__":"e97GVMl6JHh5Ml5qEDdSGa"},"_N$hoverSprite":{"__uuid__":"f0BIwQ8D5Ml7nTNQbh1YlS"},"hoverSprite":{"__uuid__":"f0BIwQ8D5Ml7nTNQbh1YlS"},"_N$disabledSprite":{"__uuid__":"29FYIk+N1GYaeWH/q1NxQO"},"_N$target":{"__id__":30}},{"__type__":"cc.Node","_name":"RightBoxBtn","_parent":{"__id__":25},"_children":[{"__id__":36},{"__id__":37},{"__id__":38}],"_active":false,"_level":3,"_components":[{"__type__":"cc.Sprite","node":{"__id__":35},"_spriteFrame":{"__uuid__":"1b+xAaVxxI/LSTi/5Icc6t"},"_type":1,"_sizeMode":0},{"__id__":39}],"_contentSize":{"__type__":"cc.Size","width":149,"height":163},"_position":{"__type__":"cc.Vec3","x":187.5},"_scale":{"__type__":"cc.Vec3","x":1,"y":1,"z":1}},{"__type__":"cc.Node","_name":"Back","_parent":{"__id__":35},"_active":false,"_level":4,"_components":[{"__type__":"cc.Sprite","node":{"__id__":36},"_spriteFrame":{"__uuid__":"95G5WUXd5KbZa75KhjZ7Yl"},"_sizeMode":0},{"__type__":"cc.Widget","node":{"__id__":36},"alignMode":2,"_alignFlags":44,"_bottom":92,"_originalWidth":156}],"_contentSize":{"__type__":"cc.Size","width":149,"height":110},"_position":{"__type__":"cc.Vec3","y":85.5},"_scale":{"__type__":"cc.Vec3","x":1,"y":1,"z":1}},{"__type__":"cc.Node","_name":"Center","_parent":{"__id__":35},"_active":false,"_level":4,"_components":[{"__type__":"cc.Sprite","node":{"__id__":37},"_spriteFrame":{"__uuid__":"76PsQcjiRPipLzGax06RCd"},"_sizeMode":0},{"__type__":"cc.Widget","node":{"__id__":37},"alignMode":2,"_alignFlags":18,"_verticalCenter":20}],"_contentSize":{"__type__":"cc.Size","width":156,"height":156},"_position":{"__type__":"cc.Vec3","y":40},"_scale":{"__type__":"cc.Vec3","x":1,"y":1,"z":1}},{"__type__":"cc.Node","_name":"Front","_parent":{"__id__":35},"_active":false,"_level":4,"_components":[{"__type__":"cc.Sprite","node":{"__id__":38},"_spriteFrame":{"__uuid__":"0e8h/PV9FAwYNzR8P87L53"},"_sizeMode":0},{"__type__":"cc.Widget","node":{"__id__":38},"alignMode":2,"_alignFlags":44,"_originalWidth":156}],"_contentSize":{"__type__":"cc.Size","width":149,"height":130},"_position":{"__type__":"cc.Vec3","y":-17},"_scale":{"__type__":"cc.Vec3","x":1,"y":1,"z":1}},{"__type__":"cc.Button","node":{"__id__":35},"pressedColor":{"__type__":"cc.Color","r":255,"g":255,"b":255},"zoomScale":1.02,"clickEvents":[{"__type__":"cc.ClickEvent","target":{"__id__":2},"component":"TollGateAward","handler":"rightBoxClick"}],"_N$normalColor":{"__type__":"cc.Color","r":255,"g":255,"b":255},"_N$disabledColor":{"__type__":"cc.Color","r":255,"g":255,"b":255},"_N$pressedSprite":{"__uuid__":"e97GVMl6JHh5Ml5qEDdSGa"},"pressedSprite":{"__uuid__":"e97GVMl6JHh5Ml5qEDdSGa"},"_N$hoverSprite":{"__uuid__":"f0BIwQ8D5Ml7nTNQbh1YlS"},"hoverSprite":{"__uuid__":"f0BIwQ8D5Ml7nTNQbh1YlS"},"_N$disabledSprite":{"__uuid__":"29FYIk+N1GYaeWH/q1NxQO"},"_N$target":{"__id__":35}},{"__type__":"cc.Node","_name":"MiddleBoxBtn","_parent":{"__id__":25},"_children":[{"__id__":41},{"__id__":42},{"__id__":43}],"_active":false,"_level":3,"_components":[{"__type__":"cc.Sprite","node":{"__id__":40},"_spriteFrame":{"__uuid__":"1b+xAaVxxI/LSTi/5Icc6t"},"_sizeMode":0},{"__id__":44}],"_contentSize":{"__type__":"cc.Size","width":149,"height":163},"_scale":{"__type__":"cc.Vec3","x":1,"y":1,"z":1}},{"__type__":"cc.Node","_name":"Back","_parent":{"__id__":40},"_active":false,"_level":4,"_components":[{"__type__":"cc.Sprite","node":{"__id__":41},"_spriteFrame":{"__uuid__":"95G5WUXd5KbZa75KhjZ7Yl"},"_sizeMode":0},{"__type__":"cc.Widget","node":{"__id__":41},"alignMode":2,"_alignFlags":44,"_bottom":92,"_originalWidth":156}],"_contentSize":{"__type__":"cc.Size","width":149,"height":110},"_position":{"__type__":"cc.Vec3","y":65.5},"_scale":{"__type__":"cc.Vec3","x":1,"y":1,"z":1}},{"__type__":"cc.Node","_name":"Center","_parent":{"__id__":40},"_active":false,"_level":4,"_components":[{"__type__":"cc.Sprite","node":{"__id__":42},"_spriteFrame":{"__uuid__":"76PsQcjiRPipLzGax06RCd"},"_sizeMode":0},{"__type__":"cc.Widget","node":{"__id__":42},"alignMode":2,"_alignFlags":18,"_verticalCenter":20}],"_contentSize":{"__type__":"cc.Size","width":156,"height":156},"_position":{"__type__":"cc.Vec3","y":40},"_scale":{"__type__":"cc.Vec3","x":1,"y":1,"z":1}},{"__type__":"cc.Node","_name":"Front","_parent":{"__id__":40},"_active":false,"_level":4,"_components":[{"__type__":"cc.Sprite","node":{"__id__":43},"_spriteFrame":{"__uuid__":"0e8h/PV9FAwYNzR8P87L53"},"_sizeMode":0},{"__type__":"cc.Widget","node":{"__id__":43},"alignMode":2,"_alignFlags":44,"_originalWidth":156}],"_contentSize":{"__type__":"cc.Size","width":149,"height":130},"_position":{"__type__":"cc.Vec3","y":-16.5},"_scale":{"__type__":"cc.Vec3","x":1,"y":1,"z":1}},{"__type__":"cc.Button","node":{"__id__":40},"pressedColor":{"__type__":"cc.Color","r":255,"g":255,"b":255},"zoomScale":1.02,"clickEvents":[{"__type__":"cc.ClickEvent","target":{"__id__":2},"component":"TollGateAward","handler":"middleBoxClick"}],"_N$normalColor":{"__type__":"cc.Color","r":255,"g":255,"b":255},"_N$disabledColor":{"__type__":"cc.Color","r":255,"g":255,"b":255},"_N$pressedSprite":{"__uuid__":"e97GVMl6JHh5Ml5qEDdSGa"},"pressedSprite":{"__uuid__":"e97GVMl6JHh5Ml5qEDdSGa"},"_N$hoverSprite":{"__uuid__":"f0BIwQ8D5Ml7nTNQbh1YlS"},"hoverSprite":{"__uuid__":"f0BIwQ8D5Ml7nTNQbh1YlS"},"_N$disabledSprite":{"__uuid__":"29FYIk+N1GYaeWH/q1NxQO"},"_N$target":{"__id__":40}},{"__type__":"cc.Node","_name":"MarkLabel","_parent":{"__id__":25},"_level":3,"_components":[{"__id__":46},{"__type__":"cc.Widget","node":{"__id__":45},"alignMode":2,"_alignFlags":20,"_bottom":43}],"_color":{"__type__":"cc.Color","r":253,"g":109,"b":39},"_contentSize":{"__type__":"cc.Size","width":432,"height":36},"_position":{"__type__":"cc.Vec3","y":-150},"_scale":{"__type__":"cc.Vec3","x":1,"y":1,"z":1}},{"__type__":"cc.Label","node":{"__id__":45},"_srcBlendFactor":1,"_useOriginalSize":false,"_string":"选择一个宝箱作为奖励吧！","_N$string":"选择一个宝箱作为奖励吧！","_fontSize":36,"_lineHeight":36,"_N$horizontalAlign":1,"_N$verticalAlign":1},{"__type__":"cc.Node","_name":"MoneySprite","_parent":{"__id__":25},"_children":[{"__id__":48}],"_active":false,"_level":3,"_components":[{"__id__":49}],"_contentSize":{"__type__":"cc.Size","width":40,"height":40},"_position":{"__type__":"cc.Vec3","x":-25,"y":215},"_scale":{"__type__":"cc.Vec3","x":1,"y":1,"z":1}},{"__type__":"cc.Node","_name":"Label","_parent":{"__id__":47},"_level":5,"_components":[{"__type__":"cc.Label","node":{"__id__":48},"_srcBlendFactor":1,"_useOriginalSize":false,"_string":"+0","_N$string":"+0","_fontSize":43,"_lineHeight":43,"_N$horizontalAlign":1,"_N$verticalAlign":1},{"__type__":"cc.Widget","node":{"__id__":48},"alignMode":2,"_alignFlags":10,"_left":50}],"_color":{"__type__":"cc.Color","r":253,"g":109,"b":39},"_contentSize":{"__type__":"cc.Size","width":49.03,"height":43},"_position":{"__type__":"cc.Vec3","x":48.239999999999995},"_scale":{"__type__":"cc.Vec3","x":1,"y":1,"z":1}},{"__type__":"cc.Sprite","node":{"__id__":47},"_spriteFrame":{"__uuid__":"61Y1OMhQlJ8pCUu58jhYZc"},"_sizeMode":0},{"__type__":"cc.Node","_name":"AddMoneySprite","_parent":{"__id__":25},"_active":false,"_level":3,"_components":[{"__id__":51}],"_contentSize":{"__type__":"cc.Size","width":40,"height":40},"_position":{"__type__":"cc.Vec3","y":60},"_scale":{"__type__":"cc.Vec3","x":1,"y":1,"z":1}},{"__type__":"cc.Sprite","node":{"__id__":50},"_spriteFrame":{"__uuid__":"61Y1OMhQlJ8pCUu58jhYZc"}},{"__type__":"cc.Node","_name":"ShareBtn","_parent":{"__id__":2},"_children":[{"__id__":53}],"_active":false,"_level":2,"_components":[{"__type__":"cc.Sprite","node":{"__id__":52},"_spriteFrame":{"__uuid__":"fcI21TnCJC6qajuSGq0wiY"},"_type":1},{"__id__":54},{"__type__":"cc.Widget","node":{"__id__":52},"alignMode":2,"_alignFlags":41,"_left":65,"_right":65,"_top":990,"_originalWidth":100}],"_contentSize":{"__type__":"cc.Size","width":620,"height":120},"_position":{"__type__":"cc.Vec3","y":-383},"_scale":{"__type__":"cc.Vec3","x":1,"y":1,"z":1}},{"__type__":"cc.Node","_name":"Label","_parent":{"__id__":52},"_components":[{"__type__":"cc.Label","node":{"__id__":53},"_srcBlendFactor":1,"_useOriginalSize":false,"_string":"分享给好友 得双倍橙币","_N$string":"分享给好友 得双倍橙币","_fontSize":36,"_lineHeight":36,"_enableWrapText":false,"_N$horizontalAlign":1,"_N$verticalAlign":1,"_N$overflow":1},{"__type__":"cc.Widget","node":{"__id__":53},"alignMode":2,"_alignFlags":45,"_originalWidth":100,"_originalHeight":40}],"_contentSize":{"__type__":"cc.Size","width":620,"height":120},"_scale":{"__type__":"cc.Vec3","x":1,"y":1,"z":1}},{"__type__":"cc.Button","node":{"__id__":52},"transition":3,"pressedColor":{"__type__":"cc.Color","r":255,"g":255,"b":255},"zoomScale":1.02,"clickEvents":[{"__type__":"cc.ClickEvent","target":{"__id__":2},"component":"TollGateAward","handler":"shareBtnClick","customEventData":"true"}],"_N$normalColor":{"__type__":"cc.Color","r":255,"g":255,"b":255},"_N$disabledColor":{"__type__":"cc.Color","r":255,"g":255,"b":255},"_N$normalSprite":{"__uuid__":"f0BIwQ8D5Ml7nTNQbh1YlS"},"_N$pressedSprite":{"__uuid__":"e97GVMl6JHh5Ml5qEDdSGa"},"pressedSprite":{"__uuid__":"e97GVMl6JHh5Ml5qEDdSGa"},"_N$hoverSprite":{"__uuid__":"f0BIwQ8D5Ml7nTNQbh1YlS"},"hoverSprite":{"__uuid__":"f0BIwQ8D5Ml7nTNQbh1YlS"},"_N$disabledSprite":{"__uuid__":"29FYIk+N1GYaeWH/q1NxQO"},"_N$target":{"__id__":52}},{"__type__":"cc.Node","_name":"PosterBtn","_parent":{"__id__":2},"_children":[{"__id__":56}],"_active":false,"_level":2,"_components":[{"__type__":"cc.Sprite","node":{"__id__":55},"_spriteFrame":{"__uuid__":"fcI21TnCJC6qajuSGq0wiY"},"_type":1},{"__id__":57},{"__type__":"cc.Widget","node":{"__id__":55},"alignMode":2,"_alignFlags":41,"_left":65,"_right":65,"_top":1120,"_originalWidth":100}],"_contentSize":{"__type__":"cc.Size","width":620,"height":120},"_position":{"__type__":"cc.Vec3","y":-513},"_scale":{"__type__":"cc.Vec3","x":1,"y":1,"z":1}},{"__type__":"cc.Node","_name":"Label","_parent":{"__id__":55},"_components":[{"__type__":"cc.Label","node":{"__id__":56},"_srcBlendFactor":1,"_useOriginalSize":false,"_string":"生成海报 炫耀战绩","_N$string":"生成海报 炫耀战绩","_fontSize":36,"_lineHeight":36,"_enableWrapText":false,"_N$horizontalAlign":1,"_N$verticalAlign":1,"_N$overflow":1},{"__type__":"cc.Widget","node":{"__id__":56},"alignMode":2,"_alignFlags":45,"_originalWidth":100,"_originalHeight":40}],"_contentSize":{"__type__":"cc.Size","width":620,"height":120},"_scale":{"__type__":"cc.Vec3","x":1,"y":1,"z":1}},{"__type__":"cc.Button","node":{"__id__":55},"transition":3,"pressedColor":{"__type__":"cc.Color","r":255,"g":255,"b":255},"zoomScale":1.02,"clickEvents":[{"__type__":"cc.ClickEvent","target":{"__id__":2},"component":"TollGateAward","handler":"posterBtnlick","customEventData":"true"}],"_N$normalColor":{"__type__":"cc.Color","r":255,"g":255,"b":255},"_N$disabledColor":{"__type__":"cc.Color","r":255,"g":255,"b":255},"_N$normalSprite":{"__uuid__":"f0BIwQ8D5Ml7nTNQbh1YlS"},"_N$pressedSprite":{"__uuid__":"e97GVMl6JHh5Ml5qEDdSGa"},"pressedSprite":{"__uuid__":"e97GVMl6JHh5Ml5qEDdSGa"},"_N$hoverSprite":{"__uuid__":"f0BIwQ8D5Ml7nTNQbh1YlS"},"hoverSprite":{"__uuid__":"f0BIwQ8D5Ml7nTNQbh1YlS"},"_N$disabledSprite":{"__uuid__":"29FYIk+N1GYaeWH/q1NxQO"},"_N$target":{"__id__":55}},{"__type__":"cc.Node","_name":"ThanksBtn","_parent":{"__id__":2},"_children":[{"__id__":59}],"_active":false,"_level":2,"_components":[{"__id__":60},{"__type__":"cc.Widget","node":{"__id__":58},"alignMode":2,"_alignFlags":17,"_top":1271}],"_contentSize":{"__type__":"cc.Size","width":140,"height":40},"_position":{"__type__":"cc.Vec3","y":-624},"_scale":{"__type__":"cc.Vec3","x":1,"y":1,"z":1}},{"__type__":"cc.Node","_name":"Label","_parent":{"__id__":58},"_components":[{"__type__":"cc.Label","node":{"__id__":59},"_srcBlendFactor":1,"_useOriginalSize":false,"_string":"不，谢谢！","_N$string":"不，谢谢！","_fontSize":24,"_lineHeight":24,"_enableWrapText":false,"_N$horizontalAlign":1,"_N$verticalAlign":1,"_N$overflow":1},{"__type__":"cc.Widget","node":{"__id__":59},"alignMode":2,"_alignFlags":45,"_originalWidth":100,"_originalHeight":40}],"_color":{"__type__":"cc.Color","r":201,"g":201,"b":201},"_contentSize":{"__type__":"cc.Size","width":140,"height":40},"_scale":{"__type__":"cc.Vec3","x":1,"y":1,"z":1}},{"__type__":"cc.Button","node":{"__id__":58},"transition":3,"pressedColor":{"__type__":"cc.Color","r":255,"g":255,"b":255},"zoomScale":1.02,"clickEvents":[{"__type__":"cc.ClickEvent","target":{"__id__":2},"component":"TollGateAward","handler":"thanksBtnClick","customEventData":"true"}],"_N$normalColor":{"__type__":"cc.Color","r":255,"g":255,"b":255},"_N$disabledColor":{"__type__":"cc.Color","r":255,"g":255,"b":255},"_N$normalSprite":{"__uuid__":"f0BIwQ8D5Ml7nTNQbh1YlS"},"_N$pressedSprite":{"__uuid__":"e97GVMl6JHh5Ml5qEDdSGa"},"pressedSprite":{"__uuid__":"e97GVMl6JHh5Ml5qEDdSGa"},"_N$hoverSprite":{"__uuid__":"f0BIwQ8D5Ml7nTNQbh1YlS"},"hoverSprite":{"__uuid__":"f0BIwQ8D5Ml7nTNQbh1YlS"},"_N$disabledSprite":{"__uuid__":"29FYIk+N1GYaeWH/q1NxQO"},"_N$target":{"__id__":58}}],{"__type__":"cc.SpriteFrame","content":{"name":"study_award_money","texture":"9d4mGEFoZFRYEv3Sw6NfAG","rect":[0,0,40,40],"offset":[0,0],"originalSize":[40,40],"capInsets":[0,0,0,0]}},{"__type__":"cc.SpriteFrame","content":{"name":"box_center","texture":"feDn5NmYJFYa7WhYIj5HnD","rect":[7,6,142,141],"offset":[-2,3.5],"originalSize":[160,160],"capInsets":[0,0,0,0]}},{"__type__":"cc.SpriteFrame","content":{"name":"back","texture":"0crVq4CiFGKJ6Q4VG57SZ9","rect":[0,0,20,34],"offset":[0,0],"originalSize":[20,34],"capInsets":[0,0,0,0]}},{"__type__":"cc.SpriteFrame","content":{"name":"box_open_bg","texture":"a1UZm3WXFI1bD9dqSqRrU2","rect":[0,0,149,117],"offset":[0,0],"originalSize":[149,117],"capInsets":[0,0,0,0]}},{"__type__":"cc.SpriteFrame","content":{"name":"angle","texture":"3abElvNcZCLZHiUdjJRngr","rect":[12,11,6,9],"offset":[0,-0.5],"originalSize":[30,30],"capInsets":[0,0,0,0]}},{"__type__":"cc.SpriteFrame","content":{"name":"study_award_star_bg","texture":"ea+jrsp0xAZqMfSa3Lc3kV","rect":[0,0,867,244],"offset":[0,0],"originalSize":[867,244],"capInsets":[0,0,0,0]}},{"__type__":"cc.AnimationClip","_name":"StudyAwardStarScaleAnimation","_duration":1,"sample":30,"speed":2.5,"curveData":{"props":{"scale":[{"frame":0,"value":{"__type__":"cc.Vec2","x":1,"y":1}},{"frame":1,"value":{"__type__":"cc.Vec2","x":2,"y":2}}],"opacity":[{"frame":0,"value":255},{"frame":1,"value":100}],"width":[{"frame":0,"value":139},{"frame":1,"value":139}],"height":[{"frame":0,"value":134},{"frame":1,"value":134}]}}},{"__type__":"cc.AudioClip","_name":"reward_star","_native":".mp3"},{"__type__":"cc.SpriteFrame","content":{"name":"study_award_star","texture":"17HpOz43hOf6Yz5D+p7DEZ","rect":[0,0,139,134],"offset":[0,0],"originalSize":[139,134],"capInsets":[0,0,0,0]}},{"__type__":"cc.SpriteFrame","content":{"name":"orange_star","texture":"410w27gx9NyZlBBl4m26+Y","rect":[1,2,28,26],"offset":[0,0],"originalSize":[30,30],"capInsets":[0,0,0,0]}},{"__type__":"cc.SpriteFrame","content":{"name":"default_btn_pressed","texture":"b4P/PCArtIdIH38t6mlw8Y","rect":[0,0,40,40],"offset":[0,0],"originalSize":[40,40],"capInsets":[12,12,12,12]}},{"__type__":"cc.SpriteFrame","content":{"name":"default_btn_normal","texture":"e8Ueib+qJEhL6mXAHdnwbi","rect":[0,0,40,40],"offset":[0,0],"originalSize":[40,40],"capInsets":[12,12,12,12]}},{"__type__":"cc.SpriteFrame","content":{"name":"study_award_btn_bg","texture":"9dg6amvRpJx4sU/u0DN8+O","rect":[0,0,620,120],"offset":[0,0],"originalSize":[620,120],"capInsets":[0,0,0,0]}}]