[{"__type__":"cc.SpriteFrame","content":{"name":"white_bg","texture":"11+MH+mEdPXZmm6UnzsvES","rect":[0,0,490,286],"offset":[0,0],"originalSize":[490,286],"capInsets":[0,0,0,0]}},{"__type__":"cc.SpriteFrame","content":{"name":"default_btn_disabled","texture":"71VhFCTINJM6/Ky3oX9nBT","rect":[0,0,40,40],"offset":[0,0],"originalSize":[40,40],"capInsets":[12,12,12,12]}},{"__type__":"cc.AnimationClip","_name":"HelpItemOpenAnimation","_duration":1,"sample":30,"speed":4,"curveData":{"props":{"rotation":[{"frame":0,"value":0},{"frame":1,"value":90}]}},"events":[{"frame":1,"func":"helpAnimationComplete","params":[true]}]},{"__type__":"cc.SpriteFrame","content":{"name":"back","texture":"0crVq4CiFGKJ6Q4VG57SZ9","rect":[0,0,20,34],"offset":[0,0],"originalSize":[20,34],"capInsets":[0,0,0,0]}},{"__type__":"cc.AnimationClip","_name":"HelpItemCloseAnimation","_duration":1,"sample":30,"speed":4,"curveData":{"props":{"rotation":[{"frame":0,"value":90},{"frame":1,"value":0}]}},"events":[{"frame":1,"func":"helpAnimationComplete","params":[true]}]},{"__type__":"cc.SpriteFrame","content":{"name":"content","texture":"444lVOv9tJC4xNQ4JYmMwx","rect":[0,0,750,37],"offset":[0,0],"originalSize":[750,37],"capInsets":[0,0,0,0]}},[{"__type__":"cc.Prefab","_name":"HelpItem","data":{"__id__":1}},{"__type__":"cc.Node","_name":"HelpItem","_children":[{"__id__":2},{"__id__":11}],"_level":1,"_components":[{"__type__":"cc.Sprite","node":{"__id__":1},"_spriteFrame":{"__uuid__":"16CnnZYYNM/o+1K8BpewH6"},"_type":1,"_sizeMode":0},{"__type__":"cc.Widget","node":{"__id__":1},"alignMode":2,"_alignFlags":40,"_originalWidth":40},{"__type__":"cc.Layout","node":{"__id__":1},"_layoutSize":{"__type__":"cc.Size","width":750,"height":90},"_resize":1,"_N$layoutType":2}],"_prefab":{"__type__":"cc.PrefabInfo","root":{"__id__":1},"asset":{"__uuid__":"991FcqQNpAELWXOgA0gspg"},"fileId":"f9SqKYwBVEeZVTEu2YKRa9"},"_contentSize":{"__type__":"cc.Size","width":750,"height":90},"_position":{"__type__":"cc.Vec3","x":375,"y":-45},"_scale":{"__type__":"cc.Vec3","x":1,"y":1,"z":1}},{"__type__":"cc.Node","_name":"Top","_parent":{"__id__":1},"_children":[{"__id__":3},{"__id__":4},{"__id__":8}],"_level":2,"_components":[{"__type__":"cc.Widget","node":{"__id__":2},"alignMode":2,"_alignFlags":40},{"__type__":"cc.Button","node":{"__id__":2},"clickEvents":[{"__type__":"cc.ClickEvent","target":{"__id__":4},"component":"HelpListItem","handler":"arrowBtnClick"}],"_N$target":{"__id__":2}}],"_prefab":{"__type__":"cc.PrefabInfo","root":{"__id__":1},"asset":{"__uuid__":"991FcqQNpAELWXOgA0gspg"},"fileId":"c0mW/pP/lOHooROPUM6CXt"},"_contentSize":{"__type__":"cc.Size","width":750,"height":90},"_scale":{"__type__":"cc.Vec3","x":1,"y":1,"z":1}},{"__type__":"cc.Node","_name":"Sprite","_parent":{"__id__":2},"_level":3,"_components":[{"__type__":"cc.Sprite","node":{"__id__":3},"_spriteFrame":{"__uuid__":"cev6tjjMZBhaQO4//vxvWS"}},{"__type__":"cc.Widget","node":{"__id__":3},"alignMode":2,"_alignFlags":10,"_left":30}],"_prefab":{"__type__":"cc.PrefabInfo","root":{"__id__":1},"asset":{"__uuid__":"991FcqQNpAELWXOgA0gspg"},"fileId":"b9FXj3MGpIIpf+DMSUQcDn"},"_contentSize":{"__type__":"cc.Size","width":26,"height":26},"_position":{"__type__":"cc.Vec3","x":-332},"_scale":{"__type__":"cc.Vec3","x":1,"y":1,"z":1}},{"__type__":"cc.Node","_name":"Arrow","_parent":{"__id__":2},"_children":[{"__id__":5}],"_level":3,"_components":[{"__id__":6},{"__type__":"cc.Widget","node":{"__id__":4},"alignMode":2,"_alignFlags":34,"_right":30},{"__type__":"aaa0bHgHi1MUZo+t5q9phm4","node":{"__id__":4},"titleLabel":{"__id__":7},"arrowBtn":{"__id__":6},"detailLabel":{"__id__":9},"detail":{"__id__":11}},{"__type__":"cc.Animation","node":{"__id__":4},"_clips":[{"__uuid__":"6f1Sc67+NHx4yKUupUJ7tu"},{"__uuid__":"83nXcnMi1IspbAhpOhejDz"}]}],"_prefab":{"__type__":"cc.PrefabInfo","root":{"__id__":1},"asset":{"__uuid__":"991FcqQNpAELWXOgA0gspg"},"fileId":"b3oAmbZpJHbK7lqibkF64T"},"_contentSize":{"__type__":"cc.Size","width":40,"height":40},"_position":{"__type__":"cc.Vec3","x":325},"_scale":{"__type__":"cc.Vec3","x":1,"y":1,"z":1}},{"__type__":"cc.Node","_name":"Sprite","_parent":{"__id__":4},"_level":4,"_components":[{"__type__":"cc.Sprite","node":{"__id__":5},"_spriteFrame":{"__uuid__":"f2SIJ3ikRJwKkQydbmXW3i"}},{"__type__":"cc.Widget","node":{"__id__":5},"alignMode":2,"_alignFlags":18}],"_prefab":{"__type__":"cc.PrefabInfo","root":{"__id__":1},"asset":{"__uuid__":"991FcqQNpAELWXOgA0gspg"},"fileId":"a2VMovKRRHqY93zTiPZaQy"},"_contentSize":{"__type__":"cc.Size","width":20,"height":34},"_scale":{"__type__":"cc.Vec3","x":1,"y":1,"z":1}},{"__type__":"cc.Button","node":{"__id__":4},"pressedColor":{"__type__":"cc.Color","r":255,"g":255,"b":255},"clickEvents":[{"__type__":"cc.ClickEvent","target":{"__id__":4},"component":"HelpListItem","handler":"arrowBtnClick"}],"_N$normalColor":{"__type__":"cc.Color","r":255,"g":255,"b":255},"_N$disabledColor":{"__type__":"cc.Color","r":255,"g":255,"b":255},"_N$normalSprite":{"__uuid__":"f0BIwQ8D5Ml7nTNQbh1YlS"},"_N$pressedSprite":{"__uuid__":"e97GVMl6JHh5Ml5qEDdSGa"},"pressedSprite":{"__uuid__":"e97GVMl6JHh5Ml5qEDdSGa"},"_N$hoverSprite":{"__uuid__":"f0BIwQ8D5Ml7nTNQbh1YlS"},"hoverSprite":{"__uuid__":"f0BIwQ8D5Ml7nTNQbh1YlS"},"_N$disabledSprite":{"__uuid__":"29FYIk+N1GYaeWH/q1NxQO"},"_N$target":{"__id__":4}},{"__type__":"cc.Label","node":{"__id__":8},"_srcBlendFactor":1,"_useOriginalSize":false,"_string":"标题","_N$string":"标题","_fontSize":30,"_lineHeight":34,"_N$verticalAlign":1,"_N$overflow":2},{"__type__":"cc.Node","_name":"TitleLabel","_parent":{"__id__":2},"_level":3,"_components":[{"__id__":7},{"__type__":"cc.Widget","node":{"__id__":8},"alignMode":2,"_alignFlags":42,"_left":65,"_right":80,"_originalWidth":73.4}],"_prefab":{"__type__":"cc.PrefabInfo","root":{"__id__":1},"asset":{"__uuid__":"991FcqQNpAELWXOgA0gspg"},"fileId":"01eCZs3vFLZ6mlzTGjeCOb"},"_color":{"__type__":"cc.Color","r":74,"g":74,"b":74},"_contentSize":{"__type__":"cc.Size","width":605,"height":34},"_position":{"__type__":"cc.Vec3","x":-7.5},"_scale":{"__type__":"cc.Vec3","x":1,"y":1,"z":1}},{"__type__":"cc.Label","node":{"__id__":10},"_srcBlendFactor":1,"_useOriginalSize":false,"_string":"详情","_N$string":"详情","_fontSize":26,"_lineHeight":30,"_N$verticalAlign":1,"_N$overflow":3},{"__type__":"cc.Node","_name":"DetailLabel","_parent":{"__id__":11},"_level":3,"_components":[{"__id__":9},{"__type__":"cc.Widget","node":{"__id__":10},"alignMode":2,"_alignFlags":40,"_left":60,"_right":60,"_originalWidth":52}],"_prefab":{"__type__":"cc.PrefabInfo","root":{"__id__":1},"asset":{"__uuid__":"991FcqQNpAELWXOgA0gspg"},"fileId":"bb0jJ+pT1M0oooiCRExI2j"},"_color":{"__type__":"cc.Color","r":74,"g":74,"b":74},"_contentSize":{"__type__":"cc.Size","width":630,"height":30},"_position":{"__type__":"cc.Vec3","y":10},"_scale":{"__type__":"cc.Vec3","x":1,"y":1,"z":1}},{"__type__":"cc.Node","_name":"Detail","_parent":{"__id__":1},"_children":[{"__id__":10}],"_active":false,"_level":2,"_components":[{"__type__":"cc.Layout","node":{"__id__":11},"_layoutSize":{"__type__":"cc.Size","width":750,"height":130},"_resize":1,"_N$layoutType":2,"_N$paddingTop":40,"_N$paddingBottom":60},{"__type__":"cc.Widget","node":{"__id__":11},"_alignFlags":40,"_originalWidth":300},{"__type__":"cc.Sprite","node":{"__id__":11},"_spriteFrame":{"__uuid__":"95YEjXcXxEqpE8EV8soYZy"},"_sizeMode":0}],"_prefab":{"__type__":"cc.PrefabInfo","root":{"__id__":1},"asset":{"__uuid__":"991FcqQNpAELWXOgA0gspg"},"fileId":"81JBqYh/hFibgXcriJ7dMI"},"_contentSize":{"__type__":"cc.Size","width":750,"height":130},"_position":{"__type__":"cc.Vec3","y":-45},"_scale":{"__type__":"cc.Vec3","x":1,"y":1,"z":1}}],{"__type__":"cc.SpriteFrame","content":{"name":"help","texture":"932qRMwiVEwoHM2wixZFT7","rect":[0,0,26,26],"offset":[0,0],"originalSize":[26,26],"capInsets":[0,0,0,0]}},[{"__type__":"cc.SceneAsset","_name":"Help","scene":{"__id__":1},"asyncLoadAssets":null},{"__type__":"cc.Scene","_name":"New Node","_children":[{"__id__":2}],"_anchorPoint":{"__type__":"cc.Vec2"},"_scale":{"__type__":"cc.Vec3","x":0.11906859756767124,"y":0.11906859756767124,"z":1},"autoReleaseAssets":false},{"__type__":"cc.Node","_name":"Canvas","_parent":{"__id__":1},"_children":[{"__id__":3},{"__id__":4},{"__id__":6},{"__id__":7}],"_level":1,"_components":[{"__type__":"cc.Canvas","node":{"__id__":2},"_designResolution":{"__type__":"cc.Size","width":750,"height":1334}},{"__type__":"9d329oZFNlCIIB2uakJycwK","node":{"__id__":2},"scrollView":{"__id__":10},"itemPreab":{"__uuid__":"991FcqQNpAELWXOgA0gspg"}}],"_color":{"__type__":"cc.Color","r":252,"g":249,"b":238},"_contentSize":{"__type__":"cc.Size","width":750,"height":1334},"_position":{"__type__":"cc.Vec3","x":375,"y":667},"_scale":{"__type__":"cc.Vec3","x":1,"y":1,"z":1},"_id":"9cUJS09kZBua+92M/9C+5k"},{"__type__":"cc.Node","_name":"Main Camera","_parent":{"__id__":2},"_level":2,"_components":[{"__type__":"cc.Camera","node":{"__id__":3},"_clearFlags":7,"_backgroundColor":{"__type__":"cc.Color","r":252,"g":249,"b":238},"_depth":-1}],"_color":{"__type__":"cc.Color","r":252,"g":249,"b":238},"_scale":{"__type__":"cc.Vec3","x":1,"y":1,"z":1}},{"__type__":"cc.Node","_name":"BackBtn","_parent":{"__id__":2},"_children":[{"__id__":5}],"_level":2,"_components":[{"__type__":"cc.Button","node":{"__id__":4},"pressedColor":{"__type__":"cc.Color","r":255,"g":255,"b":255},"clickEvents":[{"__type__":"cc.ClickEvent","target":{"__id__":2},"component":"Help","handler":"backBtnClick","customEventData":"true"}],"_N$normalColor":{"__type__":"cc.Color","r":255,"g":255,"b":255},"_N$disabledColor":{"__type__":"cc.Color","r":255,"g":255,"b":255},"_N$pressedSprite":{"__uuid__":"e97GVMl6JHh5Ml5qEDdSGa"},"pressedSprite":{"__uuid__":"e97GVMl6JHh5Ml5qEDdSGa"},"_N$hoverSprite":{"__uuid__":"f0BIwQ8D5Ml7nTNQbh1YlS"},"hoverSprite":{"__uuid__":"f0BIwQ8D5Ml7nTNQbh1YlS"},"_N$disabledSprite":{"__uuid__":"29FYIk+N1GYaeWH/q1NxQO"},"_N$target":{"__id__":4}},{"__type__":"cc.Widget","node":{"__id__":4},"alignMode":2,"_alignFlags":9,"_left":20,"_top":55}],"_contentSize":{"__type__":"cc.Size","width":50,"height":50},"_position":{"__type__":"cc.Vec3","x":-330,"y":587},"_scale":{"__type__":"cc.Vec3","x":1,"y":1,"z":1}},{"__type__":"cc.Node","_name":"Sprite","_parent":{"__id__":4},"_level":3,"_components":[{"__type__":"cc.Sprite","node":{"__id__":5},"_spriteFrame":{"__uuid__":"83jl2tL11O4KOcaqrDgUjB"}},{"__type__":"cc.Widget","node":{"__id__":5},"alignMode":2,"_alignFlags":18}],"_contentSize":{"__type__":"cc.Size","width":20,"height":34},"_scale":{"__type__":"cc.Vec3","x":1,"y":1,"z":1}},{"__type__":"cc.Node","_name":"TitleLabel","_parent":{"__id__":2},"_level":2,"_components":[{"__type__":"cc.Label","node":{"__id__":6},"_srcBlendFactor":1,"_useOriginalSize":false,"_string":"常见帮助","_N$string":"常见帮助","_fontSize":38,"_lineHeight":38,"_N$horizontalAlign":1,"_N$verticalAlign":1},{"__type__":"cc.Widget","node":{"__id__":6},"alignMode":2,"_alignFlags":17,"_top":62}],"_color":{"__type__":"cc.Color"},"_contentSize":{"__type__":"cc.Size","width":152,"height":38},"_position":{"__type__":"cc.Vec3","y":586},"_scale":{"__type__":"cc.Vec3","x":1,"y":1,"z":1}},{"__type__":"cc.Node","_name":"ScrollView","_parent":{"__id__":2},"_children":[{"__id__":8}],"_level":2,"_components":[{"__type__":"cc.Sprite","node":{"__id__":7},"_type":1,"_sizeMode":0},{"__id__":10},{"__type__":"cc.Widget","node":{"__id__":7},"alignMode":2,"_alignFlags":45,"_top":152,"_originalWidth":240,"_originalHeight":250}],"_contentSize":{"__type__":"cc.Size","width":750,"height":1182},"_position":{"__type__":"cc.Vec3","y":-76},"_scale":{"__type__":"cc.Vec3","x":1,"y":1,"z":1}},{"__type__":"cc.Node","_name":"view","_parent":{"__id__":7},"_children":[{"__id__":9}],"_components":[{"__type__":"cc.Mask","node":{"__id__":8}},{"__type__":"cc.Widget","node":{"__id__":8},"alignMode":2,"_alignFlags":45,"_originalWidth":240,"_originalHeight":250}],"_contentSize":{"__type__":"cc.Size","width":750,"height":1182},"_scale":{"__type__":"cc.Vec3","x":1,"y":1,"z":1}},{"__type__":"cc.Node","_name":"content","_parent":{"__id__":8},"_components":[{"__type__":"cc.Layout","node":{"__id__":9},"_layoutSize":{"__type__":"cc.Size","width":750,"height":90},"_resize":1,"_N$layoutType":2,"_N$spacingY":1.5},{"__type__":"cc.Widget","node":{"__id__":9},"alignMode":2,"_alignFlags":40,"_originalWidth":220}],"_contentSize":{"__type__":"cc.Size","width":750,"height":90},"_anchorPoint":{"__type__":"cc.Vec2","x":0.5,"y":1},"_position":{"__type__":"cc.Vec3","y":115.31},"_scale":{"__type__":"cc.Vec3","x":1,"y":1,"z":1}},{"__type__":"cc.ScrollView","node":{"__id__":7},"horizontal":false,"brake":0.75,"elastic":false,"bounceDuration":0.23,"_N$content":{"__id__":9},"content":{"__id__":9},"_N$horizontalScrollBar":null,"_N$verticalScrollBar":null}],{"__type__":"cc.SpriteFrame","content":{"name":"default_btn_pressed","texture":"b4P/PCArtIdIH38t6mlw8Y","rect":[0,0,40,40],"offset":[0,0],"originalSize":[40,40],"capInsets":[12,12,12,12]}},{"__type__":"cc.SpriteFrame","content":{"name":"default_btn_normal","texture":"e8Ueib+qJEhL6mXAHdnwbi","rect":[0,0,40,40],"offset":[0,0],"originalSize":[40,40],"capInsets":[12,12,12,12]}},{"__type__":"cc.SpriteFrame","content":{"name":"personal_center_detail_arrow","texture":"bb4RRYEtFN4aSESG8LRDsV","rect":[0,0,20,34],"offset":[0,0],"originalSize":[20,34],"capInsets":[0,0,0,0]}}]