[{"__type__":"cc.SpriteFrame","content":{"name":"maskolor","texture":"1bags8Kg5BCpWrU9yaA6Ng","rect":[0,0,2,2],"offset":[0,0],"originalSize":[2,2],"capInsets":[0,0,0,0]}},{"__type__":"cc.SpriteFrame","content":{"name":"box","texture":"8aoT6++RlPvr15lOyOdhDh","rect":[2,41,156,164],"offset":[0,-18],"originalSize":[160,210],"capInsets":[0,0,0,0]}},{"__type__":"cc.SpriteFrame","content":{"name":"sure_bt","texture":"f0tUk/QmJPkbvCSPdVCH0f","rect":[0,0,550,100],"offset":[0,0],"originalSize":[550,100],"capInsets":[52,0,63,0]}},{"__type__":"cc.SpriteFrame","content":{"name":"home_box_front","texture":"07AmtAA9pEvr7JjRp2roCu","rect":[0,0,156,130],"offset":[0,0],"originalSize":[156,130],"capInsets":[0,0,0,0]}},{"__type__":"cc.SpriteFrame","content":{"name":"default_btn_disabled","texture":"71VhFCTINJM6/Ky3oX9nBT","rect":[0,0,40,40],"offset":[0,0],"originalSize":[40,40],"capInsets":[12,12,12,12]}},{"__type__":"cc.SpriteFrame","content":{"name":"study_award_money","texture":"9d4mGEFoZFRYEv3Sw6NfAG","rect":[0,0,40,40],"offset":[0,0],"originalSize":[40,40],"capInsets":[0,0,0,0]}},{"__type__":"cc.SpriteFrame","content":{"name":"box_center","texture":"feDn5NmYJFYa7WhYIj5HnD","rect":[7,6,142,141],"offset":[-2,3.5],"originalSize":[160,160],"capInsets":[0,0,0,0]}},{"__type__":"cc.SpriteFrame","content":{"name":"ic_close","texture":"8b5HhCxEhL/4rvGMxlExLE","rect":[0,0,54,54],"offset":[0,0],"originalSize":[54,54],"capInsets":[0,0,0,0]}},{"__type__":"cc.SpriteFrame","content":{"name":"home_box_back","texture":"e5rZ73pi9KhJ7R1bPqfDKf","rect":[0,0,156,75],"offset":[0,0],"originalSize":[156,75],"capInsets":[0,0,0,0]}},[{"__type__":"cc.Prefab","_name":"ChooseBoxDialog","data":{"__id__":1}},{"__type__":"cc.Node","_name":"ChooseBoxDialog","_children":[{"__id__":2},{"__id__":3}],"_level":1,"_prefab":{"__type__":"cc.PrefabInfo","root":{"__id__":1},"asset":{"__uuid__":"c7GT+23UBOYJ6d6s9huLZn"},"fileId":"3a7tRyeENJzq97udZS2NFt"},"_contentSize":{"__type__":"cc.Size","width":750,"height":1334},"_scale":{"__type__":"cc.Vec3","x":1,"y":1,"z":1}},{"__type__":"cc.Node","_name":"Mask","_parent":{"__id__":1},"_level":3,"_components":[{"__type__":"cc.Sprite","node":{"__id__":2},"_spriteFrame":{"__uuid__":"0aoLNsxKlM4qs77+3nCObU"},"_sizeMode":0},{"__type__":"cc.BlockInputEvents","node":{"__id__":2}},{"__type__":"cc.Widget","node":{"__id__":2},"alignMode":2,"_alignFlags":45,"_originalWidth":4750,"_originalHeight":1334}],"_prefab":{"__type__":"cc.PrefabInfo","root":{"__id__":1},"asset":{"__uuid__":"c7GT+23UBOYJ6d6s9huLZn"},"fileId":"47wpXOjnZDf4ZlZnQLAWMM"},"_opacity":147,"_color":{"__type__":"cc.Color","r":3,"g":3,"b":3},"_contentSize":{"__type__":"cc.Size","width":750,"height":1334},"_scale":{"__type__":"cc.Vec3","x":1,"y":1,"z":1}},{"__type__":"cc.Node","_name":"Content","_parent":{"__id__":1},"_children":[{"__id__":4},{"__id__":5},{"__id__":21},{"__id__":22},{"__id__":24},{"__id__":26},{"__id__":28}],"_level":3,"_components":[{"__type__":"cc.Sprite","node":{"__id__":3},"_spriteFrame":{"__uuid__":"d3txZIfuBK5qYPoa0OoD0z"},"_sizeMode":0}],"_prefab":{"__type__":"cc.PrefabInfo","root":{"__id__":1},"asset":{"__uuid__":"c7GT+23UBOYJ6d6s9huLZn"},"fileId":"92/XR3yKRLuZ0Oa+6IEHlL"},"_contentSize":{"__type__":"cc.Size","width":650,"height":900},"_scale":{"__type__":"cc.Vec3","x":1,"y":1,"z":1}},{"__type__":"cc.Node","_name":"Tiltle","_parent":{"__id__":3},"_level":4,"_components":[{"__type__":"cc.Label","node":{"__id__":4},"_srcBlendFactor":1,"_useOriginalSize":false,"_string":"打卡","_N$string":"打卡","_fontSize":36,"_lineHeight":36,"_N$horizontalAlign":1,"_N$verticalAlign":1},{"__type__":"cc.Widget","node":{"__id__":4},"_alignFlags":41,"_top":30,"_originalWidth":97.87}],"_prefab":{"__type__":"cc.PrefabInfo","root":{"__id__":1},"asset":{"__uuid__":"c7GT+23UBOYJ6d6s9huLZn"},"fileId":"d9iFXzK6ZPEKQpIF4awLjb"},"_color":{"__type__":"cc.Color"},"_contentSize":{"__type__":"cc.Size","width":72,"height":36},"_position":{"__type__":"cc.Vec3","y":402},"_scale":{"__type__":"cc.Vec3","x":1,"y":1,"z":1}},{"__type__":"cc.Node","_name":"DialogBg","_parent":{"__id__":3},"_children":[{"__id__":6},{"__id__":10},{"__id__":14},{"__id__":18},{"__id__":20}],"_level":4,"_components":[{"__type__":"cc.Sprite","node":{"__id__":5},"_spriteFrame":{"__uuid__":"e2lUFbuGlCZKhSnbjozu5y"}},{"__type__":"cc.Widget","node":{"__id__":5},"_alignFlags":1,"_top":123}],"_prefab":{"__type__":"cc.PrefabInfo","root":{"__id__":1},"asset":{"__uuid__":"c7GT+23UBOYJ6d6s9huLZn"},"fileId":"49gQWI9zNPbJTCWcLrIqEB"},"_contentSize":{"__type__":"cc.Size","width":608,"height":412},"_position":{"__type__":"cc.Vec3","y":121},"_scale":{"__type__":"cc.Vec3","x":1,"y":1,"z":1}},{"__type__":"cc.Node","_name":"Box1","_parent":{"__id__":5},"_children":[{"__id__":7},{"__id__":8},{"__id__":9}],"_level":5,"_components":[{"__type__":"cc.Sprite","node":{"__id__":6},"_spriteFrame":{"__uuid__":"16YdaQ8SZM27zNNhlQNQEL"},"_type":1},{"__type__":"cc.Button","node":{"__id__":6},"transition":3,"pressedColor":{"__type__":"cc.Color","r":255,"g":255,"b":255},"zoomScale":1.02,"clickEvents":[{"__type__":"cc.ClickEvent","component":"TollGateAward","handler":"middleBoxClick"}],"_N$normalColor":{"__type__":"cc.Color","r":255,"g":255,"b":255},"_N$disabledColor":{"__type__":"cc.Color","r":255,"g":255,"b":255},"_N$pressedSprite":{"__uuid__":"e97GVMl6JHh5Ml5qEDdSGa"},"pressedSprite":{"__uuid__":"e97GVMl6JHh5Ml5qEDdSGa"},"_N$hoverSprite":{"__uuid__":"f0BIwQ8D5Ml7nTNQbh1YlS"},"hoverSprite":{"__uuid__":"f0BIwQ8D5Ml7nTNQbh1YlS"},"_N$disabledSprite":{"__uuid__":"29FYIk+N1GYaeWH/q1NxQO"},"_N$target":{"__id__":6}},{"__type__":"cc.Widget","node":{"__id__":6},"_alignFlags":18,"_horizontalCenter":-200}],"_prefab":{"__type__":"cc.PrefabInfo","root":{"__id__":1},"asset":{"__uuid__":"c7GT+23UBOYJ6d6s9huLZn"},"fileId":"7bLKPLzoVJnppCRfBDY/4I"},"_contentSize":{"__type__":"cc.Size","width":156,"height":164},"_position":{"__type__":"cc.Vec3","x":-200},"_scale":{"__type__":"cc.Vec3","x":1,"y":1,"z":1}},{"__type__":"cc.Node","_name":"Back","_parent":{"__id__":6},"_active":false,"_level":4,"_components":[{"__type__":"cc.Sprite","node":{"__id__":7},"_spriteFrame":{"__uuid__":"9857XVsCVHtovdLOkFKwS7"}},{"__type__":"cc.Widget","node":{"__id__":7},"alignMode":2,"_alignFlags":44,"_bottom":130,"_originalWidth":156}],"_prefab":{"__type__":"cc.PrefabInfo","root":{"__id__":1},"asset":{"__uuid__":"c7GT+23UBOYJ6d6s9huLZn"},"fileId":"c2S3cfGBBGFJtFRpIDs3zv"},"_contentSize":{"__type__":"cc.Size","width":156,"height":75},"_position":{"__type__":"cc.Vec3","y":85.5},"_scale":{"__type__":"cc.Vec3","x":1,"y":1,"z":1}},{"__type__":"cc.Node","_name":"Center","_parent":{"__id__":6},"_active":false,"_level":4,"_components":[{"__type__":"cc.Sprite","node":{"__id__":8},"_spriteFrame":{"__uuid__":"76PsQcjiRPipLzGax06RCd"},"_sizeMode":0},{"__type__":"cc.Widget","node":{"__id__":8},"alignMode":2,"_alignFlags":18,"_verticalCenter":40}],"_prefab":{"__type__":"cc.PrefabInfo","root":{"__id__":1},"asset":{"__uuid__":"c7GT+23UBOYJ6d6s9huLZn"},"fileId":"09UlonR7pAarWaub638iSP"},"_contentSize":{"__type__":"cc.Size","width":156,"height":156},"_position":{"__type__":"cc.Vec3","y":40},"_scale":{"__type__":"cc.Vec3","x":1,"y":1,"z":1}},{"__type__":"cc.Node","_name":"Front","_parent":{"__id__":6},"_active":false,"_level":4,"_components":[{"__type__":"cc.Sprite","node":{"__id__":9},"_spriteFrame":{"__uuid__":"1e2c3eUQJBJaXBH9SIHZcc"}},{"__type__":"cc.Widget","node":{"__id__":9},"alignMode":2,"_alignFlags":44,"_originalWidth":156}],"_prefab":{"__type__":"cc.PrefabInfo","root":{"__id__":1},"asset":{"__uuid__":"c7GT+23UBOYJ6d6s9huLZn"},"fileId":"5eNmH/KzFJNpa5hpV4nwi1"},"_contentSize":{"__type__":"cc.Size","width":156,"height":130},"_position":{"__type__":"cc.Vec3","y":-17},"_scale":{"__type__":"cc.Vec3","x":1,"y":1,"z":1}},{"__type__":"cc.Node","_name":"Box2","_parent":{"__id__":5},"_children":[{"__id__":11},{"__id__":12},{"__id__":13}],"_level":5,"_components":[{"__type__":"cc.Sprite","node":{"__id__":10},"_spriteFrame":{"__uuid__":"16YdaQ8SZM27zNNhlQNQEL"},"_type":1},{"__type__":"cc.Button","node":{"__id__":10},"transition":3,"pressedColor":{"__type__":"cc.Color","r":255,"g":255,"b":255},"zoomScale":1.02,"clickEvents":[{"__type__":"cc.ClickEvent","component":"TollGateAward","handler":"middleBoxClick"}],"_N$normalColor":{"__type__":"cc.Color","r":255,"g":255,"b":255},"_N$disabledColor":{"__type__":"cc.Color","r":255,"g":255,"b":255},"_N$pressedSprite":{"__uuid__":"e97GVMl6JHh5Ml5qEDdSGa"},"pressedSprite":{"__uuid__":"e97GVMl6JHh5Ml5qEDdSGa"},"_N$hoverSprite":{"__uuid__":"f0BIwQ8D5Ml7nTNQbh1YlS"},"hoverSprite":{"__uuid__":"f0BIwQ8D5Ml7nTNQbh1YlS"},"_N$disabledSprite":{"__uuid__":"29FYIk+N1GYaeWH/q1NxQO"},"_N$target":{"__id__":10}},{"__type__":"cc.Widget","node":{"__id__":10},"_alignFlags":18}],"_prefab":{"__type__":"cc.PrefabInfo","root":{"__id__":1},"asset":{"__uuid__":"c7GT+23UBOYJ6d6s9huLZn"},"fileId":"36s+qACeZKsr0Nm5Zd/aVl"},"_contentSize":{"__type__":"cc.Size","width":156,"height":164},"_scale":{"__type__":"cc.Vec3","x":1,"y":1,"z":1}},{"__type__":"cc.Node","_name":"Back","_parent":{"__id__":10},"_active":false,"_level":4,"_components":[{"__type__":"cc.Sprite","node":{"__id__":11},"_spriteFrame":{"__uuid__":"9857XVsCVHtovdLOkFKwS7"}},{"__type__":"cc.Widget","node":{"__id__":11},"alignMode":2,"_alignFlags":44,"_bottom":130,"_originalWidth":156}],"_prefab":{"__type__":"cc.PrefabInfo","root":{"__id__":1},"asset":{"__uuid__":"c7GT+23UBOYJ6d6s9huLZn"},"fileId":"315SpNBWdNCJZK48niLCNX"},"_contentSize":{"__type__":"cc.Size","width":156,"height":75},"_position":{"__type__":"cc.Vec3","y":85.5},"_scale":{"__type__":"cc.Vec3","x":1,"y":1,"z":1}},{"__type__":"cc.Node","_name":"Center","_parent":{"__id__":10},"_active":false,"_level":4,"_components":[{"__type__":"cc.Sprite","node":{"__id__":12},"_spriteFrame":{"__uuid__":"76PsQcjiRPipLzGax06RCd"},"_sizeMode":0},{"__type__":"cc.Widget","node":{"__id__":12},"alignMode":2,"_alignFlags":18,"_verticalCenter":40}],"_prefab":{"__type__":"cc.PrefabInfo","root":{"__id__":1},"asset":{"__uuid__":"c7GT+23UBOYJ6d6s9huLZn"},"fileId":"9cT8Edzq9N4asK9FvbrWeV"},"_contentSize":{"__type__":"cc.Size","width":156,"height":156},"_position":{"__type__":"cc.Vec3","y":40},"_scale":{"__type__":"cc.Vec3","x":1,"y":1,"z":1}},{"__type__":"cc.Node","_name":"Front","_parent":{"__id__":10},"_active":false,"_level":4,"_components":[{"__type__":"cc.Sprite","node":{"__id__":13},"_spriteFrame":{"__uuid__":"1e2c3eUQJBJaXBH9SIHZcc"}},{"__type__":"cc.Widget","node":{"__id__":13},"alignMode":2,"_alignFlags":44,"_originalWidth":156}],"_prefab":{"__type__":"cc.PrefabInfo","root":{"__id__":1},"asset":{"__uuid__":"c7GT+23UBOYJ6d6s9huLZn"},"fileId":"566Ur2ZABPvbB/vphaU4Dq"},"_contentSize":{"__type__":"cc.Size","width":156,"height":130},"_position":{"__type__":"cc.Vec3","y":-17},"_scale":{"__type__":"cc.Vec3","x":1,"y":1,"z":1}},{"__type__":"cc.Node","_name":"Box3","_parent":{"__id__":5},"_children":[{"__id__":15},{"__id__":16},{"__id__":17}],"_level":5,"_components":[{"__type__":"cc.Sprite","node":{"__id__":14},"_spriteFrame":{"__uuid__":"16YdaQ8SZM27zNNhlQNQEL"},"_type":1},{"__type__":"cc.Button","node":{"__id__":14},"transition":3,"pressedColor":{"__type__":"cc.Color","r":255,"g":255,"b":255},"zoomScale":1.02,"clickEvents":[{"__type__":"cc.ClickEvent","component":"TollGateAward","handler":"middleBoxClick"}],"_N$normalColor":{"__type__":"cc.Color","r":255,"g":255,"b":255},"_N$disabledColor":{"__type__":"cc.Color","r":255,"g":255,"b":255},"_N$pressedSprite":{"__uuid__":"e97GVMl6JHh5Ml5qEDdSGa"},"pressedSprite":{"__uuid__":"e97GVMl6JHh5Ml5qEDdSGa"},"_N$hoverSprite":{"__uuid__":"f0BIwQ8D5Ml7nTNQbh1YlS"},"hoverSprite":{"__uuid__":"f0BIwQ8D5Ml7nTNQbh1YlS"},"_N$disabledSprite":{"__uuid__":"29FYIk+N1GYaeWH/q1NxQO"},"_N$target":{"__id__":14}},{"__type__":"cc.Widget","node":{"__id__":14},"_alignFlags":18,"_horizontalCenter":200}],"_prefab":{"__type__":"cc.PrefabInfo","root":{"__id__":1},"asset":{"__uuid__":"c7GT+23UBOYJ6d6s9huLZn"},"fileId":"e1D51QAK5OqICSllgtsJyO"},"_contentSize":{"__type__":"cc.Size","width":156,"height":164},"_position":{"__type__":"cc.Vec3","x":200},"_scale":{"__type__":"cc.Vec3","x":1,"y":1,"z":1}},{"__type__":"cc.Node","_name":"Back","_parent":{"__id__":14},"_active":false,"_level":4,"_components":[{"__type__":"cc.Sprite","node":{"__id__":15},"_spriteFrame":{"__uuid__":"9857XVsCVHtovdLOkFKwS7"}},{"__type__":"cc.Widget","node":{"__id__":15},"alignMode":2,"_alignFlags":44,"_bottom":130,"_originalWidth":156}],"_prefab":{"__type__":"cc.PrefabInfo","root":{"__id__":1},"asset":{"__uuid__":"c7GT+23UBOYJ6d6s9huLZn"},"fileId":"06kVKM4i1NWavWlMAwy+jp"},"_contentSize":{"__type__":"cc.Size","width":156,"height":75},"_position":{"__type__":"cc.Vec3","y":85.5},"_scale":{"__type__":"cc.Vec3","x":1,"y":1,"z":1}},{"__type__":"cc.Node","_name":"Center","_parent":{"__id__":14},"_active":false,"_level":4,"_components":[{"__type__":"cc.Sprite","node":{"__id__":16},"_spriteFrame":{"__uuid__":"76PsQcjiRPipLzGax06RCd"},"_sizeMode":0},{"__type__":"cc.Widget","node":{"__id__":16},"alignMode":2,"_alignFlags":18,"_verticalCenter":40}],"_prefab":{"__type__":"cc.PrefabInfo","root":{"__id__":1},"asset":{"__uuid__":"c7GT+23UBOYJ6d6s9huLZn"},"fileId":"6aWloBMspG+rJIcORLCjam"},"_contentSize":{"__type__":"cc.Size","width":156,"height":156},"_position":{"__type__":"cc.Vec3","y":40},"_scale":{"__type__":"cc.Vec3","x":1,"y":1,"z":1}},{"__type__":"cc.Node","_name":"Front","_parent":{"__id__":14},"_active":false,"_level":4,"_components":[{"__type__":"cc.Sprite","node":{"__id__":17},"_spriteFrame":{"__uuid__":"1e2c3eUQJBJaXBH9SIHZcc"}},{"__type__":"cc.Widget","node":{"__id__":17},"alignMode":2,"_alignFlags":44,"_originalWidth":156}],"_prefab":{"__type__":"cc.PrefabInfo","root":{"__id__":1},"asset":{"__uuid__":"c7GT+23UBOYJ6d6s9huLZn"},"fileId":"4615dzvAtB9J8j5GzzyQE1"},"_contentSize":{"__type__":"cc.Size","width":156,"height":130},"_position":{"__type__":"cc.Vec3","y":-17},"_scale":{"__type__":"cc.Vec3","x":1,"y":1,"z":1}},{"__type__":"cc.Node","_name":"MoneySprite","_parent":{"__id__":5},"_children":[{"__id__":19}],"_active":false,"_level":5,"_components":[{"__type__":"cc.Sprite","node":{"__id__":18},"_spriteFrame":{"__uuid__":"61Y1OMhQlJ8pCUu58jhYZc"},"_sizeMode":0}],"_prefab":{"__type__":"cc.PrefabInfo","root":{"__id__":1},"asset":{"__uuid__":"c7GT+23UBOYJ6d6s9huLZn"},"fileId":"67p7IgfNhLRI94WgW1evNG"},"_contentSize":{"__type__":"cc.Size","width":40,"height":40},"_position":{"__type__":"cc.Vec3","x":-20,"y":160},"_scale":{"__type__":"cc.Vec3","x":1,"y":1,"z":1}},{"__type__":"cc.Node","_name":"Label","_parent":{"__id__":18},"_level":5,"_components":[{"__type__":"cc.Label","node":{"__id__":19},"_srcBlendFactor":1,"_useOriginalSize":false,"_string":"+0","_N$string":"+0","_fontSize":36,"_lineHeight":43,"_N$horizontalAlign":1,"_N$verticalAlign":1},{"__type__":"cc.Widget","node":{"__id__":19},"alignMode":2,"_alignFlags":10,"_left":50}],"_prefab":{"__type__":"cc.PrefabInfo","root":{"__id__":1},"asset":{"__uuid__":"c7GT+23UBOYJ6d6s9huLZn"},"fileId":"d02r9wqrhLBKpczP1uRv9Q"},"_color":{"__type__":"cc.Color","r":253,"g":109,"b":39},"_contentSize":{"__type__":"cc.Size","width":41.04,"height":43},"_position":{"__type__":"cc.Vec3","x":46.260000000000005},"_scale":{"__type__":"cc.Vec3","x":1,"y":1,"z":1}},{"__type__":"cc.Node","_name":"SelectContent","_parent":{"__id__":5},"_level":5,"_components":[{"__type__":"cc.Label","node":{"__id__":20},"_srcBlendFactor":1,"_useOriginalSize":false,"_string":"选择一个宝箱作为奖励","_N$string":"选择一个宝箱作为奖励","_fontSize":36,"_N$horizontalAlign":1,"_N$verticalAlign":1,"_N$overflow":1},{"__type__":"cc.Widget","node":{"__id__":20},"_alignFlags":44,"_left":24,"_right":24,"_bottom":38,"_originalWidth":360}],"_prefab":{"__type__":"cc.PrefabInfo","root":{"__id__":1},"asset":{"__uuid__":"c7GT+23UBOYJ6d6s9huLZn"},"fileId":"1eqKXqNP5E6Y6uX4FvxqIj"},"_color":{"__type__":"cc.Color","r":246,"g":174,"b":9},"_contentSize":{"__type__":"cc.Size","width":560,"height":40},"_position":{"__type__":"cc.Vec3","y":-148},"_scale":{"__type__":"cc.Vec3","x":1,"y":1,"z":1}},{"__type__":"cc.Node","_name":"AchievementContent","_parent":{"__id__":3},"_level":4,"_components":[{"__type__":"cc.Label","node":{"__id__":21},"_srcBlendFactor":1,"_useOriginalSize":false,"_string":"我已学习123天，挑战20关，\n掌握单词1000个。","_N$string":"我已学习123天，挑战20关，\n掌握单词1000个。","_fontSize":30,"_lineHeight":34,"_N$horizontalAlign":1,"_N$verticalAlign":1,"_N$overflow":2},{"__type__":"cc.Widget","node":{"__id__":21},"_alignFlags":41,"_left":30,"_right":30,"_top":545,"_originalWidth":383.42}],"_prefab":{"__type__":"cc.PrefabInfo","root":{"__id__":1},"asset":{"__uuid__":"c7GT+23UBOYJ6d6s9huLZn"},"fileId":"85Gq9eq2lHX4iXiO01H2Ah"},"_color":{"__type__":"cc.Color","r":74,"g":74,"b":74},"_contentSize":{"__type__":"cc.Size","width":590,"height":100},"_position":{"__type__":"cc.Vec3","y":-145},"_scale":{"__type__":"cc.Vec3","x":1,"y":1,"z":1}},{"__type__":"cc.Node","_name":"TopBt","_parent":{"__id__":3},"_children":[{"__id__":23}],"_level":4,"_components":[{"__type__":"cc.Sprite","node":{"__id__":22},"_spriteFrame":{"__uuid__":"18m0XXytNE/oW094A7xVl1"},"_type":1,"_sizeMode":0},{"__type__":"cc.Button","node":{"__id__":22},"pressedColor":{"__type__":"cc.Color","r":255,"g":255,"b":255},"_N$normalColor":{"__type__":"cc.Color","r":255,"g":255,"b":255},"_N$disabledColor":{"__type__":"cc.Color","r":255,"g":255,"b":255},"_N$normalSprite":{"__uuid__":"18m0XXytNE/oW094A7xVl1"},"_N$pressedSprite":{"__uuid__":"e97GVMl6JHh5Ml5qEDdSGa"},"pressedSprite":{"__uuid__":"e97GVMl6JHh5Ml5qEDdSGa"},"_N$hoverSprite":{"__uuid__":"f0BIwQ8D5Ml7nTNQbh1YlS"},"hoverSprite":{"__uuid__":"f0BIwQ8D5Ml7nTNQbh1YlS"},"_N$disabledSprite":{"__uuid__":"29FYIk+N1GYaeWH/q1NxQO"},"_N$target":{"__id__":22}},{"__type__":"cc.Widget","node":{"__id__":22},"_alignFlags":1,"_top":652}],"_prefab":{"__type__":"cc.PrefabInfo","root":{"__id__":1},"asset":{"__uuid__":"c7GT+23UBOYJ6d6s9huLZn"},"fileId":"f5ldHx1+NFPbsFpxW3rH4W"},"_contentSize":{"__type__":"cc.Size","width":550,"height":100},"_position":{"__type__":"cc.Vec3","y":-252},"_scale":{"__type__":"cc.Vec3","x":1,"y":1,"z":1}},{"__type__":"cc.Node","_name":"TopContent","_parent":{"__id__":22},"_components":[{"__type__":"cc.Label","node":{"__id__":23},"_srcBlendFactor":1,"_useOriginalSize":false,"_string":"打卡集赞","_N$string":"打卡集赞","_fontSize":36,"_enableWrapText":false,"_N$horizontalAlign":1,"_N$verticalAlign":1,"_N$overflow":1}],"_prefab":{"__type__":"cc.PrefabInfo","root":{"__id__":1},"asset":{"__uuid__":"c7GT+23UBOYJ6d6s9huLZn"},"fileId":"ffWtrvme9BGZEoIK6hzg5R"},"_contentSize":{"__type__":"cc.Size","width":400,"height":60},"_scale":{"__type__":"cc.Vec3","x":1,"y":1,"z":1}},{"__type__":"cc.Node","_name":"MiddleBt","_parent":{"__id__":3},"_children":[{"__id__":25}],"_active":false,"_level":4,"_components":[{"__type__":"cc.Sprite","node":{"__id__":24},"_spriteFrame":{"__uuid__":"18m0XXytNE/oW094A7xVl1"},"_type":1,"_sizeMode":0},{"__type__":"cc.Button","node":{"__id__":24},"pressedColor":{"__type__":"cc.Color","r":255,"g":255,"b":255},"_N$normalColor":{"__type__":"cc.Color","r":255,"g":255,"b":255},"_N$disabledColor":{"__type__":"cc.Color","r":255,"g":255,"b":255},"_N$normalSprite":{"__uuid__":"18m0XXytNE/oW094A7xVl1"},"_N$pressedSprite":{"__uuid__":"e97GVMl6JHh5Ml5qEDdSGa"},"pressedSprite":{"__uuid__":"e97GVMl6JHh5Ml5qEDdSGa"},"_N$hoverSprite":{"__uuid__":"f0BIwQ8D5Ml7nTNQbh1YlS"},"hoverSprite":{"__uuid__":"f0BIwQ8D5Ml7nTNQbh1YlS"},"_N$disabledSprite":{"__uuid__":"29FYIk+N1GYaeWH/q1NxQO"},"_N$target":{"__id__":24}},{"__type__":"cc.Widget","node":{"__id__":24},"_alignFlags":1,"_top":700}],"_prefab":{"__type__":"cc.PrefabInfo","root":{"__id__":1},"asset":{"__uuid__":"c7GT+23UBOYJ6d6s9huLZn"},"fileId":"82WcgMYixDwLy9tHi9+W6g"},"_contentSize":{"__type__":"cc.Size","width":550,"height":100},"_position":{"__type__":"cc.Vec3","y":-300},"_scale":{"__type__":"cc.Vec3","x":1,"y":1,"z":1}},{"__type__":"cc.Node","_name":"MiddleContent","_parent":{"__id__":24},"_components":[{"__type__":"cc.Label","node":{"__id__":25},"_srcBlendFactor":1,"_useOriginalSize":false,"_string":"领取","_N$string":"领取","_fontSize":36,"_enableWrapText":false,"_N$horizontalAlign":1,"_N$verticalAlign":1,"_N$overflow":2},{"__type__":"cc.Widget","node":{"__id__":25},"alignMode":2,"_alignFlags":45,"_originalWidth":400,"_originalHeight":60}],"_prefab":{"__type__":"cc.PrefabInfo","root":{"__id__":1},"asset":{"__uuid__":"c7GT+23UBOYJ6d6s9huLZn"},"fileId":"dedhFXbqtDOLrW6uiNWKfK"},"_contentSize":{"__type__":"cc.Size","width":550,"height":100},"_scale":{"__type__":"cc.Vec3","x":1,"y":1,"z":1}},{"__type__":"cc.Node","_name":"BottomBt","_parent":{"__id__":3},"_children":[{"__id__":27}],"_level":4,"_components":[{"__type__":"cc.Sprite","node":{"__id__":26},"_spriteFrame":{"__uuid__":"18m0XXytNE/oW094A7xVl1"},"_type":1,"_sizeMode":0},{"__type__":"cc.Button","node":{"__id__":26},"pressedColor":{"__type__":"cc.Color","r":255,"g":255,"b":255},"_N$normalColor":{"__type__":"cc.Color","r":255,"g":255,"b":255},"_N$disabledColor":{"__type__":"cc.Color","r":255,"g":255,"b":255},"_N$normalSprite":{"__uuid__":"18m0XXytNE/oW094A7xVl1"},"_N$pressedSprite":{"__uuid__":"e97GVMl6JHh5Ml5qEDdSGa"},"pressedSprite":{"__uuid__":"e97GVMl6JHh5Ml5qEDdSGa"},"_N$hoverSprite":{"__uuid__":"f0BIwQ8D5Ml7nTNQbh1YlS"},"hoverSprite":{"__uuid__":"f0BIwQ8D5Ml7nTNQbh1YlS"},"_N$disabledSprite":{"__uuid__":"29FYIk+N1GYaeWH/q1NxQO"},"_N$target":{"__id__":26}},{"__type__":"cc.Widget","node":{"__id__":26},"_alignFlags":1,"_top":765}],"_prefab":{"__type__":"cc.PrefabInfo","root":{"__id__":1},"asset":{"__uuid__":"c7GT+23UBOYJ6d6s9huLZn"},"fileId":"3fuZmW1rFAIJntxMPU6tjE"},"_contentSize":{"__type__":"cc.Size","width":550,"height":100},"_position":{"__type__":"cc.Vec3","y":-365},"_scale":{"__type__":"cc.Vec3","x":1,"y":1,"z":1}},{"__type__":"cc.Node","_name":"BottomContent","_parent":{"__id__":26},"_components":[{"__type__":"cc.Label","node":{"__id__":27},"_srcBlendFactor":1,"_useOriginalSize":false,"_string":"生成海报并分享","_N$string":"生成海报并分享","_fontSize":36,"_enableWrapText":false,"_N$horizontalAlign":1,"_N$verticalAlign":1,"_N$overflow":1}],"_prefab":{"__type__":"cc.PrefabInfo","root":{"__id__":1},"asset":{"__uuid__":"c7GT+23UBOYJ6d6s9huLZn"},"fileId":"80FpKO/8xBnqyFEnFl8wXP"},"_contentSize":{"__type__":"cc.Size","width":400,"height":60},"_scale":{"__type__":"cc.Vec3","x":1,"y":1,"z":1}},{"__type__":"cc.Node","_name":"Close","_parent":{"__id__":3},"_level":4,"_components":[{"__type__":"cc.Sprite","node":{"__id__":28},"_spriteFrame":{"__uuid__":"84j4TpUulCk7xx6M6O0R8g"}},{"__type__":"cc.Button","node":{"__id__":28},"_N$target":{"__id__":28}}],"_prefab":{"__type__":"cc.PrefabInfo","root":{"__id__":1},"asset":{"__uuid__":"c7GT+23UBOYJ6d6s9huLZn"},"fileId":"580gTO54BBP5VfKNVEBP/+"},"_contentSize":{"__type__":"cc.Size","width":54,"height":54},"_position":{"__type__":"cc.Vec3","y":-520},"_scale":{"__type__":"cc.Vec3","x":1,"y":1,"z":1}}],{"__type__":"cc.SpriteFrame","content":{"name":"bigdialog_bg","texture":"4cRp/At+FOqo4W6/zoqANz","rect":[0,0,650,900],"offset":[0,0],"originalSize":[650,900],"capInsets":[0,0,0,0]}},{"__type__":"cc.SpriteFrame","content":{"name":"boxBg","texture":"72uqeqetpPF4+tpNR5gLeT","rect":[0,0,608,412],"offset":[0,0],"originalSize":[608,412],"capInsets":[0,0,0,0]}},{"__type__":"cc.SpriteFrame","content":{"name":"default_btn_pressed","texture":"b4P/PCArtIdIH38t6mlw8Y","rect":[0,0,40,40],"offset":[0,0],"originalSize":[40,40],"capInsets":[12,12,12,12]}},{"__type__":"cc.SpriteFrame","content":{"name":"default_btn_normal","texture":"e8Ueib+qJEhL6mXAHdnwbi","rect":[0,0,40,40],"offset":[0,0],"originalSize":[40,40],"capInsets":[12,12,12,12]}}]