[{"__type__":"cc.SpriteFrame","content":{"name":"white_bg","texture":"11+MH+mEdPXZmm6UnzsvES","rect":[0,0,490,286],"offset":[0,0],"originalSize":[490,286],"capInsets":[0,0,0,0]}},{"__type__":"cc.SpriteFrame","content":{"name":"home_book_bg","texture":"c5UYvSdzVKmJzD+mdqEcKg","rect":[1,0,48,48],"offset":[0,0],"originalSize":[50,48],"capInsets":[10,10,10,10]}},{"__type__":"cc.SpriteFrame","content":{"name":"default_btn_disabled","texture":"71VhFCTINJM6/Ky3oX9nBT","rect":[0,0,40,40],"offset":[0,0],"originalSize":[40,40],"capInsets":[12,12,12,12]}},{"__type__":"cc.SpriteFrame","content":{"name":"home_goto_tollgate_bg","texture":"f0C1Twf2VEcp37WY76URcE","rect":[0,0,516,126],"offset":[0,0],"originalSize":[516,126],"capInsets":[60,0,60,0]}},{"__type__":"cc.SpriteFrame","content":{"name":"home_head_bg","texture":"b48BJ9qt5LnbKWaYg0/hnG","rect":[0,0,750,547],"offset":[0,1.5],"originalSize":[750,550],"capInsets":[0,0,0,0]}},{"__type__":"cc.SpriteFrame","content":{"name":"home_clock","texture":"d1Pia/xVREf5XNUFMNCRFm","rect":[0,0,67,67],"offset":[0,0],"originalSize":[67,67],"capInsets":[0,0,0,0]}},{"__type__":"cc.SpriteFrame","content":{"name":"study_complete_top_bg","texture":"45NImzynFCAYduF631vm/R","rect":[0,0,708,156],"offset":[0,0],"originalSize":[708,156],"capInsets":[0,0,0,0]}},{"__type__":"cc.SpriteFrame","content":{"name":"home_book","texture":"6b0EZt/T9MOKlVCz2NPmNs","rect":[0,0,23,26],"offset":[0,0],"originalSize":[23,26],"capInsets":[0,0,0,0]}},{"__type__":"cc.SpriteFrame","content":{"name":"home_rank","texture":"fe0MjYPL9JtLoQyOrAR0To","rect":[0,0,67,67],"offset":[0,0],"originalSize":[67,67],"capInsets":[0,0,0,0]}},{"__type__":"cc.SpriteFrame","content":{"name":"home_middle_bg","texture":"a4HDVHjfZI/rBLgcBhKAIx","rect":[0,0,648,326],"offset":[0,0],"originalSize":[648,326],"capInsets":[30,30,30,30]}},{"__type__":"cc.SpriteFrame","content":{"name":"default_icon","texture":"8dqeGcpelK+IeVtCbWWss4","rect":[0,0,140,140],"offset":[0,0],"originalSize":[140,140],"capInsets":[0,0,0,0]}},{"__type__":"cc.SpriteFrame","content":{"name":"home_remember","texture":"2cib98I6hHOblvdvCGM1N6","rect":[0,0,110,110],"offset":[0,0],"originalSize":[110,110],"capInsets":[0,0,0,0]}},{"__type__":"cc.SpriteFrame","content":{"name":"home_current_clock","texture":"0fXabI85VKlJIDYFNsBFvT","rect":[0,0,110,110],"offset":[0,0],"originalSize":[110,110],"capInsets":[0,0,0,0]}},{"__type__":"cc.SpriteFrame","content":{"name":"home_today_study","texture":"76rpLFoIZBXbx+UzE/3WpB","rect":[0,0,110,110],"offset":[0,0],"originalSize":[110,110],"capInsets":[0,0,0,0]}},{"__type__":"cc.SpriteFrame","content":{"name":"default_sprite_splash","texture":"02delMVqdBD70a/HSD99FK","rect":[0,0,2,2],"offset":[0,0],"originalSize":[2,2],"capInsets":[0,0,0,0]}},{"__type__":"cc.SpriteFrame","content":{"name":"home_review_bg","texture":"b7+iHArUBOB4o5fC3K+WMD","rect":[0,0,377,99],"offset":[0,0],"originalSize":[377,99],"capInsets":[45,0,45,0]}},{"__type__":"cc.SpriteFrame","content":{"name":"home_help_arrow","texture":"84d9IZ7J5KQoemL48mXy6/","rect":[0,0,41,43],"offset":[0,0],"originalSize":[41,43],"capInsets":[0,0,0,0]}},{"__type__":"cc.SpriteFrame","content":{"name":"default_btn_pressed","texture":"b4P/PCArtIdIH38t6mlw8Y","rect":[0,0,40,40],"offset":[0,0],"originalSize":[40,40],"capInsets":[12,12,12,12]}},{"__type__":"cc.SpriteFrame","content":{"name":"default_btn_normal","texture":"e8Ueib+qJEhL6mXAHdnwbi","rect":[0,0,40,40],"offset":[0,0],"originalSize":[40,40],"capInsets":[12,12,12,12]}},[{"__type__":"cc.SceneAsset","_name":"Home","scene":{"__id__":1},"asyncLoadAssets":null},{"__type__":"cc.Scene","_name":"New Node","_children":[{"__id__":2}],"_anchorPoint":{"__type__":"cc.Vec2"},"_scale":{"__type__":"cc.Vec3","x":0.22938530734632684,"y":0.22938530734632684,"z":1},"autoReleaseAssets":false},{"__type__":"cc.Node","_name":"Canvas","_parent":{"__id__":1},"_children":[{"__id__":3},{"__id__":4},{"__id__":22},{"__id__":35},{"__id__":38},{"__id__":41},{"__id__":44}],"_level":1,"_components":[{"__type__":"cc.Canvas","node":{"__id__":2},"_designResolution":{"__type__":"cc.Size","width":750,"height":1334}},{"__type__":"2545fgutNRMMoL6JDyAPFnh","node":{"__id__":2},"iconBtn":{"__id__":8},"nameLabel":{"__id__":10},"bookBtn":{"__id__":15},"bookLabel":{"__id__":13},"countDownLabel":{"__id__":17},"rankBtn":{"__id__":19},"clockBtn":{"__id__":21},"currentDayLabel":{"__id__":25},"currentTollGateLabel":{"__id__":29},"allLabel":{"__id__":33},"goTollGateBtn":{"__id__":37},"reviewBtn":{"__id__":40},"helpNode":{"__id__":44}}],"_contentSize":{"__type__":"cc.Size","width":750,"height":1334},"_position":{"__type__":"cc.Vec3","x":375,"y":667},"_scale":{"__type__":"cc.Vec3","x":1,"y":1,"z":1},"_id":"85rCTzKzdJaqGvVUSVaOK6"},{"__type__":"cc.Node","_name":"Main Camera","_parent":{"__id__":2},"_level":1,"_components":[{"__type__":"cc.Camera","node":{"__id__":3},"_clearFlags":7,"_backgroundColor":{"__type__":"cc.Color","r":255,"g":255,"b":255},"_depth":-1}],"_scale":{"__type__":"cc.Vec3","x":1,"y":1,"z":1}},{"__type__":"cc.Node","_name":"HomeHeadImageView","_parent":{"__id__":2},"_children":[{"__id__":5},{"__id__":6},{"__id__":9},{"__id__":11},{"__id__":16},{"__id__":18},{"__id__":20}],"_level":1,"_components":[{"__type__":"cc.Sprite","node":{"__id__":4},"_spriteFrame":{"__uuid__":"3cNITUdGZJ3Zn97kJS7LpU"},"_type":1,"_sizeMode":0},{"__type__":"cc.Widget","node":{"__id__":4},"alignMode":2,"_alignFlags":41,"_bottom":660,"_originalWidth":640,"_originalHeight":300}],"_contentSize":{"__type__":"cc.Size","width":750,"height":518},"_position":{"__type__":"cc.Vec3","y":408},"_scale":{"__type__":"cc.Vec3","x":1,"y":1,"z":1}},{"__type__":"cc.Node","_name":"MarkLabel","_parent":{"__id__":4},"_level":2,"_components":[{"__type__":"cc.Label","node":{"__id__":5},"_srcBlendFactor":1,"_useOriginalSize":false,"_string":"酷爱背单词","_N$string":"酷爱背单词","_fontSize":38,"_lineHeight":38,"_N$horizontalAlign":1,"_N$verticalAlign":1},{"__type__":"cc.Widget","node":{"__id__":5},"alignMode":2,"_alignFlags":9,"_left":63,"_top":74}],"_color":{"__type__":"cc.Color"},"_contentSize":{"__type__":"cc.Size","width":190,"height":38},"_position":{"__type__":"cc.Vec3","x":-217,"y":166},"_scale":{"__type__":"cc.Vec3","x":1,"y":1,"z":1}},{"__type__":"cc.Node","_name":"IconBtn","_parent":{"__id__":4},"_children":[{"__id__":7}],"_level":2,"_components":[{"__id__":8},{"__type__":"cc.Widget","node":{"__id__":6},"alignMode":2,"_alignFlags":9,"_left":59,"_top":161},{"__type__":"cc.Mask","node":{"__id__":6},"_type":1,"_segments":71}],"_contentSize":{"__type__":"cc.Size","width":142,"height":142},"_position":{"__type__":"cc.Vec3","x":-245,"y":27},"_scale":{"__type__":"cc.Vec3","x":1,"y":1,"z":1}},{"__type__":"cc.Node","_name":"Sprite","_parent":{"__id__":6},"_level":3,"_components":[{"__type__":"cc.Sprite","node":{"__id__":7},"_spriteFrame":{"__uuid__":"714G2r3Y9GkpeMvdBBmfMs"},"_sizeMode":0},{"__type__":"cc.Widget","node":{"__id__":7},"alignMode":2,"_alignFlags":45,"_originalWidth":140,"_originalHeight":140}],"_contentSize":{"__type__":"cc.Size","width":142,"height":142},"_scale":{"__type__":"cc.Vec3","x":1,"y":1,"z":1}},{"__type__":"cc.Button","node":{"__id__":6},"pressedColor":{"__type__":"cc.Color","r":255,"g":255,"b":255},"clickEvents":[{"__type__":"cc.ClickEvent","target":{"__id__":2},"component":"Home","handler":"iconBtnClick","customEventData":"true"}],"_N$normalColor":{"__type__":"cc.Color","r":255,"g":255,"b":255},"_N$disabledColor":{"__type__":"cc.Color","r":255,"g":255,"b":255},"_N$normalSprite":{"__uuid__":"f0BIwQ8D5Ml7nTNQbh1YlS"},"_N$pressedSprite":{"__uuid__":"e97GVMl6JHh5Ml5qEDdSGa"},"pressedSprite":{"__uuid__":"e97GVMl6JHh5Ml5qEDdSGa"},"_N$hoverSprite":{"__uuid__":"f0BIwQ8D5Ml7nTNQbh1YlS"},"hoverSprite":{"__uuid__":"f0BIwQ8D5Ml7nTNQbh1YlS"},"_N$disabledSprite":{"__uuid__":"29FYIk+N1GYaeWH/q1NxQO"},"_N$target":{"__id__":6}},{"__type__":"cc.Node","_name":"NameLabel","_parent":{"__id__":4},"_level":2,"_components":[{"__id__":10},{"__type__":"cc.Widget","node":{"__id__":9},"alignMode":2,"_alignFlags":41,"_left":232,"_right":120,"_top":178,"_originalWidth":90}],"_color":{"__type__":"cc.Color"},"_contentSize":{"__type__":"cc.Size","width":398,"height":30},"_position":{"__type__":"cc.Vec3","x":56,"y":66},"_scale":{"__type__":"cc.Vec3","x":1,"y":1,"z":1}},{"__type__":"cc.Label","node":{"__id__":9},"_srcBlendFactor":1,"_useOriginalSize":false,"_string":"小橙子","_N$string":"小橙子","_fontSize":30,"_lineHeight":35,"_enableWrapText":false,"_N$verticalAlign":1,"_N$overflow":2},{"__type__":"cc.Node","_name":"BookBtn","_parent":{"__id__":4},"_children":[{"__id__":12},{"__id__":14}],"_level":2,"_components":[{"__type__":"cc.Sprite","node":{"__id__":11},"_spriteFrame":{"__uuid__":"18RkJCMVZC5aoYNJ+McFXQ"},"_type":1,"_sizeMode":0},{"__id__":15},{"__type__":"cc.Widget","node":{"__id__":11},"alignMode":2,"_alignFlags":9,"_left":232,"_top":216}],"_contentSize":{"__type__":"cc.Size","width":140,"height":48},"_position":{"__type__":"cc.Vec3","x":-73,"y":19},"_scale":{"__type__":"cc.Vec3","x":1,"y":1,"z":1}},{"__type__":"cc.Node","_name":"BookLabel","_parent":{"__id__":11},"_components":[{"__id__":13},{"__type__":"cc.Widget","node":{"__id__":12},"alignMode":2,"_alignFlags":45,"_left":41,"_right":11,"_top":10,"_bottom":10,"_originalWidth":84,"_originalHeight":40}],"_color":{"__type__":"cc.Color","r":74,"g":74,"b":74},"_contentSize":{"__type__":"cc.Size","width":88,"height":28},"_position":{"__type__":"cc.Vec3","x":15},"_scale":{"__type__":"cc.Vec3","x":1,"y":1,"z":1}},{"__type__":"cc.Label","node":{"__id__":12},"_srcBlendFactor":1,"_useOriginalSize":false,"_string":"单词书","_N$string":"单词书","_fontSize":28,"_lineHeight":28,"_enableWrapText":false,"_N$verticalAlign":1,"_N$overflow":2},{"__type__":"cc.Node","_name":"BookMarkImage","_parent":{"__id__":11},"_level":3,"_components":[{"__type__":"cc.Sprite","node":{"__id__":14},"_spriteFrame":{"__uuid__":"518gtHG9RBKbeasIpr+RMG"},"_sizeMode":0},{"__type__":"cc.Widget","node":{"__id__":14},"alignMode":2,"_alignFlags":10,"_left":10}],"_color":{"__type__":"cc.Color","r":207,"g":207,"b":207},"_contentSize":{"__type__":"cc.Size","width":23,"height":26},"_position":{"__type__":"cc.Vec3","x":-48.5},"_scale":{"__type__":"cc.Vec3","x":1,"y":1,"z":1}},{"__type__":"cc.Button","node":{"__id__":11},"pressedColor":{"__type__":"cc.Color","r":255,"g":255,"b":255},"clickEvents":[{"__type__":"cc.ClickEvent","target":{"__id__":2},"component":"Home","handler":"bookBtnClick","customEventData":"true"}],"_N$normalColor":{"__type__":"cc.Color","r":255,"g":255,"b":255},"_N$disabledColor":{"__type__":"cc.Color","r":255,"g":255,"b":255},"_N$pressedSprite":{"__uuid__":"e97GVMl6JHh5Ml5qEDdSGa"},"pressedSprite":{"__uuid__":"e97GVMl6JHh5Ml5qEDdSGa"},"_N$hoverSprite":{"__uuid__":"f0BIwQ8D5Ml7nTNQbh1YlS"},"hoverSprite":{"__uuid__":"f0BIwQ8D5Ml7nTNQbh1YlS"},"_N$disabledSprite":{"__uuid__":"29FYIk+N1GYaeWH/q1NxQO"},"_N$target":{"__id__":11}},{"__type__":"cc.Node","_name":"CountDownTimeLabel","_parent":{"__id__":4},"_level":2,"_components":[{"__id__":17},{"__type__":"cc.Widget","node":{"__id__":16},"alignMode":2,"_alignFlags":9,"_left":232,"_top":276}],"_contentSize":{"__type__":"cc.Size","width":198,"height":22},"_position":{"__type__":"cc.Vec3","x":-44,"y":-28},"_scale":{"__type__":"cc.Vec3","x":1,"y":1,"z":1}},{"__type__":"cc.Label","node":{"__id__":16},"_srcBlendFactor":1,"_useOriginalSize":false,"_string":"距离考试倒计时天数","_N$string":"距离考试倒计时天数","_fontSize":22,"_lineHeight":22,"_N$verticalAlign":1},{"__type__":"cc.Node","_name":"RankBtn","_parent":{"__id__":4},"_level":2,"_components":[{"__type__":"cc.Sprite","node":{"__id__":18},"_spriteFrame":{"__uuid__":"5cEYZSxrxNS7LTA5Sp7PYI"},"_type":1,"_sizeMode":0},{"__id__":19},{"__type__":"cc.Widget","node":{"__id__":18},"alignMode":2,"_alignFlags":33,"_right":62,"_top":159}],"_contentSize":{"__type__":"cc.Size","width":63,"height":63},"_position":{"__type__":"cc.Vec3","x":281.5,"y":68.5},"_scale":{"__type__":"cc.Vec3","x":1,"y":1,"z":1}},{"__type__":"cc.Button","node":{"__id__":18},"pressedColor":{"__type__":"cc.Color","r":255,"g":255,"b":255},"clickEvents":[{"__type__":"cc.ClickEvent","target":{"__id__":2},"component":"Home","handler":"rankBtnClick","customEventData":"true"}],"_N$normalColor":{"__type__":"cc.Color","r":255,"g":255,"b":255},"_N$disabledColor":{"__type__":"cc.Color","r":255,"g":255,"b":255},"_N$normalSprite":{"__uuid__":"f0BIwQ8D5Ml7nTNQbh1YlS"},"_N$pressedSprite":{"__uuid__":"e97GVMl6JHh5Ml5qEDdSGa"},"pressedSprite":{"__uuid__":"e97GVMl6JHh5Ml5qEDdSGa"},"_N$hoverSprite":{"__uuid__":"f0BIwQ8D5Ml7nTNQbh1YlS"},"hoverSprite":{"__uuid__":"f0BIwQ8D5Ml7nTNQbh1YlS"},"_N$disabledSprite":{"__uuid__":"29FYIk+N1GYaeWH/q1NxQO"},"_N$target":{"__id__":18}},{"__type__":"cc.Node","_name":"ClockBtn","_parent":{"__id__":4},"_level":2,"_components":[{"__type__":"cc.Sprite","node":{"__id__":20},"_spriteFrame":{"__uuid__":"3esk7Wb2JOtqXzsTv1EgoF"},"_type":1,"_sizeMode":0},{"__id__":21},{"__type__":"cc.Widget","node":{"__id__":20},"alignMode":2,"_alignFlags":33,"_right":62,"_top":242}],"_contentSize":{"__type__":"cc.Size","width":63,"height":63},"_position":{"__type__":"cc.Vec3","x":281.5,"y":-14.5},"_scale":{"__type__":"cc.Vec3","x":1,"y":1,"z":1}},{"__type__":"cc.Button","node":{"__id__":20},"pressedColor":{"__type__":"cc.Color","r":255,"g":255,"b":255},"clickEvents":[{"__type__":"cc.ClickEvent","target":{"__id__":2},"component":"Home","handler":"clockBtnClick","customEventData":"true"}],"_N$normalColor":{"__type__":"cc.Color","r":255,"g":255,"b":255},"_N$disabledColor":{"__type__":"cc.Color","r":255,"g":255,"b":255},"_N$normalSprite":{"__uuid__":"f0BIwQ8D5Ml7nTNQbh1YlS"},"_N$pressedSprite":{"__uuid__":"e97GVMl6JHh5Ml5qEDdSGa"},"pressedSprite":{"__uuid__":"e97GVMl6JHh5Ml5qEDdSGa"},"_N$hoverSprite":{"__uuid__":"f0BIwQ8D5Ml7nTNQbh1YlS"},"hoverSprite":{"__uuid__":"f0BIwQ8D5Ml7nTNQbh1YlS"},"_N$disabledSprite":{"__uuid__":"29FYIk+N1GYaeWH/q1NxQO"},"_N$target":{"__id__":20}},{"__type__":"cc.Node","_name":"TollGateView","_parent":{"__id__":2},"_children":[{"__id__":23},{"__id__":24},{"__id__":26},{"__id__":27},{"__id__":28},{"__id__":30},{"__id__":31},{"__id__":32},{"__id__":34}],"_level":1,"_components":[{"__type__":"cc.Sprite","node":{"__id__":22},"_spriteFrame":{"__uuid__":"67B+fHqWRONZ+eZ3XFZNQG"},"_type":1,"_sizeMode":0},{"__type__":"cc.Widget","node":{"__id__":22},"alignMode":2,"_alignFlags":41,"_left":60,"_right":60,"_top":364,"_verticalCenter":100,"_originalWidth":100}],"_contentSize":{"__type__":"cc.Size","width":630,"height":308},"_position":{"__type__":"cc.Vec3","y":149},"_scale":{"__type__":"cc.Vec3","x":1,"y":1,"z":1}},{"__type__":"cc.Node","_name":"TodayImage","_parent":{"__id__":22},"_level":2,"_components":[{"__type__":"cc.Sprite","node":{"__id__":23},"_spriteFrame":{"__uuid__":"99q/FiVopI+oJdDPZg4Ia6"},"_sizeMode":0},{"__type__":"cc.Widget","node":{"__id__":23},"alignMode":2,"_alignFlags":17,"_left":60,"_top":36,"_verticalCenter":-0.3,"_isAbsVerticalCenter":false}],"_contentSize":{"__type__":"cc.Size","width":110,"height":110},"_position":{"__type__":"cc.Vec3","y":63},"_scale":{"__type__":"cc.Vec3","x":1,"y":1,"z":1}},{"__type__":"cc.Node","_name":"TodayLabel","_parent":{"__id__":22},"_level":2,"_components":[{"__id__":25},{"__type__":"cc.Widget","node":{"__id__":24},"alignMode":2,"_alignFlags":20,"_bottom":94}],"_color":{"__type__":"cc.Color","r":74,"g":74,"b":74},"_contentSize":{"__type__":"cc.Size","width":55.61,"height":40},"_position":{"__type__":"cc.Vec3","y":-40},"_scale":{"__type__":"cc.Vec3","x":1,"y":1,"z":1}},{"__type__":"cc.Label","node":{"__id__":24},"_srcBlendFactor":1,"_useOriginalSize":false,"_string":"0/0","_N$string":"0/0","_N$horizontalAlign":1,"_N$verticalAlign":1},{"__type__":"cc.Node","_name":"TodayMarkLabel","_parent":{"__id__":22},"_level":2,"_components":[{"__type__":"cc.Label","node":{"__id__":26},"_srcBlendFactor":1,"_useOriginalSize":false,"_string":"本关进度","_N$string":"本关进度","_fontSize":22,"_lineHeight":22,"_N$horizontalAlign":1,"_N$verticalAlign":1},{"__type__":"cc.Widget","node":{"__id__":26},"alignMode":2,"_alignFlags":20,"_left":41.22,"_bottom":46}],"_color":{"__type__":"cc.Color","r":74,"g":74,"b":74},"_contentSize":{"__type__":"cc.Size","width":88,"height":22},"_position":{"__type__":"cc.Vec3","y":-97},"_scale":{"__type__":"cc.Vec3","x":1,"y":1,"z":1}},{"__type__":"cc.Node","_name":"CurrentImage","_parent":{"__id__":22},"_level":2,"_components":[{"__type__":"cc.Sprite","node":{"__id__":27},"_spriteFrame":{"__uuid__":"8coonH+qpPQ4xf9ObjpZHs"},"_sizeMode":0},{"__type__":"cc.Widget","node":{"__id__":27},"_alignFlags":17,"_left":50,"_top":36,"_horizontalCenter":-0.3,"_isAbsHorizontalCenter":false}],"_contentSize":{"__type__":"cc.Size","width":110,"height":110},"_position":{"__type__":"cc.Vec3","x":-189,"y":63},"_scale":{"__type__":"cc.Vec3","x":1,"y":1,"z":1}},{"__type__":"cc.Node","_name":"CurrentLabel","_parent":{"__id__":22},"_level":2,"_components":[{"__id__":29},{"__type__":"cc.Widget","node":{"__id__":28},"alignMode":2,"_alignFlags":20,"_bottom":94,"_horizontalCenter":-0.3,"_isAbsHorizontalCenter":false}],"_color":{"__type__":"cc.Color","r":74,"g":74,"b":74},"_contentSize":{"__type__":"cc.Size","width":22.25,"height":40},"_position":{"__type__":"cc.Vec3","x":-189,"y":-40},"_scale":{"__type__":"cc.Vec3","x":1,"y":1,"z":1}},{"__type__":"cc.Label","node":{"__id__":28},"_srcBlendFactor":1,"_useOriginalSize":false,"_string":"0","_N$string":"0","_N$horizontalAlign":1,"_N$verticalAlign":1},{"__type__":"cc.Node","_name":"CurrentMarkLabel","_parent":{"__id__":22},"_level":2,"_components":[{"__type__":"cc.Label","node":{"__id__":30},"_srcBlendFactor":1,"_useOriginalSize":false,"_string":"当前关卡","_N$string":"当前关卡","_fontSize":22,"_lineHeight":22,"_N$horizontalAlign":1,"_N$verticalAlign":1},{"__type__":"cc.Widget","node":{"__id__":30},"alignMode":2,"_alignFlags":20,"_left":41.22,"_bottom":46,"_horizontalCenter":-0.3,"_isAbsHorizontalCenter":false}],"_color":{"__type__":"cc.Color","r":74,"g":74,"b":74},"_contentSize":{"__type__":"cc.Size","width":88,"height":22},"_position":{"__type__":"cc.Vec3","x":-189,"y":-97},"_scale":{"__type__":"cc.Vec3","x":1,"y":1,"z":1}},{"__type__":"cc.Node","_name":"AllImage","_parent":{"__id__":22},"_level":2,"_components":[{"__type__":"cc.Sprite","node":{"__id__":31},"_spriteFrame":{"__uuid__":"880gKR4zVDz7un/K77c0Pp"},"_sizeMode":0},{"__type__":"cc.Widget","node":{"__id__":31},"_alignFlags":17,"_left":50,"_right":60,"_top":36,"_bottom":45,"_horizontalCenter":0.3,"_isAbsHorizontalCenter":false}],"_contentSize":{"__type__":"cc.Size","width":110,"height":110},"_position":{"__type__":"cc.Vec3","x":189,"y":63},"_scale":{"__type__":"cc.Vec3","x":1,"y":1,"z":1}},{"__type__":"cc.Node","_name":"AllLabel","_parent":{"__id__":22},"_level":2,"_components":[{"__id__":33},{"__type__":"cc.Widget","node":{"__id__":32},"alignMode":2,"_alignFlags":20,"_bottom":94,"_horizontalCenter":0.3,"_isAbsHorizontalCenter":false}],"_color":{"__type__":"cc.Color","r":74,"g":74,"b":74},"_contentSize":{"__type__":"cc.Size","width":22.25,"height":40},"_position":{"__type__":"cc.Vec3","x":189,"y":-40},"_scale":{"__type__":"cc.Vec3","x":1,"y":1,"z":1}},{"__type__":"cc.Label","node":{"__id__":32},"_srcBlendFactor":1,"_useOriginalSize":false,"_string":"0","_N$string":"0","_N$horizontalAlign":1,"_N$verticalAlign":1},{"__type__":"cc.Node","_name":"AllMarkLabel","_parent":{"__id__":22},"_level":2,"_components":[{"__type__":"cc.Label","node":{"__id__":34},"_srcBlendFactor":1,"_useOriginalSize":false,"_string":"累计掌握","_N$string":"累计掌握","_fontSize":22,"_lineHeight":22,"_N$horizontalAlign":1,"_N$verticalAlign":1},{"__type__":"cc.Widget","node":{"__id__":34},"alignMode":2,"_alignFlags":20,"_left":41.22,"_bottom":46,"_horizontalCenter":0.3,"_isAbsHorizontalCenter":false}],"_color":{"__type__":"cc.Color","r":74,"g":74,"b":74},"_contentSize":{"__type__":"cc.Size","width":88,"height":22},"_position":{"__type__":"cc.Vec3","x":189,"y":-97},"_scale":{"__type__":"cc.Vec3","x":1,"y":1,"z":1}},{"__type__":"cc.Node","_name":"GoTollGateBtn","_parent":{"__id__":2},"_children":[{"__id__":36}],"_level":1,"_components":[{"__type__":"cc.Sprite","node":{"__id__":35},"_spriteFrame":{"__uuid__":"2bO/IyIXpDErsqzQSpufoJ"},"_type":1},{"__id__":37},{"__type__":"cc.Widget","node":{"__id__":35},"alignMode":2,"_alignFlags":20,"_bottom":488}],"_contentSize":{"__type__":"cc.Size","width":516,"height":126},"_position":{"__type__":"cc.Vec3","y":-116},"_scale":{"__type__":"cc.Vec3","x":1,"y":1,"z":1}},{"__type__":"cc.Node","_name":"Label","_parent":{"__id__":35},"_components":[{"__type__":"cc.Label","node":{"__id__":36},"_srcBlendFactor":1,"_useOriginalSize":false,"_string":"开始闯关","_N$string":"开始闯关","_enableWrapText":false,"_N$horizontalAlign":1,"_N$verticalAlign":1,"_N$overflow":1},{"__type__":"cc.Widget","node":{"__id__":36},"alignMode":2,"_alignFlags":45,"_originalWidth":100,"_originalHeight":40}],"_contentSize":{"__type__":"cc.Size","width":516,"height":126},"_scale":{"__type__":"cc.Vec3","x":1,"y":1,"z":1}},{"__type__":"cc.Button","node":{"__id__":35},"transition":3,"pressedColor":{"__type__":"cc.Color","r":255,"g":255,"b":255},"zoomScale":1.1,"clickEvents":[{"__type__":"cc.ClickEvent","target":{"__id__":2},"component":"Home","handler":"startBreakClick"}],"_N$normalColor":{"__type__":"cc.Color","r":255,"g":255,"b":255},"_N$disabledColor":{"__type__":"cc.Color","r":255,"g":255,"b":255},"_N$pressedSprite":{"__uuid__":"e97GVMl6JHh5Ml5qEDdSGa"},"pressedSprite":{"__uuid__":"e97GVMl6JHh5Ml5qEDdSGa"},"_N$hoverSprite":{"__uuid__":"f0BIwQ8D5Ml7nTNQbh1YlS"},"hoverSprite":{"__uuid__":"f0BIwQ8D5Ml7nTNQbh1YlS"},"_N$disabledSprite":{"__uuid__":"29FYIk+N1GYaeWH/q1NxQO"},"_N$target":{"__id__":35}},{"__type__":"cc.Node","_name":"ReviewBtn","_parent":{"__id__":2},"_children":[{"__id__":39}],"_active":false,"_level":1,"_components":[{"__type__":"cc.Sprite","node":{"__id__":38},"_spriteFrame":{"__uuid__":"c7enACzy1Oi7XYY8PWg62h"},"_type":1},{"__id__":40},{"__type__":"cc.Widget","node":{"__id__":38},"alignMode":2,"_alignFlags":20,"_bottom":351}],"_contentSize":{"__type__":"cc.Size","width":377,"height":99},"_position":{"__type__":"cc.Vec3","y":-266.5},"_scale":{"__type__":"cc.Vec3","x":1,"y":1,"z":1}},{"__type__":"cc.Node","_name":"Label","_parent":{"__id__":38},"_components":[{"__type__":"cc.Label","node":{"__id__":39},"_srcBlendFactor":1,"_useOriginalSize":false,"_string":"开始复习","_N$string":"开始复习","_enableWrapText":false,"_N$horizontalAlign":1,"_N$verticalAlign":1,"_N$overflow":1},{"__type__":"cc.Widget","node":{"__id__":39},"alignMode":2,"_alignFlags":45,"_originalWidth":100,"_originalHeight":40}],"_contentSize":{"__type__":"cc.Size","width":377,"height":99},"_scale":{"__type__":"cc.Vec3","x":1,"y":1,"z":1}},{"__type__":"cc.Button","node":{"__id__":38},"transition":3,"pressedColor":{"__type__":"cc.Color","r":255,"g":255,"b":255},"clickEvents":[{"__type__":"cc.ClickEvent","target":{"__id__":2},"component":"Home","handler":"startReviewClick"}],"_N$normalColor":{"__type__":"cc.Color","r":255,"g":255,"b":255},"_N$disabledColor":{"__type__":"cc.Color","r":255,"g":255,"b":255},"_N$pressedSprite":{"__uuid__":"e97GVMl6JHh5Ml5qEDdSGa"},"pressedSprite":{"__uuid__":"e97GVMl6JHh5Ml5qEDdSGa"},"_N$hoverSprite":{"__uuid__":"f0BIwQ8D5Ml7nTNQbh1YlS"},"hoverSprite":{"__uuid__":"f0BIwQ8D5Ml7nTNQbh1YlS"},"_N$disabledSprite":{"__uuid__":"29FYIk+N1GYaeWH/q1NxQO"},"_N$target":{"__id__":38}},{"__type__":"cc.Node","_name":"CoinMarkBtn","_parent":{"__id__":2},"_children":[{"__id__":42},{"__id__":43}],"_level":1,"_components":[{"__type__":"cc.Sprite","node":{"__id__":41},"_type":1,"_sizeMode":0},{"__type__":"cc.Button","node":{"__id__":41},"pressedColor":{"__type__":"cc.Color","r":255,"g":255,"b":255},"_N$normalColor":{"__type__":"cc.Color","r":255,"g":255,"b":255},"_N$disabledColor":{"__type__":"cc.Color","r":255,"g":255,"b":255},"_N$normalSprite":{"__uuid__":"f0BIwQ8D5Ml7nTNQbh1YlS"},"_N$pressedSprite":{"__uuid__":"e97GVMl6JHh5Ml5qEDdSGa"},"pressedSprite":{"__uuid__":"e97GVMl6JHh5Ml5qEDdSGa"},"_N$hoverSprite":{"__uuid__":"f0BIwQ8D5Ml7nTNQbh1YlS"},"hoverSprite":{"__uuid__":"f0BIwQ8D5Ml7nTNQbh1YlS"},"_N$disabledSprite":{"__uuid__":"29FYIk+N1GYaeWH/q1NxQO"},"_N$target":{"__id__":41}},{"__type__":"cc.Widget","node":{"__id__":41},"_alignFlags":20,"_bottom":82.5}],"_contentSize":{"__type__":"cc.Size","width":300,"height":45},"_position":{"__type__":"cc.Vec3","y":-562},"_scale":{"__type__":"cc.Vec3","x":1,"y":1,"z":1}},{"__type__":"cc.Node","_name":"Label","_parent":{"__id__":41},"_components":[{"__type__":"cc.Label","node":{"__id__":42},"_srcBlendFactor":1,"_useOriginalSize":false,"_string":"得橙币奖励兑换好东西:)","_N$string":"得橙币奖励兑换好东西:)","_fontSize":26,"_lineHeight":26,"_enableWrapText":false,"_N$horizontalAlign":1,"_N$verticalAlign":1,"_N$overflow":1},{"__type__":"cc.Widget","node":{"__id__":42},"alignMode":2,"_alignFlags":45,"_left":10,"_right":10,"_originalWidth":100,"_originalHeight":40}],"_color":{"__type__":"cc.Color","r":255,"g":148},"_contentSize":{"__type__":"cc.Size","width":280,"height":45},"_scale":{"__type__":"cc.Vec3","x":1,"y":1,"z":1}},{"__type__":"cc.Node","_name":"Line","_parent":{"__id__":41},"_level":3,"_components":[{"__type__":"cc.Sprite","node":{"__id__":43},"_spriteFrame":{"__uuid__":"a2MjXRFdtLlYQ5ouAFv/+R"},"_sizeMode":0},{"__type__":"cc.Widget","node":{"__id__":43},"alignMode":2,"_alignFlags":44,"_left":10,"_right":10,"_originalWidth":100}],"_color":{"__type__":"cc.Color","r":255,"g":148},"_contentSize":{"__type__":"cc.Size","width":280,"height":2},"_position":{"__type__":"cc.Vec3","y":-21.5},"_scale":{"__type__":"cc.Vec3","x":1,"y":1,"z":1}},{"__type__":"cc.Node","_name":"HomeHelp","_parent":{"__id__":2},"_children":[{"__id__":45},{"__id__":46},{"__id__":47},{"__id__":49},{"__id__":52},{"__id__":54}],"_active":false,"_level":2,"_components":[{"__type__":"cc.Widget","node":{"__id__":44},"alignMode":2,"_alignFlags":45,"_originalWidth":40,"_originalHeight":36}],"_color":{"__type__":"cc.Color"},"_contentSize":{"__type__":"cc.Size","width":750,"height":1334},"_scale":{"__type__":"cc.Vec3","x":1,"y":1,"z":1}},{"__type__":"cc.Node","_name":"Mask","_parent":{"__id__":44},"_level":3,"_components":[{"__type__":"cc.Sprite","node":{"__id__":45},"_spriteFrame":{"__uuid__":"16CnnZYYNM/o+1K8BpewH6"},"_sizeMode":0},{"__type__":"cc.Widget","node":{"__id__":45},"alignMode":2,"_alignFlags":45,"_originalWidth":40,"_originalHeight":36},{"__type__":"cc.Button","node":{"__id__":45},"_N$target":{"__id__":45}}],"_opacity":128,"_color":{"__type__":"cc.Color"},"_contentSize":{"__type__":"cc.Size","width":750,"height":1334},"_scale":{"__type__":"cc.Vec3","x":1,"y":1,"z":1}},{"__type__":"cc.Node","_name":"KnowBtn","_parent":{"__id__":44},"_level":3,"_components":[{"__type__":"cc.Sprite","node":{"__id__":46},"_spriteFrame":{"__uuid__":"fei/fEA5dNFKDDV8cLnaSq"}},{"__type__":"cc.Widget","node":{"__id__":46},"alignMode":2,"_alignFlags":18,"_verticalCenter":-10},{"__type__":"cc.Button","node":{"__id__":46},"transition":3,"zoomScale":1.02,"clickEvents":[{"__type__":"cc.ClickEvent","target":{"__id__":2},"component":"Home","handler":"helpKnowBtnClick","customEventData":"true"}],"_N$target":{"__id__":46}}],"_contentSize":{"__type__":"cc.Size","width":276,"height":103},"_position":{"__type__":"cc.Vec3","y":-10},"_scale":{"__type__":"cc.Vec3","x":1,"y":1,"z":1}},{"__type__":"cc.Node","_name":"IconBtn","_parent":{"__id__":44},"_children":[{"__id__":48}],"_level":3,"_components":[{"__type__":"cc.Button","node":{"__id__":47},"pressedColor":{"__type__":"cc.Color","r":255,"g":255,"b":255},"_N$normalColor":{"__type__":"cc.Color","r":255,"g":255,"b":255},"_N$disabledColor":{"__type__":"cc.Color","r":255,"g":255,"b":255},"_N$normalSprite":{"__uuid__":"f0BIwQ8D5Ml7nTNQbh1YlS"},"_N$pressedSprite":{"__uuid__":"e97GVMl6JHh5Ml5qEDdSGa"},"pressedSprite":{"__uuid__":"e97GVMl6JHh5Ml5qEDdSGa"},"_N$hoverSprite":{"__uuid__":"f0BIwQ8D5Ml7nTNQbh1YlS"},"hoverSprite":{"__uuid__":"f0BIwQ8D5Ml7nTNQbh1YlS"},"_N$disabledSprite":{"__uuid__":"29FYIk+N1GYaeWH/q1NxQO"},"_N$target":{"__id__":47}},{"__type__":"cc.Widget","node":{"__id__":47},"alignMode":2,"_alignFlags":9,"_left":59,"_top":161},{"__type__":"cc.Mask","node":{"__id__":47},"_type":1,"_segments":71}],"_contentSize":{"__type__":"cc.Size","width":142,"height":142},"_position":{"__type__":"cc.Vec3","x":-245,"y":435},"_scale":{"__type__":"cc.Vec3","x":1,"y":1,"z":1}},{"__type__":"cc.Node","_name":"Sprite","_parent":{"__id__":47},"_level":3,"_components":[{"__type__":"cc.Sprite","node":{"__id__":48},"_spriteFrame":{"__uuid__":"714G2r3Y9GkpeMvdBBmfMs"},"_sizeMode":0},{"__type__":"cc.Widget","node":{"__id__":48},"alignMode":2,"_alignFlags":45,"_originalWidth":140,"_originalHeight":140}],"_contentSize":{"__type__":"cc.Size","width":142,"height":142},"_scale":{"__type__":"cc.Vec3","x":1,"y":1,"z":1}},{"__type__":"cc.Node","_name":"BookBtn","_parent":{"__id__":44},"_children":[{"__id__":50},{"__id__":51}],"_level":3,"_components":[{"__type__":"cc.Sprite","node":{"__id__":49},"_spriteFrame":{"__uuid__":"47e0uCA9ZNCIsRpcXrLwGh"},"_type":1,"_sizeMode":0},{"__type__":"cc.Button","node":{"__id__":49},"pressedColor":{"__type__":"cc.Color","r":255,"g":255,"b":255},"_N$normalColor":{"__type__":"cc.Color","r":255,"g":255,"b":255},"_N$disabledColor":{"__type__":"cc.Color","r":255,"g":255,"b":255},"_N$pressedSprite":{"__uuid__":"e97GVMl6JHh5Ml5qEDdSGa"},"pressedSprite":{"__uuid__":"e97GVMl6JHh5Ml5qEDdSGa"},"_N$hoverSprite":{"__uuid__":"f0BIwQ8D5Ml7nTNQbh1YlS"},"hoverSprite":{"__uuid__":"f0BIwQ8D5Ml7nTNQbh1YlS"},"_N$disabledSprite":{"__uuid__":"29FYIk+N1GYaeWH/q1NxQO"},"_N$target":{"__id__":49}},{"__type__":"cc.Widget","node":{"__id__":49},"alignMode":2,"_alignFlags":9,"_left":232,"_top":216}],"_color":{"__type__":"cc.Color","r":255,"g":215,"b":75},"_contentSize":{"__type__":"cc.Size","width":140,"height":48},"_position":{"__type__":"cc.Vec3","x":-73,"y":427},"_scale":{"__type__":"cc.Vec3","x":1,"y":1,"z":1}},{"__type__":"cc.Node","_name":"BookLabel","_parent":{"__id__":49},"_components":[{"__type__":"cc.Label","node":{"__id__":50},"_srcBlendFactor":1,"_useOriginalSize":false,"_string":"单词书","_N$string":"单词书","_fontSize":28,"_lineHeight":28,"_enableWrapText":false,"_N$verticalAlign":1,"_N$overflow":2},{"__type__":"cc.Widget","node":{"__id__":50},"alignMode":2,"_alignFlags":45,"_left":41,"_right":11,"_top":10,"_bottom":10,"_originalWidth":84,"_originalHeight":40}],"_color":{"__type__":"cc.Color","r":74,"g":74,"b":74},"_contentSize":{"__type__":"cc.Size","width":88,"height":28},"_position":{"__type__":"cc.Vec3","x":15},"_scale":{"__type__":"cc.Vec3","x":1,"y":1,"z":1}},{"__type__":"cc.Node","_name":"BookMarkImage","_parent":{"__id__":49},"_level":3,"_components":[{"__type__":"cc.Sprite","node":{"__id__":51},"_spriteFrame":{"__uuid__":"518gtHG9RBKbeasIpr+RMG"},"_sizeMode":0},{"__type__":"cc.Widget","node":{"__id__":51},"alignMode":2,"_alignFlags":10,"_left":10}],"_color":{"__type__":"cc.Color","r":207,"g":207,"b":207},"_contentSize":{"__type__":"cc.Size","width":23,"height":26},"_position":{"__type__":"cc.Vec3","x":-48.5},"_scale":{"__type__":"cc.Vec3","x":1,"y":1,"z":1}},{"__type__":"cc.Node","_name":"IconArrow","_parent":{"__id__":44},"_children":[{"__id__":53}],"_level":3,"_components":[{"__type__":"cc.Sprite","node":{"__id__":52},"_spriteFrame":{"__uuid__":"d8uuCahEhLe6pmEXb5gFfk"}},{"__type__":"cc.Widget","node":{"__id__":52},"alignMode":2,"_alignFlags":9,"_left":160,"_top":323}],"_contentSize":{"__type__":"cc.Size","width":41,"height":43},"_position":{"__type__":"cc.Vec3","x":-194.5,"y":322.5},"_scale":{"__type__":"cc.Vec3","x":1,"y":1,"z":1}},{"__type__":"cc.Node","_name":"Label","_parent":{"__id__":52},"_level":4,"_components":[{"__type__":"cc.Label","node":{"__id__":53},"_srcBlendFactor":1,"_useOriginalSize":false,"_string":"点击头像进入个人设置","_N$string":"点击头像进入个人设置","_fontSize":36,"_lineHeight":36,"_N$horizontalAlign":1,"_N$verticalAlign":1},{"__type__":"cc.Widget","node":{"__id__":53},"_alignFlags":12,"_left":-90,"_bottom":-46,"_horizontalCenter":0.25,"_isAbsHorizontalCenter":false}],"_contentSize":{"__type__":"cc.Size","width":360,"height":36},"_position":{"__type__":"cc.Vec3","x":69.5,"y":-49.5},"_scale":{"__type__":"cc.Vec3","x":1,"y":1,"z":1}},{"__type__":"cc.Node","_name":"IconArrow","_parent":{"__id__":44},"_children":[{"__id__":55}],"_level":3,"_components":[{"__type__":"cc.Sprite","node":{"__id__":54},"_spriteFrame":{"__uuid__":"d8uuCahEhLe6pmEXb5gFfk"}},{"__type__":"cc.Widget","node":{"__id__":54},"alignMode":2,"_alignFlags":9,"_left":370,"_top":273}],"_contentSize":{"__type__":"cc.Size","width":41,"height":43},"_position":{"__type__":"cc.Vec3","x":15.5,"y":372.5},"_scale":{"__type__":"cc.Vec3","x":1,"y":1,"z":1}},{"__type__":"cc.Node","_name":"Label","_parent":{"__id__":54},"_level":4,"_components":[{"__type__":"cc.Label","node":{"__id__":55},"_srcBlendFactor":1,"_useOriginalSize":false,"_string":"点击书名可更换词书","_N$string":"点击书名可更换词书","_fontSize":36,"_lineHeight":36,"_N$horizontalAlign":1,"_N$verticalAlign":1},{"__type__":"cc.Widget","node":{"__id__":55},"_alignFlags":12,"_left":-65,"_bottom":-46,"_horizontalCenter":0.25,"_isAbsHorizontalCenter":false}],"_contentSize":{"__type__":"cc.Size","width":324,"height":36},"_position":{"__type__":"cc.Vec3","x":76.5,"y":-49.5},"_scale":{"__type__":"cc.Vec3","x":1,"y":1,"z":1}}],{"__type__":"cc.SpriteFrame","content":{"name":"home_help_know","texture":"c1ZN7hqTxF4aFmZWoZ/SKS","rect":[0,0,276,103],"offset":[0,0],"originalSize":[276,103],"capInsets":[0,0,0,0]}}]