[{"__type__":"cc.SpriteFrame","content":{"name":"progress1","texture":"fbpG99ivtE04LkT1U4bVyH","rect":[1,0,423,27],"offset":[0.5,0],"originalSize":[424,27],"capInsets":[22,0,22,0]}},{"__type__":"cc.SpriteFrame","content":{"name":"default_sprite","texture":"6eBWFz0oVHPLIGQKf/9Thu","rect":[0,2,40,36],"offset":[0,0],"originalSize":[40,40],"capInsets":[0,0,0,0]}},{"__type__":"cc.SpriteFrame","content":{"name":"progress","texture":"01/sFMZ3NGx58SKbLPn/hR","rect":[1,0,423,27],"offset":[0.5,0],"originalSize":[424,27],"capInsets":[22,0,22,0]}},[{"__type__":"cc.SceneAsset","_name":"game","scene":{"__id__":1},"asyncLoadAssets":null},{"__type__":"cc.Scene","_name":"New Node","_children":[{"__id__":2}],"_anchorPoint":{"__type__":"cc.Vec2"},"_scale":{"__type__":"cc.Vec3","x":0.21739130434782608,"y":0.21739130434782608,"z":1},"autoReleaseAssets":false},{"__type__":"cc.Node","_name":"Canvas","_parent":{"__id__":1},"_children":[{"__id__":3},{"__id__":10},{"__id__":11},{"__id__":15}],"_level":1,"_components":[{"__type__":"cc.Canvas","node":{"__id__":2},"_designResolution":{"__type__":"cc.Size","width":750,"height":1334}},{"__type__":"cfab19ElkJEfaOxcwhJi+4j","node":{"__id__":2},"scoreLab":{"__id__":5},"progressBar":{"__id__":9},"picture":{"__id__":16}},{"__type__":"cc.Graphics","node":{"__id__":2},"_lineWidth":2,"_strokeColor":{"__type__":"cc.Color","r":255,"g":193,"b":27}}],"_contentSize":{"__type__":"cc.Size","width":750,"height":1334},"_position":{"__type__":"cc.Vec3","x":375,"y":667},"_scale":{"__type__":"cc.Vec3","x":1,"y":1,"z":1},"_id":"22DUWJ4ZJMkbZMjCTph+fA"},{"__type__":"cc.Node","_name":"Progress","_parent":{"__id__":2},"_children":[{"__id__":4},{"__id__":6}],"_level":1,"_components":[{"__type__":"cc.Widget","node":{"__id__":3},"_alignFlags":17,"_top":52},{"__type__":"cc.Layout","node":{"__id__":3},"_layoutSize":{"__type__":"cc.Size","width":514.09,"height":200},"_resize":1,"_N$layoutType":1,"_N$spacingX":10}],"_contentSize":{"__type__":"cc.Size","width":514.09,"height":200},"_position":{"__type__":"cc.Vec3","y":515},"_scale":{"__type__":"cc.Vec3","x":1,"y":1,"z":1}},{"__type__":"cc.Node","_name":"scoreLab","_parent":{"__id__":3},"_level":2,"_components":[{"__id__":5}],"_color":{"__type__":"cc.Color","r":255,"g":193,"b":27},"_contentSize":{"__type__":"cc.Size","width":80.09,"height":48},"_position":{"__type__":"cc.Vec3","x":-217,"y":19},"_scale":{"__type__":"cc.Vec3","x":1,"y":1,"z":1}},{"__type__":"cc.Label","node":{"__id__":4},"_srcBlendFactor":1,"_useOriginalSize":false,"_string":"9999","_N$string":"9999","_fontSize":36,"_lineHeight":48,"_N$horizontalAlign":1,"_N$verticalAlign":1},{"__type__":"cc.Node","_name":"progressBar","_parent":{"__id__":3},"_children":[{"__id__":7}],"_level":2,"_components":[{"__type__":"cc.Sprite","node":{"__id__":6},"_spriteFrame":{"__uuid__":"a6HFHPbqpA0ZYC3/8cdiJ8"},"_type":1,"_sizeMode":0},{"__id__":9}],"_contentSize":{"__type__":"cc.Size","width":424,"height":27},"_position":{"__type__":"cc.Vec3","x":45.045000000000016,"y":19},"_scale":{"__type__":"cc.Vec3","x":1,"y":1,"z":1}},{"__type__":"cc.Node","_name":"bar","_parent":{"__id__":6},"_components":[{"__id__":8}],"_contentSize":{"__type__":"cc.Size","height":27},"_anchorPoint":{"__type__":"cc.Vec2","y":0.5},"_position":{"__type__":"cc.Vec3","x":-212},"_scale":{"__type__":"cc.Vec3","x":1,"y":1,"z":1}},{"__type__":"cc.Sprite","node":{"__id__":7},"_spriteFrame":{"__uuid__":"754zdIkltOF590+SWylAm2"},"_type":1,"_sizeMode":0},{"__type__":"cc.ProgressBar","node":{"__id__":6},"_N$totalLength":424,"_N$barSprite":{"__id__":8},"_N$progress":0},{"__type__":"cc.Node","_name":"Main Camera","_parent":{"__id__":2},"_level":1,"_components":[{"__type__":"cc.Camera","node":{"__id__":10},"_clearFlags":7,"_backgroundColor":{"__type__":"cc.Color","r":255,"g":255,"b":255},"_depth":-1}],"_scale":{"__type__":"cc.Vec3","x":1,"y":1,"z":1}},{"__type__":"cc.Node","_name":"RoundRectButton","_parent":{"__id__":2},"_children":[{"__id__":12}],"_level":2,"_components":[{"__type__":"cc.Graphics","node":{"__id__":11},"_strokeColor":{"__type__":"cc.Color","r":255,"g":193,"b":27}},{"__type__":"d029chndrlH97ypihBN1uaR","node":{"__id__":11},"button":{"__id__":14},"cornerRadius":20}],"_scale":{"__type__":"cc.Vec3","x":1,"y":1,"z":1}},{"__type__":"cc.Node","_name":"button","_parent":{"__id__":11},"_children":[{"__id__":13}],"_level":2,"_components":[{"__id__":14}],"_color":{"__type__":"cc.Color","r":255,"g":193,"b":27},"_contentSize":{"__type__":"cc.Size","width":100,"height":40},"_scale":{"__type__":"cc.Vec3","x":1,"y":1,"z":1}},{"__type__":"cc.Node","_name":"Label","_parent":{"__id__":12},"_components":[{"__type__":"cc.Label","node":{"__id__":13},"_srcBlendFactor":1,"_useOriginalSize":false,"_string":"button","_N$string":"button","_fontSize":20,"_enableWrapText":false,"_N$horizontalAlign":1,"_N$verticalAlign":1,"_N$overflow":1}],"_color":{"__type__":"cc.Color"},"_contentSize":{"__type__":"cc.Size","width":100,"height":40},"_scale":{"__type__":"cc.Vec3","x":1,"y":1,"z":1}},{"__type__":"cc.Button","node":{"__id__":12},"transition":1,"pressedColor":{"__type__":"cc.Color","r":255,"b":255},"clickEvents":[{"__type__":"cc.ClickEvent","target":{"__id__":2},"component":"Game","handler":"changeProgress"}],"_N$normalColor":{"__type__":"cc.Color","r":255,"g":193,"b":27},"_N$disabledColor":{"__type__":"cc.Color","r":119,"g":119,"b":119},"_N$target":{"__id__":12}},{"__type__":"cc.Node","_name":"sprite","_parent":{"__id__":2},"_level":2,"_components":[{"__id__":16}],"_contentSize":{"__type__":"cc.Size","width":40,"height":36},"_position":{"__type__":"cc.Vec3","x":5,"y":308},"_scale":{"__type__":"cc.Vec3","x":1,"y":1,"z":1}},{"__type__":"cc.Sprite","node":{"__id__":15},"_spriteFrame":{"__uuid__":"8c20Sso/ZEn7NUfNSM+EBh"}}]]