[{"__type__":"cc.SpriteFrame","content":{"name":"line","texture":"6dd/haCfBPnoHoBV+Hzz2K","rect":[0,29,60,2],"offset":[0,0],"originalSize":[60,60],"capInsets":[0,0,0,0]}},{"__type__":"cc.SpriteFrame","content":{"name":"white_bg","texture":"11+MH+mEdPXZmm6UnzsvES","rect":[0,0,490,286],"offset":[0,0],"originalSize":[490,286],"capInsets":[0,0,0,0]}},{"__type__":"cc.SpriteFrame","content":{"name":"default_btn_disabled","texture":"71VhFCTINJM6/Ky3oX9nBT","rect":[0,0,40,40],"offset":[0,0],"originalSize":[40,40],"capInsets":[12,12,12,12]}},{"__type__":"cc.SpriteFrame","content":{"name":"set_switch_icon","texture":"1b/BTRoKZIVZfhfdLMrd61","rect":[0,0,66,66],"offset":[0,0],"originalSize":[66,66],"capInsets":[0,0,0,0]}},{"__type__":"cc.SpriteFrame","content":{"name":"orange_line","texture":"14pb9sTbFEMoLzYVXPEQxJ","rect":[0,14,30,2],"offset":[0,0],"originalSize":[30,30],"capInsets":[0,0,0,0]}},{"__type__":"cc.SpriteFrame","content":{"name":"set_switch_bg","texture":"cb2Wfd5aRDgIwKrOT7JaTl","rect":[0,0,71,43],"offset":[0,0],"originalSize":[71,43],"capInsets":[0,0,0,0]}},{"__type__":"cc.AnimationClip","_name":"AddressSelectShowAnimation","_duration":1,"sample":30,"speed":4,"curveData":{"props":{"y":[{"frame":0,"value":-917},{"frame":1,"value":-417}]}}},[{"__type__":"cc.SceneAsset","_name":"AddExpressAddress","scene":{"__id__":1},"asyncLoadAssets":null},{"__type__":"cc.Scene","_name":"New Node","_children":[{"__id__":2}],"_anchorPoint":{"__type__":"cc.Vec2"},"_scale":{"__type__":"cc.Vec3","x":0.4362818590704648,"y":0.4362818590704648,"z":1},"autoReleaseAssets":false},{"__type__":"cc.Node","_name":"Canvas","_parent":{"__id__":1},"_children":[{"__id__":3},{"__id__":4},{"__id__":6},{"__id__":7},{"__id__":15},{"__id__":23},{"__id__":30},{"__id__":36},{"__id__":43},{"__id__":45}],"_level":1,"_components":[{"__type__":"cc.Canvas","node":{"__id__":2},"_designResolution":{"__type__":"cc.Size","width":750,"height":1334}},{"__type__":"b8975o8zJRG7ZFYQXswvkii","node":{"__id__":2},"nameEdit":{"__id__":13},"phoneEdit":{"__id__":21},"addressBtn":{"__id__":28},"addressDetailEdit":{"__id__":35},"defaultSwitch":{"__id__":41},"defaultSwitchBtn":{"__id__":40},"defaultSwitchOpenSP":{"__uuid__":"47tDKlVUJA9Z0ztcUcPAf+"},"defaultSwitchCloseSP":{"__uuid__":"e5lev/AhJK+I7YiRG0KcQq"},"addressSelectTool":{"__id__":45}}],"_color":{"__type__":"cc.Color","r":254,"g":249,"b":238},"_contentSize":{"__type__":"cc.Size","width":750,"height":1334},"_position":{"__type__":"cc.Vec3","x":375,"y":667},"_scale":{"__type__":"cc.Vec3","x":1,"y":1,"z":1},"_id":"f4gBH101BDnLyOrjy2Ysa5"},{"__type__":"cc.Node","_name":"Main Camera","_parent":{"__id__":2},"_level":2,"_components":[{"__type__":"cc.Camera","node":{"__id__":3},"_clearFlags":7,"_backgroundColor":{"__type__":"cc.Color","r":254,"g":249,"b":238},"_depth":-1}],"_color":{"__type__":"cc.Color","r":254,"g":249,"b":238},"_scale":{"__type__":"cc.Vec3","x":1,"y":1,"z":1}},{"__type__":"cc.Node","_name":"BackBtn","_parent":{"__id__":2},"_children":[{"__id__":5}],"_level":2,"_components":[{"__type__":"cc.Button","node":{"__id__":4},"pressedColor":{"__type__":"cc.Color","r":255,"g":255,"b":255},"clickEvents":[{"__type__":"cc.ClickEvent","target":{"__id__":2},"component":"AddExpressAddress","handler":"backBtnClick","customEventData":"true"}],"_N$normalColor":{"__type__":"cc.Color","r":255,"g":255,"b":255},"_N$disabledColor":{"__type__":"cc.Color","r":255,"g":255,"b":255},"_N$pressedSprite":{"__uuid__":"e97GVMl6JHh5Ml5qEDdSGa"},"pressedSprite":{"__uuid__":"e97GVMl6JHh5Ml5qEDdSGa"},"_N$hoverSprite":{"__uuid__":"f0BIwQ8D5Ml7nTNQbh1YlS"},"hoverSprite":{"__uuid__":"f0BIwQ8D5Ml7nTNQbh1YlS"},"_N$disabledSprite":{"__uuid__":"29FYIk+N1GYaeWH/q1NxQO"},"_N$target":{"__id__":4}},{"__type__":"cc.Widget","node":{"__id__":4},"alignMode":2,"_alignFlags":9,"_left":20,"_top":55}],"_contentSize":{"__type__":"cc.Size","width":50,"height":50},"_position":{"__type__":"cc.Vec3","x":-330,"y":587},"_scale":{"__type__":"cc.Vec3","x":1,"y":1,"z":1}},{"__type__":"cc.Node","_name":"Sprite","_parent":{"__id__":4},"_level":3,"_components":[{"__type__":"cc.Sprite","node":{"__id__":5},"_spriteFrame":{"__uuid__":"83jl2tL11O4KOcaqrDgUjB"}},{"__type__":"cc.Widget","node":{"__id__":5},"alignMode":2,"_alignFlags":18}],"_contentSize":{"__type__":"cc.Size","width":20,"height":34},"_scale":{"__type__":"cc.Vec3","x":1,"y":1,"z":1}},{"__type__":"cc.Node","_name":"TitleLabel","_parent":{"__id__":2},"_level":2,"_components":[{"__type__":"cc.Label","node":{"__id__":6},"_srcBlendFactor":1,"_useOriginalSize":false,"_string":"新增地址","_N$string":"新增地址","_fontSize":38,"_lineHeight":38,"_N$horizontalAlign":1,"_N$verticalAlign":1},{"__type__":"cc.Widget","node":{"__id__":6},"alignMode":2,"_alignFlags":17,"_top":62}],"_color":{"__type__":"cc.Color"},"_contentSize":{"__type__":"cc.Size","width":152,"height":38},"_position":{"__type__":"cc.Vec3","y":586},"_scale":{"__type__":"cc.Vec3","x":1,"y":1,"z":1}},{"__type__":"cc.Node","_name":"NameItem","_parent":{"__id__":2},"_children":[{"__id__":8},{"__id__":9},{"__id__":14}],"_level":2,"_components":[{"__type__":"cc.Widget","node":{"__id__":7},"alignMode":2,"_alignFlags":41,"_top":150},{"__type__":"cc.Sprite","node":{"__id__":7},"_spriteFrame":{"__uuid__":"16CnnZYYNM/o+1K8BpewH6"},"_type":1,"_sizeMode":0}],"_contentSize":{"__type__":"cc.Size","width":750,"height":117},"_position":{"__type__":"cc.Vec3","y":458.5},"_scale":{"__type__":"cc.Vec3","x":1,"y":1,"z":1}},{"__type__":"cc.Node","_name":"MarkLabel","_parent":{"__id__":7},"_level":3,"_components":[{"__type__":"cc.Label","node":{"__id__":8},"_srcBlendFactor":1,"_useOriginalSize":false,"_string":"收货人","_N$string":"收货人","_fontSize":30,"_lineHeight":30,"_N$horizontalAlign":1,"_N$verticalAlign":1},{"__type__":"cc.Widget","node":{"__id__":8},"alignMode":2,"_alignFlags":10,"_left":30,"_originalHeight":30}],"_color":{"__type__":"cc.Color","r":74,"g":74,"b":74},"_contentSize":{"__type__":"cc.Size","width":90,"height":30},"_position":{"__type__":"cc.Vec3","x":-300},"_scale":{"__type__":"cc.Vec3","x":1,"y":1,"z":1}},{"__type__":"cc.Node","_name":"EditBox","_parent":{"__id__":7},"_children":[{"__id__":10},{"__id__":11},{"__id__":12}],"_level":3,"_components":[{"__id__":13},{"__type__":"cc.Widget","node":{"__id__":9},"alignMode":2,"_alignFlags":45,"_left":235,"_right":60,"_top":30,"_bottom":30,"_originalWidth":160,"_originalHeight":40}],"_contentSize":{"__type__":"cc.Size","width":455,"height":57},"_position":{"__type__":"cc.Vec3","x":87.5},"_scale":{"__type__":"cc.Vec3","x":1,"y":1,"z":1}},{"__type__":"cc.Node","_name":"BACKGROUND_SPRITE","_parent":{"__id__":9},"_level":2,"_components":[{"__type__":"cc.Sprite","node":{"__id__":10},"_spriteFrame":{"__uuid__":"16CnnZYYNM/o+1K8BpewH6"},"_type":1,"_sizeMode":0}],"_contentSize":{"__type__":"cc.Size","width":455,"height":57},"_scale":{"__type__":"cc.Vec3","x":1,"y":1,"z":1}},{"__type__":"cc.Node","_name":"TEXT_LABEL","_parent":{"__id__":9},"_active":false,"_level":2,"_components":[{"__type__":"cc.Label","node":{"__id__":11},"_srcBlendFactor":1,"_fontSize":30,"_lineHeight":30,"_enableWrapText":false,"_N$verticalAlign":1,"_N$overflow":1}],"_color":{"__type__":"cc.Color","r":74,"g":74,"b":74},"_contentSize":{"__type__":"cc.Size","width":453,"height":57},"_anchorPoint":{"__type__":"cc.Vec2","y":1},"_position":{"__type__":"cc.Vec3","x":-225.5,"y":28.5},"_scale":{"__type__":"cc.Vec3","x":1,"y":1,"z":1}},{"__type__":"cc.Node","_name":"PLACEHOLDER_LABEL","_parent":{"__id__":9},"_level":2,"_components":[{"__type__":"cc.Label","node":{"__id__":12},"_srcBlendFactor":1,"_string":"请填写姓名","_N$string":"请填写姓名","_fontSize":25,"_lineHeight":57,"_enableWrapText":false,"_N$verticalAlign":1,"_N$overflow":1}],"_color":{"__type__":"cc.Color","r":164,"g":164,"b":164},"_contentSize":{"__type__":"cc.Size","width":453,"height":57},"_anchorPoint":{"__type__":"cc.Vec2","y":1},"_position":{"__type__":"cc.Vec3","x":-225.5,"y":28.5},"_scale":{"__type__":"cc.Vec3","x":1,"y":1,"z":1}},{"__type__":"cc.EditBox","node":{"__id__":9},"_useOriginalSize":false,"textChanged":[{"__type__":"cc.ClickEvent","component":"BindPhone","handler":"phoneEditStringDidChange","customEventData":"true"}],"_N$backgroundImage":{"__uuid__":"16CnnZYYNM/o+1K8BpewH6"},"_N$returnType":1,"_N$inputMode":5,"_N$fontSize":30,"_N$lineHeight":30,"_N$fontColor":{"__type__":"cc.Color","r":74,"g":74,"b":74},"_N$placeholder":"请填写姓名","_N$placeholderFontSize":25,"_N$placeholderFontColor":{"__type__":"cc.Color","r":164,"g":164,"b":164},"_N$maxLength":11},{"__type__":"cc.Node","_name":"BottomLine","_parent":{"__id__":7},"_level":3,"_components":[{"__type__":"cc.Sprite","node":{"__id__":14},"_srcBlendFactor":1,"_spriteFrame":{"__uuid__":"02VHI1EG9OErub7VllKUNz"},"_type":1,"_sizeMode":0},{"__type__":"cc.Widget","node":{"__id__":14},"alignMode":2,"_alignFlags":44,"_bottom":1,"_originalWidth":490}],"_opacity":30,"_color":{"__type__":"cc.Color"},"_contentSize":{"__type__":"cc.Size","width":750,"height":1},"_position":{"__type__":"cc.Vec3","y":-57},"_scale":{"__type__":"cc.Vec3","x":1,"y":1,"z":1}},{"__type__":"cc.Node","_name":"PhoneItem","_parent":{"__id__":2},"_children":[{"__id__":16},{"__id__":17},{"__id__":22}],"_level":2,"_components":[{"__type__":"cc.Widget","node":{"__id__":15},"alignMode":2,"_alignFlags":41,"_top":257},{"__type__":"cc.Sprite","node":{"__id__":15},"_spriteFrame":{"__uuid__":"16CnnZYYNM/o+1K8BpewH6"},"_type":1,"_sizeMode":0}],"_contentSize":{"__type__":"cc.Size","width":750,"height":117},"_position":{"__type__":"cc.Vec3","y":351.5},"_scale":{"__type__":"cc.Vec3","x":1,"y":1,"z":1}},{"__type__":"cc.Node","_name":"MarkLabel","_parent":{"__id__":15},"_level":3,"_components":[{"__type__":"cc.Label","node":{"__id__":16},"_srcBlendFactor":1,"_useOriginalSize":false,"_string":"联系电话","_N$string":"联系电话","_fontSize":30,"_lineHeight":30,"_N$horizontalAlign":1,"_N$verticalAlign":1},{"__type__":"cc.Widget","node":{"__id__":16},"alignMode":2,"_alignFlags":10,"_left":29.999999999999993,"_originalHeight":30}],"_color":{"__type__":"cc.Color","r":74,"g":74,"b":74},"_contentSize":{"__type__":"cc.Size","width":120,"height":30},"_position":{"__type__":"cc.Vec3","x":-285},"_scale":{"__type__":"cc.Vec3","x":1,"y":1,"z":1}},{"__type__":"cc.Node","_name":"EditBox","_parent":{"__id__":15},"_children":[{"__id__":18},{"__id__":19},{"__id__":20}],"_level":3,"_components":[{"__id__":21},{"__type__":"cc.Widget","node":{"__id__":17},"alignMode":2,"_alignFlags":45,"_left":235,"_right":60,"_top":25,"_bottom":25,"_originalWidth":160,"_originalHeight":40}],"_contentSize":{"__type__":"cc.Size","width":455,"height":67},"_position":{"__type__":"cc.Vec3","x":87.5},"_scale":{"__type__":"cc.Vec3","x":1,"y":1,"z":1}},{"__type__":"cc.Node","_name":"BACKGROUND_SPRITE","_parent":{"__id__":17},"_level":2,"_components":[{"__type__":"cc.Sprite","node":{"__id__":18},"_spriteFrame":{"__uuid__":"16CnnZYYNM/o+1K8BpewH6"},"_type":1,"_sizeMode":0}],"_contentSize":{"__type__":"cc.Size","width":455,"height":67},"_scale":{"__type__":"cc.Vec3","x":1,"y":1,"z":1}},{"__type__":"cc.Node","_name":"TEXT_LABEL","_parent":{"__id__":17},"_active":false,"_level":2,"_components":[{"__type__":"cc.Label","node":{"__id__":19},"_srcBlendFactor":1,"_fontSize":30,"_lineHeight":30,"_enableWrapText":false,"_N$verticalAlign":1,"_N$overflow":1}],"_color":{"__type__":"cc.Color","r":74,"g":74,"b":74},"_contentSize":{"__type__":"cc.Size","width":453,"height":67},"_anchorPoint":{"__type__":"cc.Vec2","y":1},"_position":{"__type__":"cc.Vec3","x":-225.5,"y":33.5},"_scale":{"__type__":"cc.Vec3","x":1,"y":1,"z":1}},{"__type__":"cc.Node","_name":"PLACEHOLDER_LABEL","_parent":{"__id__":17},"_level":2,"_components":[{"__type__":"cc.Label","node":{"__id__":20},"_srcBlendFactor":1,"_string":"请填写联系电话","_N$string":"请填写联系电话","_fontSize":25,"_lineHeight":67,"_enableWrapText":false,"_N$verticalAlign":1,"_N$overflow":1}],"_color":{"__type__":"cc.Color","r":164,"g":164,"b":164},"_contentSize":{"__type__":"cc.Size","width":453,"height":67},"_anchorPoint":{"__type__":"cc.Vec2","y":1},"_position":{"__type__":"cc.Vec3","x":-225.5,"y":33.5},"_scale":{"__type__":"cc.Vec3","x":1,"y":1,"z":1}},{"__type__":"cc.EditBox","node":{"__id__":17},"_useOriginalSize":false,"_N$backgroundImage":{"__uuid__":"16CnnZYYNM/o+1K8BpewH6"},"_N$returnType":1,"_N$inputMode":5,"_N$fontSize":30,"_N$lineHeight":30,"_N$fontColor":{"__type__":"cc.Color","r":74,"g":74,"b":74},"_N$placeholder":"请填写联系电话","_N$placeholderFontSize":25,"_N$placeholderFontColor":{"__type__":"cc.Color","r":164,"g":164,"b":164},"_N$maxLength":11},{"__type__":"cc.Node","_name":"BottomLine","_parent":{"__id__":15},"_level":3,"_components":[{"__type__":"cc.Sprite","node":{"__id__":22},"_srcBlendFactor":1,"_spriteFrame":{"__uuid__":"02VHI1EG9OErub7VllKUNz"},"_type":1,"_sizeMode":0},{"__type__":"cc.Widget","node":{"__id__":22},"alignMode":2,"_alignFlags":44,"_bottom":1,"_originalWidth":490}],"_opacity":30,"_color":{"__type__":"cc.Color"},"_contentSize":{"__type__":"cc.Size","width":750,"height":1},"_position":{"__type__":"cc.Vec3","y":-57},"_scale":{"__type__":"cc.Vec3","x":1,"y":1,"z":1}},{"__type__":"cc.Node","_name":"AddressItem","_parent":{"__id__":2},"_children":[{"__id__":24},{"__id__":25},{"__id__":29}],"_level":2,"_components":[{"__type__":"cc.Widget","node":{"__id__":23},"alignMode":2,"_alignFlags":41,"_top":374},{"__type__":"cc.Sprite","node":{"__id__":23},"_spriteFrame":{"__uuid__":"16CnnZYYNM/o+1K8BpewH6"},"_type":1,"_sizeMode":0}],"_contentSize":{"__type__":"cc.Size","width":750,"height":117},"_position":{"__type__":"cc.Vec3","y":234.5},"_scale":{"__type__":"cc.Vec3","x":1,"y":1,"z":1}},{"__type__":"cc.Node","_name":"MarkLabel","_parent":{"__id__":23},"_level":3,"_components":[{"__type__":"cc.Label","node":{"__id__":24},"_srcBlendFactor":1,"_useOriginalSize":false,"_string":"配送地址","_N$string":"配送地址","_fontSize":30,"_lineHeight":30,"_N$horizontalAlign":1,"_N$verticalAlign":1},{"__type__":"cc.Widget","node":{"__id__":24},"alignMode":2,"_alignFlags":10,"_left":29.999999999999986,"_originalHeight":30}],"_color":{"__type__":"cc.Color","r":74,"g":74,"b":74},"_contentSize":{"__type__":"cc.Size","width":120,"height":30},"_position":{"__type__":"cc.Vec3","x":-285},"_scale":{"__type__":"cc.Vec3","x":1,"y":1,"z":1}},{"__type__":"cc.Node","_name":"AddressButton","_parent":{"__id__":23},"_children":[{"__id__":26},{"__id__":27}],"_level":3,"_components":[{"__id__":28},{"__type__":"cc.Widget","node":{"__id__":25},"alignMode":2,"_alignFlags":37,"_right":55,"_top":20,"_bottom":20,"_originalHeight":40}],"_contentSize":{"__type__":"cc.Size","width":240,"height":77},"_position":{"__type__":"cc.Vec3","x":200},"_scale":{"__type__":"cc.Vec3","x":1,"y":1,"z":1}},{"__type__":"cc.Node","_name":"Label","_parent":{"__id__":25},"_components":[{"__type__":"cc.Label","node":{"__id__":26},"_srcBlendFactor":1,"_useOriginalSize":false,"_string":"请选择省、市、区","_N$string":"请选择省、市、区","_fontSize":30,"_enableWrapText":false,"_N$horizontalAlign":1,"_N$verticalAlign":1,"_N$overflow":1},{"__type__":"cc.Widget","node":{"__id__":26},"alignMode":2,"_alignFlags":45,"_originalWidth":100,"_originalHeight":40}],"_color":{"__type__":"cc.Color","r":164,"g":164,"b":164},"_contentSize":{"__type__":"cc.Size","width":240,"height":77},"_scale":{"__type__":"cc.Vec3","x":1,"y":1,"z":1}},{"__type__":"cc.Node","_name":"Sprite","_parent":{"__id__":25},"_level":4,"_components":[{"__type__":"cc.Sprite","node":{"__id__":27},"_spriteFrame":{"__uuid__":"f2SIJ3ikRJwKkQydbmXW3i"},"_sizeMode":0},{"__type__":"cc.Widget","node":{"__id__":27},"alignMode":2,"_alignFlags":34,"_left":43.5,"_right":-27,"_originalWidth":13}],"_contentSize":{"__type__":"cc.Size","width":13,"height":26},"_position":{"__type__":"cc.Vec3","x":140.5},"_scale":{"__type__":"cc.Vec3","x":1,"y":1,"z":1}},{"__type__":"cc.Button","node":{"__id__":25},"pressedColor":{"__type__":"cc.Color","r":255,"g":255,"b":255},"clickEvents":[{"__type__":"cc.ClickEvent","target":{"__id__":2},"component":"AddExpressAddress","handler":"addressBtnClick","customEventData":"true"}],"_N$normalColor":{"__type__":"cc.Color","r":255,"g":255,"b":255},"_N$disabledColor":{"__type__":"cc.Color","r":255,"g":255,"b":255},"_N$normalSprite":{"__uuid__":"f0BIwQ8D5Ml7nTNQbh1YlS"},"_N$pressedSprite":{"__uuid__":"e97GVMl6JHh5Ml5qEDdSGa"},"pressedSprite":{"__uuid__":"e97GVMl6JHh5Ml5qEDdSGa"},"_N$hoverSprite":{"__uuid__":"f0BIwQ8D5Ml7nTNQbh1YlS"},"hoverSprite":{"__uuid__":"f0BIwQ8D5Ml7nTNQbh1YlS"},"_N$disabledSprite":{"__uuid__":"29FYIk+N1GYaeWH/q1NxQO"},"_N$target":{"__id__":25}},{"__type__":"cc.Node","_name":"BottomLine","_parent":{"__id__":23},"_level":3,"_components":[{"__type__":"cc.Sprite","node":{"__id__":29},"_srcBlendFactor":1,"_spriteFrame":{"__uuid__":"02VHI1EG9OErub7VllKUNz"},"_type":1,"_sizeMode":0},{"__type__":"cc.Widget","node":{"__id__":29},"alignMode":2,"_alignFlags":44,"_bottom":1,"_originalWidth":490}],"_opacity":30,"_color":{"__type__":"cc.Color"},"_contentSize":{"__type__":"cc.Size","width":750,"height":1},"_position":{"__type__":"cc.Vec3","y":-57},"_scale":{"__type__":"cc.Vec3","x":1,"y":1,"z":1}},{"__type__":"cc.Node","_name":"AddressDetailItem","_parent":{"__id__":2},"_children":[{"__id__":31}],"_level":2,"_components":[{"__type__":"cc.Widget","node":{"__id__":30},"alignMode":2,"_alignFlags":41,"_top":491},{"__type__":"cc.Sprite","node":{"__id__":30},"_spriteFrame":{"__uuid__":"16CnnZYYNM/o+1K8BpewH6"},"_type":1,"_sizeMode":0}],"_contentSize":{"__type__":"cc.Size","width":750,"height":168},"_position":{"__type__":"cc.Vec3","y":92},"_scale":{"__type__":"cc.Vec3","x":1,"y":1,"z":1}},{"__type__":"cc.Node","_name":"EditBox","_parent":{"__id__":30},"_children":[{"__id__":32},{"__id__":33},{"__id__":34}],"_level":3,"_components":[{"__id__":35},{"__type__":"cc.Widget","node":{"__id__":31},"alignMode":2,"_alignFlags":45,"_left":30,"_right":60,"_top":10,"_bottom":10,"_originalWidth":160,"_originalHeight":40}],"_contentSize":{"__type__":"cc.Size","width":660,"height":148},"_position":{"__type__":"cc.Vec3","x":-15},"_scale":{"__type__":"cc.Vec3","x":1,"y":1,"z":1}},{"__type__":"cc.Node","_name":"BACKGROUND_SPRITE","_parent":{"__id__":31},"_level":2,"_components":[{"__type__":"cc.Sprite","node":{"__id__":32},"_spriteFrame":{"__uuid__":"16CnnZYYNM/o+1K8BpewH6"},"_type":1,"_sizeMode":0}],"_contentSize":{"__type__":"cc.Size","width":660,"height":148},"_scale":{"__type__":"cc.Vec3","x":1,"y":1,"z":1}},{"__type__":"cc.Node","_name":"TEXT_LABEL","_parent":{"__id__":31},"_active":false,"_level":2,"_components":[{"__type__":"cc.Label","node":{"__id__":33},"_srcBlendFactor":1,"_fontSize":30,"_lineHeight":30,"_enableWrapText":false,"_N$verticalAlign":1,"_N$overflow":1}],"_color":{"__type__":"cc.Color","r":74,"g":74,"b":74},"_contentSize":{"__type__":"cc.Size","width":658,"height":148},"_anchorPoint":{"__type__":"cc.Vec2","y":1},"_position":{"__type__":"cc.Vec3","x":-328,"y":74},"_scale":{"__type__":"cc.Vec3","x":1,"y":1,"z":1}},{"__type__":"cc.Node","_name":"PLACEHOLDER_LABEL","_parent":{"__id__":31},"_level":2,"_components":[{"__type__":"cc.Label","node":{"__id__":34},"_srcBlendFactor":1,"_string":"请填写详细地址(街道、楼牌号等)","_N$string":"请填写详细地址(街道、楼牌号等)","_fontSize":25,"_lineHeight":148,"_enableWrapText":false,"_N$verticalAlign":1,"_N$overflow":1}],"_color":{"__type__":"cc.Color","r":164,"g":164,"b":164},"_contentSize":{"__type__":"cc.Size","width":658,"height":148},"_anchorPoint":{"__type__":"cc.Vec2","y":1},"_position":{"__type__":"cc.Vec3","x":-328,"y":74},"_scale":{"__type__":"cc.Vec3","x":1,"y":1,"z":1}},{"__type__":"cc.EditBox","node":{"__id__":31},"_useOriginalSize":false,"_N$backgroundImage":{"__uuid__":"16CnnZYYNM/o+1K8BpewH6"},"_N$returnType":1,"_N$inputMode":3,"_N$fontSize":30,"_N$lineHeight":30,"_N$fontColor":{"__type__":"cc.Color","r":74,"g":74,"b":74},"_N$placeholder":"请填写详细地址(街道、楼牌号等)","_N$placeholderFontSize":25,"_N$placeholderFontColor":{"__type__":"cc.Color","r":164,"g":164,"b":164},"_N$maxLength":11},{"__type__":"cc.Node","_name":"DefaultItem","_parent":{"__id__":2},"_children":[{"__id__":37},{"__id__":38},{"__id__":42}],"_level":2,"_components":[{"__type__":"cc.Widget","node":{"__id__":36},"alignMode":2,"_alignFlags":41,"_top":678},{"__type__":"cc.Sprite","node":{"__id__":36},"_spriteFrame":{"__uuid__":"16CnnZYYNM/o+1K8BpewH6"},"_type":1,"_sizeMode":0}],"_contentSize":{"__type__":"cc.Size","width":750,"height":128},"_position":{"__type__":"cc.Vec3","y":-75},"_scale":{"__type__":"cc.Vec3","x":1,"y":1,"z":1}},{"__type__":"cc.Node","_name":"MarkLabel","_parent":{"__id__":36},"_level":3,"_components":[{"__type__":"cc.Label","node":{"__id__":37},"_srcBlendFactor":1,"_useOriginalSize":false,"_string":"设为默认地址","_N$string":"设为默认地址","_fontSize":30,"_lineHeight":30,"_N$horizontalAlign":1,"_N$verticalAlign":1},{"__type__":"cc.Widget","node":{"__id__":37},"alignMode":2,"_alignFlags":10,"_left":30,"_originalHeight":30}],"_color":{"__type__":"cc.Color","r":74,"g":74,"b":74},"_contentSize":{"__type__":"cc.Size","width":180,"height":30},"_position":{"__type__":"cc.Vec3","x":-255},"_scale":{"__type__":"cc.Vec3","x":1,"y":1,"z":1}},{"__type__":"cc.Node","_name":"Switch","_parent":{"__id__":36},"_children":[{"__id__":39}],"_level":3,"_components":[{"__type__":"cc.Sprite","node":{"__id__":38},"_spriteFrame":{"__uuid__":"47tDKlVUJA9Z0ztcUcPAf+"},"_sizeMode":0},{"__type__":"cc.Widget","node":{"__id__":38},"alignMode":2,"_alignFlags":34,"_right":34},{"__id__":41},{"__type__":"cc.Animation","node":{"__id__":38},"_clips":[{"__uuid__":"770R7K24RCSrTznbLTM5p6"},{"__uuid__":"940scYRGtMkqkdRN6e8BMl"}]}],"_contentSize":{"__type__":"cc.Size","width":71,"height":43},"_position":{"__type__":"cc.Vec3","x":305.5},"_scale":{"__type__":"cc.Vec3","x":1,"y":1,"z":1}},{"__type__":"cc.Node","_name":"Button","_parent":{"__id__":38},"_level":4,"_components":[{"__type__":"cc.Sprite","node":{"__id__":39},"_spriteFrame":{"__uuid__":"2dFCtIuPhDSYSqYoR/u812"},"_type":1},{"__id__":40},{"__type__":"cc.Widget","node":{"__id__":39},"alignMode":2,"_alignFlags":2,"_verticalCenter":-4},{"__type__":"cc.Animation","node":{"__id__":39},"_clips":[{"__uuid__":"770R7K24RCSrTznbLTM5p6"},{"__uuid__":"940scYRGtMkqkdRN6e8BMl"}]}],"_contentSize":{"__type__":"cc.Size","width":66,"height":66},"_position":{"__type__":"cc.Vec3","x":15.5,"y":-4},"_scale":{"__type__":"cc.Vec3","x":1,"y":1,"z":1}},{"__type__":"cc.Button","node":{"__id__":39},"pressedColor":{"__type__":"cc.Color","r":255,"g":255,"b":255},"_N$interactable":false,"_N$normalColor":{"__type__":"cc.Color","r":255,"g":255,"b":255},"_N$disabledColor":{"__type__":"cc.Color","r":255,"g":255,"b":255},"_N$normalSprite":{"__uuid__":"f0BIwQ8D5Ml7nTNQbh1YlS"},"_N$pressedSprite":{"__uuid__":"e97GVMl6JHh5Ml5qEDdSGa"},"pressedSprite":{"__uuid__":"e97GVMl6JHh5Ml5qEDdSGa"},"_N$hoverSprite":{"__uuid__":"f0BIwQ8D5Ml7nTNQbh1YlS"},"hoverSprite":{"__uuid__":"f0BIwQ8D5Ml7nTNQbh1YlS"},"_N$disabledSprite":{"__uuid__":"29FYIk+N1GYaeWH/q1NxQO"},"_N$target":{"__id__":39}},{"__type__":"cc.Button","node":{"__id__":38},"clickEvents":[{"__type__":"cc.ClickEvent","target":{"__id__":2},"component":"AddExpressAddress","handler":"defaultSwitchClick","customEventData":"true"}],"_N$target":{"__id__":38}},{"__type__":"cc.Node","_name":"BottomLine","_parent":{"__id__":36},"_level":3,"_components":[{"__type__":"cc.Sprite","node":{"__id__":42},"_srcBlendFactor":1,"_spriteFrame":{"__uuid__":"02VHI1EG9OErub7VllKUNz"},"_type":1,"_sizeMode":0},{"__type__":"cc.Widget","node":{"__id__":42},"alignMode":2,"_alignFlags":44,"_bottom":1,"_originalWidth":490}],"_opacity":30,"_color":{"__type__":"cc.Color"},"_contentSize":{"__type__":"cc.Size","width":750,"height":1},"_position":{"__type__":"cc.Vec3","y":-62.5},"_scale":{"__type__":"cc.Vec3","x":1,"y":1,"z":1}},{"__type__":"cc.Node","_name":"ConfirmBtn","_parent":{"__id__":2},"_children":[{"__id__":44}],"_level":2,"_components":[{"__type__":"cc.Sprite","node":{"__id__":43},"_spriteFrame":{"__uuid__":"76sCVUdh9NH45mKOpXvSUb"},"_type":1},{"__type__":"cc.Button","node":{"__id__":43},"pressedColor":{"__type__":"cc.Color","r":255,"g":255,"b":255},"clickEvents":[{"__type__":"cc.ClickEvent","component":"ExpressAddress","handler":"addBtnClick","customEventData":"true"}],"_N$normalColor":{"__type__":"cc.Color","r":255,"g":255,"b":255},"_N$disabledColor":{"__type__":"cc.Color","r":255,"g":255,"b":255},"_N$normalSprite":{"__uuid__":"f0BIwQ8D5Ml7nTNQbh1YlS"},"_N$pressedSprite":{"__uuid__":"e97GVMl6JHh5Ml5qEDdSGa"},"pressedSprite":{"__uuid__":"e97GVMl6JHh5Ml5qEDdSGa"},"_N$hoverSprite":{"__uuid__":"f0BIwQ8D5Ml7nTNQbh1YlS"},"hoverSprite":{"__uuid__":"f0BIwQ8D5Ml7nTNQbh1YlS"},"_N$disabledSprite":{"__uuid__":"29FYIk+N1GYaeWH/q1NxQO"},"_N$target":{"__id__":43}},{"__type__":"cc.Widget","node":{"__id__":43},"alignMode":2,"_alignFlags":44,"_left":65,"_right":65,"_top":885,"_bottom":142,"_verticalCenter":-268,"_originalWidth":100}],"_contentSize":{"__type__":"cc.Size","width":620,"height":120},"_position":{"__type__":"cc.Vec3","y":-465},"_scale":{"__type__":"cc.Vec3","x":1,"y":1,"z":1}},{"__type__":"cc.Node","_name":"Label","_parent":{"__id__":43},"_components":[{"__type__":"cc.Label","node":{"__id__":44},"_srcBlendFactor":1,"_useOriginalSize":false,"_string":"保存地址","_N$string":"保存地址","_fontSize":36,"_enableWrapText":false,"_N$horizontalAlign":1,"_N$verticalAlign":1,"_N$overflow":1},{"__type__":"cc.Widget","node":{"__id__":44},"alignMode":2,"_alignFlags":45,"_originalWidth":100,"_originalHeight":40}],"_contentSize":{"__type__":"cc.Size","width":620,"height":120},"_scale":{"__type__":"cc.Vec3","x":1,"y":1,"z":1}},{"__type__":"cc.Node","_name":"AddressList","_parent":{"__id__":2},"_children":[{"__id__":46},{"__id__":47}],"_active":false,"_level":2,"_components":[{"__type__":"cc.Widget","node":{"__id__":45},"alignMode":2,"_alignFlags":45},{"__type__":"cc.Button","node":{"__id__":45},"clickEvents":[{"__type__":"cc.ClickEvent","target":{"__id__":2},"component":"AddExpressAddress","handler":"cancelBtnClick","customEventData":"true"}],"_N$target":{"__id__":45}}],"_contentSize":{"__type__":"cc.Size","width":750,"height":1334},"_scale":{"__type__":"cc.Vec3","x":1,"y":1,"z":1}},{"__type__":"cc.Node","_name":"Mask","_parent":{"__id__":45},"_level":3,"_components":[{"__type__":"cc.Sprite","node":{"__id__":46},"_spriteFrame":{"__uuid__":"16CnnZYYNM/o+1K8BpewH6"},"_sizeMode":0},{"__type__":"cc.Widget","node":{"__id__":46},"alignMode":2,"_alignFlags":45,"_originalWidth":40,"_originalHeight":36}],"_opacity":100,"_color":{"__type__":"cc.Color"},"_contentSize":{"__type__":"cc.Size","width":750,"height":1334},"_scale":{"__type__":"cc.Vec3","x":1,"y":1,"z":1}},{"__type__":"cc.Node","_name":"AddressSelect","_parent":{"__id__":45},"_children":[{"__id__":48},{"__id__":50},{"__id__":52},{"__id__":54},{"__id__":56},{"__id__":58},{"__id__":59},{"__id__":60}],"_level":3,"_components":[{"__type__":"cc.Widget","node":{"__id__":47},"alignMode":2,"_alignFlags":40,"_bottom":-400,"_originalWidth":490},{"__type__":"cc.Sprite","node":{"__id__":47},"_spriteFrame":{"__uuid__":"16CnnZYYNM/o+1K8BpewH6"},"_sizeMode":0},{"__type__":"cc.Animation","node":{"__id__":47},"_defaultClip":{"__uuid__":"49AsawWe9A4IJa+NgMWxCx"},"_clips":[{"__uuid__":"49AsawWe9A4IJa+NgMWxCx"},{"__uuid__":"90afqJA65P0KUi8ffH/v1+"}]},{"__type__":"7cceanRu+FCcplavN+v/Y0s","node":{"__id__":47},"provinceList":{"__id__":63},"itemPrefab":{"__uuid__":"acW0makzBFBJ1UA9te9TGo"}}],"_contentSize":{"__type__":"cc.Size","width":750,"height":500},"_position":{"__type__":"cc.Vec3","y":-917},"_scale":{"__type__":"cc.Vec3","x":1,"y":1,"z":1}},{"__type__":"cc.Node","_name":"CancelBtn","_parent":{"__id__":47},"_children":[{"__id__":49}],"_level":4,"_components":[{"__type__":"cc.Button","node":{"__id__":48},"transition":3,"pressedColor":{"__type__":"cc.Color","r":255,"g":255,"b":255},"zoomScale":1.02,"clickEvents":[{"__type__":"cc.ClickEvent","target":{"__id__":2},"component":"AddExpressAddress","handler":"cancelBtnClick","customEventData":"true"}],"_N$normalColor":{"__type__":"cc.Color","r":255,"g":255,"b":255},"_N$disabledColor":{"__type__":"cc.Color","r":255,"g":255,"b":255},"_N$normalSprite":{"__uuid__":"f0BIwQ8D5Ml7nTNQbh1YlS"},"_N$pressedSprite":{"__uuid__":"e97GVMl6JHh5Ml5qEDdSGa"},"pressedSprite":{"__uuid__":"e97GVMl6JHh5Ml5qEDdSGa"},"_N$hoverSprite":{"__uuid__":"f0BIwQ8D5Ml7nTNQbh1YlS"},"hoverSprite":{"__uuid__":"f0BIwQ8D5Ml7nTNQbh1YlS"},"_N$disabledSprite":{"__uuid__":"29FYIk+N1GYaeWH/q1NxQO"},"_N$target":{"__id__":48}},{"__type__":"cc.Widget","node":{"__id__":48},"alignMode":2,"_alignFlags":9,"_left":20,"_top":30}],"_contentSize":{"__type__":"cc.Size","width":100,"height":40},"_position":{"__type__":"cc.Vec3","x":-305,"y":200},"_scale":{"__type__":"cc.Vec3","x":1,"y":1,"z":1}},{"__type__":"cc.Node","_name":"Label","_parent":{"__id__":48},"_components":[{"__type__":"cc.Label","node":{"__id__":49},"_srcBlendFactor":1,"_useOriginalSize":false,"_string":"取消","_N$string":"取消","_fontSize":30,"_enableWrapText":false,"_N$horizontalAlign":1,"_N$verticalAlign":1,"_N$overflow":1},{"__type__":"cc.Widget","node":{"__id__":49},"alignMode":2,"_alignFlags":45,"_originalWidth":100,"_originalHeight":40}],"_color":{"__type__":"cc.Color","r":121,"g":121,"b":121},"_contentSize":{"__type__":"cc.Size","width":100,"height":40},"_scale":{"__type__":"cc.Vec3","x":1,"y":1,"z":1}},{"__type__":"cc.Node","_name":"ConfirmlBtn","_parent":{"__id__":47},"_children":[{"__id__":51}],"_level":4,"_components":[{"__type__":"cc.Button","node":{"__id__":50},"transition":3,"pressedColor":{"__type__":"cc.Color","r":255,"g":255,"b":255},"zoomScale":1.02,"clickEvents":[{"__type__":"cc.ClickEvent","target":{"__id__":2},"component":"AddExpressAddress","handler":"confirmBtnClick","customEventData":"true"}],"_N$normalColor":{"__type__":"cc.Color","r":255,"g":255,"b":255},"_N$disabledColor":{"__type__":"cc.Color","r":255,"g":255,"b":255},"_N$normalSprite":{"__uuid__":"f0BIwQ8D5Ml7nTNQbh1YlS"},"_N$pressedSprite":{"__uuid__":"e97GVMl6JHh5Ml5qEDdSGa"},"pressedSprite":{"__uuid__":"e97GVMl6JHh5Ml5qEDdSGa"},"_N$hoverSprite":{"__uuid__":"f0BIwQ8D5Ml7nTNQbh1YlS"},"hoverSprite":{"__uuid__":"f0BIwQ8D5Ml7nTNQbh1YlS"},"_N$disabledSprite":{"__uuid__":"29FYIk+N1GYaeWH/q1NxQO"},"_N$target":{"__id__":50}},{"__type__":"cc.Widget","node":{"__id__":50},"alignMode":2,"_alignFlags":33,"_left":20,"_right":20,"_top":30}],"_contentSize":{"__type__":"cc.Size","width":100,"height":40},"_position":{"__type__":"cc.Vec3","x":305,"y":200},"_scale":{"__type__":"cc.Vec3","x":1,"y":1,"z":1}},{"__type__":"cc.Node","_name":"Label","_parent":{"__id__":50},"_components":[{"__type__":"cc.Label","node":{"__id__":51},"_srcBlendFactor":1,"_useOriginalSize":false,"_string":"确认","_N$string":"确认","_fontSize":30,"_enableWrapText":false,"_N$horizontalAlign":1,"_N$verticalAlign":1,"_N$overflow":1},{"__type__":"cc.Widget","node":{"__id__":51},"alignMode":2,"_alignFlags":45,"_originalWidth":100,"_originalHeight":40}],"_color":{"__type__":"cc.Color","r":253,"g":109,"b":39},"_contentSize":{"__type__":"cc.Size","width":100,"height":40},"_scale":{"__type__":"cc.Vec3","x":1,"y":1,"z":1}},{"__type__":"cc.Node","_name":"ProvinceBtn","_parent":{"__id__":47},"_children":[{"__id__":53}],"_level":4,"_components":[{"__type__":"cc.Button","node":{"__id__":52},"transition":3,"pressedColor":{"__type__":"cc.Color","r":255,"g":255,"b":255},"zoomScale":1.02,"clickEvents":[{"__type__":"cc.ClickEvent","target":{"__id__":2},"component":"AddExpressAddress","handler":"cancelBtnClick","customEventData":"true"}],"_N$normalColor":{"__type__":"cc.Color","r":255,"g":255,"b":255},"_N$disabledColor":{"__type__":"cc.Color","r":255,"g":255,"b":255},"_N$normalSprite":{"__uuid__":"f0BIwQ8D5Ml7nTNQbh1YlS"},"_N$pressedSprite":{"__uuid__":"e97GVMl6JHh5Ml5qEDdSGa"},"pressedSprite":{"__uuid__":"e97GVMl6JHh5Ml5qEDdSGa"},"_N$hoverSprite":{"__uuid__":"f0BIwQ8D5Ml7nTNQbh1YlS"},"hoverSprite":{"__uuid__":"f0BIwQ8D5Ml7nTNQbh1YlS"},"_N$disabledSprite":{"__uuid__":"29FYIk+N1GYaeWH/q1NxQO"},"_N$target":{"__id__":52}},{"__type__":"cc.Widget","node":{"__id__":52},"alignMode":2,"_alignFlags":9,"_left":40,"_top":90}],"_contentSize":{"__type__":"cc.Size","width":100,"height":40},"_position":{"__type__":"cc.Vec3","x":-285,"y":140},"_scale":{"__type__":"cc.Vec3","x":1,"y":1,"z":1}},{"__type__":"cc.Node","_name":"Label","_parent":{"__id__":52},"_components":[{"__type__":"cc.Label","node":{"__id__":53},"_srcBlendFactor":1,"_useOriginalSize":false,"_string":"省","_N$string":"省","_fontSize":28,"_lineHeight":28,"_enableWrapText":false,"_N$verticalAlign":1,"_N$overflow":2},{"__type__":"cc.Widget","node":{"__id__":53},"alignMode":2,"_alignFlags":45,"_originalWidth":100,"_originalHeight":40}],"_color":{"__type__":"cc.Color","r":253,"g":109,"b":39},"_contentSize":{"__type__":"cc.Size","width":100,"height":40},"_scale":{"__type__":"cc.Vec3","x":1,"y":1,"z":1}},{"__type__":"cc.Node","_name":"CityBtn","_parent":{"__id__":47},"_children":[{"__id__":55}],"_level":4,"_components":[{"__type__":"cc.Button","node":{"__id__":54},"transition":3,"pressedColor":{"__type__":"cc.Color","r":255,"g":255,"b":255},"zoomScale":1.02,"clickEvents":[{"__type__":"cc.ClickEvent","target":{"__id__":2},"component":"AddExpressAddress","handler":"cancelBtnClick","customEventData":"true"}],"_N$normalColor":{"__type__":"cc.Color","r":255,"g":255,"b":255},"_N$disabledColor":{"__type__":"cc.Color","r":255,"g":255,"b":255},"_N$normalSprite":{"__uuid__":"f0BIwQ8D5Ml7nTNQbh1YlS"},"_N$pressedSprite":{"__uuid__":"e97GVMl6JHh5Ml5qEDdSGa"},"pressedSprite":{"__uuid__":"e97GVMl6JHh5Ml5qEDdSGa"},"_N$hoverSprite":{"__uuid__":"f0BIwQ8D5Ml7nTNQbh1YlS"},"hoverSprite":{"__uuid__":"f0BIwQ8D5Ml7nTNQbh1YlS"},"_N$disabledSprite":{"__uuid__":"29FYIk+N1GYaeWH/q1NxQO"},"_N$target":{"__id__":54}},{"__type__":"cc.Widget","node":{"__id__":54},"alignMode":2,"_alignFlags":9,"_left":140,"_top":90}],"_contentSize":{"__type__":"cc.Size","width":100,"height":40},"_position":{"__type__":"cc.Vec3","x":-185,"y":140},"_scale":{"__type__":"cc.Vec3","x":1,"y":1,"z":1}},{"__type__":"cc.Node","_name":"Label","_parent":{"__id__":54},"_components":[{"__type__":"cc.Label","node":{"__id__":55},"_srcBlendFactor":1,"_useOriginalSize":false,"_string":"市","_N$string":"市","_fontSize":28,"_lineHeight":28,"_enableWrapText":false,"_N$verticalAlign":1,"_N$overflow":2},{"__type__":"cc.Widget","node":{"__id__":55},"alignMode":2,"_alignFlags":45,"_originalWidth":100,"_originalHeight":40}],"_color":{"__type__":"cc.Color","r":253,"g":109,"b":39},"_contentSize":{"__type__":"cc.Size","width":100,"height":40},"_scale":{"__type__":"cc.Vec3","x":1,"y":1,"z":1}},{"__type__":"cc.Node","_name":"CountyBtn","_parent":{"__id__":47},"_children":[{"__id__":57}],"_level":4,"_components":[{"__type__":"cc.Button","node":{"__id__":56},"transition":3,"pressedColor":{"__type__":"cc.Color","r":255,"g":255,"b":255},"zoomScale":1.02,"clickEvents":[{"__type__":"cc.ClickEvent","target":{"__id__":2},"component":"AddExpressAddress","handler":"cancelBtnClick","customEventData":"true"}],"_N$normalColor":{"__type__":"cc.Color","r":255,"g":255,"b":255},"_N$disabledColor":{"__type__":"cc.Color","r":255,"g":255,"b":255},"_N$normalSprite":{"__uuid__":"f0BIwQ8D5Ml7nTNQbh1YlS"},"_N$pressedSprite":{"__uuid__":"e97GVMl6JHh5Ml5qEDdSGa"},"pressedSprite":{"__uuid__":"e97GVMl6JHh5Ml5qEDdSGa"},"_N$hoverSprite":{"__uuid__":"f0BIwQ8D5Ml7nTNQbh1YlS"},"hoverSprite":{"__uuid__":"f0BIwQ8D5Ml7nTNQbh1YlS"},"_N$disabledSprite":{"__uuid__":"29FYIk+N1GYaeWH/q1NxQO"},"_N$target":{"__id__":56}},{"__type__":"cc.Widget","node":{"__id__":56},"alignMode":2,"_alignFlags":9,"_left":240,"_top":90}],"_contentSize":{"__type__":"cc.Size","width":100,"height":40},"_position":{"__type__":"cc.Vec3","x":-85,"y":140},"_scale":{"__type__":"cc.Vec3","x":1,"y":1,"z":1}},{"__type__":"cc.Node","_name":"Label","_parent":{"__id__":56},"_components":[{"__type__":"cc.Label","node":{"__id__":57},"_srcBlendFactor":1,"_useOriginalSize":false,"_string":"县","_N$string":"县","_fontSize":28,"_lineHeight":28,"_enableWrapText":false,"_N$verticalAlign":1,"_N$overflow":2},{"__type__":"cc.Widget","node":{"__id__":57},"alignMode":2,"_alignFlags":45,"_originalWidth":100,"_originalHeight":40}],"_color":{"__type__":"cc.Color","r":253,"g":109,"b":39},"_contentSize":{"__type__":"cc.Size","width":100,"height":40},"_scale":{"__type__":"cc.Vec3","x":1,"y":1,"z":1}},{"__type__":"cc.Node","_name":"Line","_parent":{"__id__":47},"_level":4,"_components":[{"__type__":"cc.Sprite","node":{"__id__":58},"_spriteFrame":{"__uuid__":"02VHI1EG9OErub7VllKUNz"},"_sizeMode":0},{"__type__":"cc.Widget","node":{"__id__":58},"alignMode":2,"_alignFlags":41,"_top":135,"_originalWidth":40}],"_opacity":60,"_contentSize":{"__type__":"cc.Size","width":750,"height":1},"_position":{"__type__":"cc.Vec3","y":114.5},"_scale":{"__type__":"cc.Vec3","x":1,"y":1,"z":1}},{"__type__":"cc.Node","_name":"SelectLine","_parent":{"__id__":47},"_level":4,"_components":[{"__type__":"cc.Sprite","node":{"__id__":59},"_spriteFrame":{"__uuid__":"467LgwIV5HiKDAVf2Yl32M"},"_sizeMode":0},{"__type__":"cc.Widget","node":{"__id__":59},"alignMode":2,"_alignFlags":1,"_left":10,"_right":355,"_top":134,"_originalWidth":40}],"_color":{"__type__":"cc.Color","r":253,"g":109,"b":39},"_contentSize":{"__type__":"cc.Size","width":100,"height":2},"_position":{"__type__":"cc.Vec3","x":-315,"y":115},"_scale":{"__type__":"cc.Vec3","x":1,"y":1,"z":1}},{"__type__":"cc.Node","_name":"ProvinceScrollView","_parent":{"__id__":47},"_children":[{"__id__":61}],"_level":4,"_components":[{"__id__":63},{"__type__":"cc.Widget","node":{"__id__":60},"alignMode":2,"_alignFlags":45,"_left":30,"_right":30,"_top":136,"_originalWidth":240,"_originalHeight":250}],"_contentSize":{"__type__":"cc.Size","width":690,"height":364},"_position":{"__type__":"cc.Vec3","y":-68},"_scale":{"__type__":"cc.Vec3","x":1,"y":1,"z":1}},{"__type__":"cc.Node","_name":"view","_parent":{"__id__":60},"_children":[{"__id__":62}],"_components":[{"__type__":"cc.Mask","node":{"__id__":61}},{"__type__":"cc.Widget","node":{"__id__":61},"alignMode":2,"_alignFlags":45,"_right":5.025000000000006,"_originalWidth":240,"_originalHeight":250}],"_contentSize":{"__type__":"cc.Size","width":684.975,"height":364},"_position":{"__type__":"cc.Vec3","x":-2.5124999999999886},"_scale":{"__type__":"cc.Vec3","x":1,"y":1,"z":1}},{"__type__":"cc.Node","_name":"content","_parent":{"__id__":61},"_components":[{"__type__":"cc.Widget","node":{"__id__":62},"alignMode":2,"_alignFlags":40,"_left":10,"_right":10,"_originalWidth":220},{"__type__":"cc.Layout","node":{"__id__":62},"_layoutSize":{"__type__":"cc.Size","width":664.975,"height":30},"_resize":1,"_N$layoutType":2,"_N$paddingTop":10,"_N$paddingBottom":10,"_N$spacingY":5}],"_contentSize":{"__type__":"cc.Size","width":664.975,"height":30},"_anchorPoint":{"__type__":"cc.Vec2","x":0.5,"y":1},"_position":{"__type__":"cc.Vec3","y":115.31},"_scale":{"__type__":"cc.Vec3","x":1,"y":1,"z":1}},{"__type__":"cc.ScrollView","node":{"__id__":60},"horizontal":false,"brake":0.75,"elastic":false,"bounceDuration":0.23,"_N$content":{"__id__":62},"content":{"__id__":62},"_N$horizontalScrollBar":null,"_N$verticalScrollBar":null}],{"__type__":"cc.SpriteFrame","content":{"name":"shop_confirm_bg","texture":"3aVKM/C5NDXZv1pni7hH7/","rect":[0,0,620,120],"offset":[0,0],"originalSize":[620,120],"capInsets":[60,0,60,0]}},{"__type__":"cc.SpriteFrame","content":{"name":"back","texture":"0crVq4CiFGKJ6Q4VG57SZ9","rect":[0,0,20,34],"offset":[0,0],"originalSize":[20,34],"capInsets":[0,0,0,0]}},{"__type__":"cc.AnimationClip","_name":"AddressSelectHiddenAnimation","_duration":1,"sample":30,"speed":4,"curveData":{"props":{"y":[{"frame":0,"value":-417},{"frame":1,"value":-917}]}}},[{"__type__":"cc.Prefab","_name":"AddressSelectListItem","data":{"__id__":1}},{"__type__":"cc.Node","_name":"AddressSelectListItem","_children":[{"__id__":2}],"_level":1,"_components":[{"__type__":"cc.Widget","node":{"__id__":1},"alignMode":2,"_alignFlags":40},{"__type__":"ec5308b7z5BrLlLiqzWy7rK","node":{"__id__":1},"titleLabel":{"__id__":3}}],"_prefab":{"__type__":"cc.PrefabInfo","root":{"__id__":1},"asset":{"__uuid__":"acW0makzBFBJ1UA9te9TGo"},"fileId":"e0lehaQdtHl7myDGou7OKT"},"_contentSize":{"__type__":"cc.Size","width":750,"height":50},"_position":{"__type__":"cc.Vec3","x":375,"y":-15},"_scale":{"__type__":"cc.Vec3","x":1,"y":1,"z":1}},{"__type__":"cc.Node","_name":"Label","_parent":{"__id__":1},"_level":2,"_components":[{"__id__":3},{"__type__":"cc.Widget","node":{"__id__":2},"alignMode":2,"_alignFlags":45,"_bottom":1,"_originalWidth":90,"_originalHeight":30}],"_prefab":{"__type__":"cc.PrefabInfo","root":{"__id__":1},"asset":{"__uuid__":"acW0makzBFBJ1UA9te9TGo"},"fileId":"47eOCU8ApF1a/EaiM4fhaq"},"_color":{"__type__":"cc.Color","r":74,"g":74,"b":74},"_contentSize":{"__type__":"cc.Size","width":750,"height":49},"_position":{"__type__":"cc.Vec3","y":0.5},"_scale":{"__type__":"cc.Vec3","x":1,"y":1,"z":1}},{"__type__":"cc.Label","node":{"__id__":2},"_srcBlendFactor":1,"_useOriginalSize":false,"_string":"省市县","_N$string":"省市县","_fontSize":28,"_lineHeight":30,"_N$verticalAlign":1,"_N$overflow":2}],{"__type__":"cc.SpriteFrame","content":{"name":"set_switch_close_bg","texture":"55rRsH7AVOGokVql4gWgxN","rect":[0,0,71,43],"offset":[0,0],"originalSize":[71,43],"capInsets":[0,0,0,0]}},{"__type__":"cc.SpriteFrame","content":{"name":"default_btn_pressed","texture":"b4P/PCArtIdIH38t6mlw8Y","rect":[0,0,40,40],"offset":[0,0],"originalSize":[40,40],"capInsets":[12,12,12,12]}},{"__type__":"cc.SpriteFrame","content":{"name":"default_btn_normal","texture":"e8Ueib+qJEhL6mXAHdnwbi","rect":[0,0,40,40],"offset":[0,0],"originalSize":[40,40],"capInsets":[12,12,12,12]}},{"__type__":"cc.SpriteFrame","content":{"name":"personal_center_detail_arrow","texture":"bb4RRYEtFN4aSESG8LRDsV","rect":[0,0,20,34],"offset":[0,0],"originalSize":[20,34],"capInsets":[0,0,0,0]}}]