[{"__type__":"cc.SpriteFrame","content":{"name":"enter_share_icon","texture":"91ORMBNi1L56LpJiDPafNH","rect":[0,0,82,82],"offset":[0,0],"originalSize":[82,82],"capInsets":[0,0,0,0]}},[{"__type__":"cc.SceneAsset","_name":"EnterFromShare","scene":{"__id__":1},"asyncLoadAssets":null},{"__type__":"cc.Scene","_name":"New Node","_children":[{"__id__":2}],"_anchorPoint":{"__type__":"cc.Vec2"},"_scale":{"__type__":"cc.Vec3","x":0.4362818590704648,"y":0.4362818590704648,"z":1},"autoReleaseAssets":false},{"__type__":"cc.Node","_name":"Canvas","_parent":{"__id__":1},"_children":[{"__id__":3},{"__id__":4},{"__id__":5},{"__id__":6},{"__id__":7},{"__id__":9},{"__id__":11},{"__id__":38},{"__id__":55},{"__id__":66},{"__id__":70},{"__id__":73}],"_level":1,"_components":[{"__type__":"cc.Canvas","node":{"__id__":2},"_designResolution":{"__type__":"cc.Size","width":750,"height":1334}},{"__type__":"e3a19t0M/1P/YBtRj237fc/","node":{"__id__":2},"nameLabel":{"__id__":8},"combatRankLabel":{"__id__":10},"iconSprite":{"__id__":14},"tollGateLabel":{"__id__":16},"rateLabel":{"__id__":20},"tollGateNumberLabel":{"__id__":24},"allLabel":{"__id__":28},"moneyLabel":{"__id__":32},"enLabel":{"__id__":35},"zhLabel":{"__id__":37},"zanSprite":{"__id__":54},"friendIconSprite1":{"__id__":41},"friendIconSprite2":{"__id__":44},"friendIconSprite3":{"__id__":47},"friendIconSprite4":{"__id__":50},"zanBtn":{"__id__":53},"unlockSprite":{"__id__":65},"unlockSingalLabel":{"__id__":57},"unlockFaceSprite":{"__id__":59},"unlockMarkLabel":{"__id__":62},"unlockLabel":{"__id__":64},"AutoZanSprite":{"__id__":69},"markLabel":{"__id__":72},"confirmBtn":{"__id__":75}}],"_contentSize":{"__type__":"cc.Size","width":750,"height":1334},"_position":{"__type__":"cc.Vec3","x":375,"y":667},"_scale":{"__type__":"cc.Vec3","x":1,"y":1,"z":1},"_id":"6d5PvQEC1DE7t4/kzuiCV7"},{"__type__":"cc.Node","_name":"Main Camera","_parent":{"__id__":2},"_level":2,"_components":[{"__type__":"cc.Camera","node":{"__id__":3},"_clearFlags":7,"_backgroundColor":{"__type__":"cc.Color","r":252,"g":249,"b":238},"_depth":-1}],"_scale":{"__type__":"cc.Vec3","x":1,"y":1,"z":1}},{"__type__":"cc.Node","_name":"TopBg","_parent":{"__id__":2},"_level":2,"_components":[{"__type__":"cc.Sprite","node":{"__id__":4},"_spriteFrame":{"__uuid__":"ad28UhkC5OqJygoqIYsaW/"},"_type":1,"_sizeMode":0},{"__type__":"cc.Widget","node":{"__id__":4},"alignMode":2,"_alignFlags":41,"_originalWidth":40}],"_contentSize":{"__type__":"cc.Size","width":750,"height":540},"_position":{"__type__":"cc.Vec3","y":397},"_scale":{"__type__":"cc.Vec3","x":1,"y":1,"z":1}},{"__type__":"cc.Node","_name":"TitleLabel","_parent":{"__id__":2},"_level":2,"_components":[{"__type__":"cc.Label","node":{"__id__":5},"_srcBlendFactor":1,"_useOriginalSize":false,"_string":"酷爱背单词","_N$string":"酷爱背单词","_fontSize":38,"_lineHeight":38,"_N$horizontalAlign":1,"_N$verticalAlign":1},{"__type__":"cc.Widget","node":{"__id__":5},"alignMode":2,"_alignFlags":9,"_left":55,"_top":62}],"_color":{"__type__":"cc.Color"},"_contentSize":{"__type__":"cc.Size","width":190,"height":38},"_position":{"__type__":"cc.Vec3","x":-225,"y":586},"_scale":{"__type__":"cc.Vec3","x":1,"y":1,"z":1}},{"__type__":"cc.Node","_name":"NameMarkLabel","_parent":{"__id__":2},"_level":2,"_components":[{"__type__":"cc.Label","node":{"__id__":6},"_srcBlendFactor":1,"_useOriginalSize":false,"_string":"您的好友","_N$string":"您的好友","_fontSize":26,"_lineHeight":26,"_N$verticalAlign":1,"_N$overflow":2},{"__type__":"cc.Widget","node":{"__id__":6},"alignMode":2,"_alignFlags":41,"_left":0.55,"_right":20,"_top":189,"_horizontalCenter":100,"_isAbsLeft":false,"_originalWidth":104}],"_color":{"__type__":"cc.Color","r":74,"g":74,"b":74},"_contentSize":{"__type__":"cc.Size","width":317.49999999999994,"height":26},"_anchorPoint":{"__type__":"cc.Vec2","y":0.5},"_position":{"__type__":"cc.Vec3","x":37.50000000000006,"y":465},"_scale":{"__type__":"cc.Vec3","x":1,"y":1,"z":1}},{"__type__":"cc.Node","_name":"NameLabel","_parent":{"__id__":2},"_level":2,"_components":[{"__id__":8},{"__type__":"cc.Widget","node":{"__id__":7},"alignMode":2,"_alignFlags":41,"_left":0.55,"_right":20,"_top":225,"_horizontalCenter":100,"_isAbsLeft":false,"_originalWidth":96}],"_color":{"__type__":"cc.Color"},"_contentSize":{"__type__":"cc.Size","width":317.49999999999994,"height":32},"_position":{"__type__":"cc.Vec3","x":196.25000000000003,"y":426},"_scale":{"__type__":"cc.Vec3","x":1,"y":1,"z":1}},{"__type__":"cc.Label","node":{"__id__":7},"_srcBlendFactor":1,"_useOriginalSize":false,"_string":"小橙子","_N$string":"小橙子","_fontSize":32,"_lineHeight":32,"_N$verticalAlign":1,"_N$overflow":2},{"__type__":"cc.Node","_name":"CombatRankLabel","_parent":{"__id__":2},"_level":2,"_components":[{"__id__":10},{"__type__":"cc.Widget","node":{"__id__":9},"alignMode":2,"_alignFlags":41,"_left":0.55,"_right":20,"_top":270,"_horizontalCenter":100,"_isAbsLeft":false,"_originalWidth":210}],"_color":{"__type__":"cc.Color","r":74,"g":74,"b":74},"_contentSize":{"__type__":"cc.Size","width":317.49999999999994,"height":30},"_anchorPoint":{"__type__":"cc.Vec2","y":0.5},"_position":{"__type__":"cc.Vec3","x":37.50000000000006,"y":382},"_scale":{"__type__":"cc.Vec3","x":1,"y":1,"z":1}},{"__type__":"cc.Label","node":{"__id__":9},"_srcBlendFactor":1,"_useOriginalSize":false,"_string":"今日战力榜排名","_N$string":"今日战力榜排名","_fontSize":30,"_lineHeight":30,"_N$verticalAlign":1,"_N$overflow":2},{"__type__":"cc.Node","_name":"InfoSprite","_parent":{"__id__":2},"_children":[{"__id__":12},{"__id__":15},{"__id__":17},{"__id__":22},{"__id__":25},{"__id__":26},{"__id__":29},{"__id__":30},{"__id__":33},{"__id__":34},{"__id__":36}],"_level":2,"_components":[{"__type__":"cc.Sprite","node":{"__id__":11},"_spriteFrame":{"__uuid__":"bcaXEsaSZK07aEsW0i3oQR"},"_type":1},{"__type__":"cc.Widget","node":{"__id__":11},"_alignFlags":41,"_left":45,"_right":45,"_top":315,"_originalWidth":40}],"_contentSize":{"__type__":"cc.Size","width":660,"height":520},"_position":{"__type__":"cc.Vec3","y":92},"_scale":{"__type__":"cc.Vec3","x":1,"y":1,"z":1}},{"__type__":"cc.Node","_name":"Icon","_parent":{"__id__":11},"_children":[{"__id__":13}],"_level":3,"_components":[{"__type__":"cc.Widget","node":{"__id__":12},"alignMode":2,"_alignFlags":9,"_left":80,"_top":45},{"__type__":"cc.Mask","node":{"__id__":12},"_type":1,"_segments":78}],"_color":{"__type__":"cc.Color","r":255,"g":215,"b":75},"_contentSize":{"__type__":"cc.Size","width":156,"height":156},"_position":{"__type__":"cc.Vec3","x":-172,"y":137},"_scale":{"__type__":"cc.Vec3","x":1,"y":1,"z":1}},{"__type__":"cc.Node","_name":"Sprite","_parent":{"__id__":12},"_level":4,"_components":[{"__id__":14},{"__type__":"cc.Widget","node":{"__id__":13},"alignMode":2,"_alignFlags":45,"_originalWidth":40,"_originalHeight":36}],"_contentSize":{"__type__":"cc.Size","width":156,"height":156},"_scale":{"__type__":"cc.Vec3","x":1,"y":1,"z":1}},{"__type__":"cc.Sprite","node":{"__id__":13},"_spriteFrame":{"__uuid__":"08iCJyM9dJqaQKL02gk7W7"},"_sizeMode":0},{"__type__":"cc.Node","_name":"TollGateLabel","_parent":{"__id__":11},"_level":3,"_components":[{"__id__":16},{"__type__":"cc.Widget","node":{"__id__":15},"alignMode":2,"_alignFlags":41,"_left":262,"_right":30,"_top":84,"_originalWidth":234}],"_color":{"__type__":"cc.Color","r":74,"g":74,"b":74},"_contentSize":{"__type__":"cc.Size","width":368,"height":26},"_position":{"__type__":"cc.Vec3","x":116,"y":163},"_scale":{"__type__":"cc.Vec3","x":1,"y":1,"z":1}},{"__type__":"cc.Label","node":{"__id__":15},"_srcBlendFactor":1,"_useOriginalSize":false,"_string":"在词书闯到了第几关","_N$string":"在词书闯到了第几关","_fontSize":26,"_lineHeight":26,"_N$verticalAlign":1,"_N$overflow":2},{"__type__":"cc.Node","_name":"RateBg","_parent":{"__id__":11},"_children":[{"__id__":18},{"__id__":19},{"__id__":21}],"_level":3,"_components":[{"__type__":"cc.Widget","node":{"__id__":17},"alignMode":2,"_alignFlags":41,"_left":313.81,"_right":96.81,"_top":130},{"__type__":"cc.Layout","node":{"__id__":17},"_layoutSize":{"__type__":"cc.Size","width":249.38,"height":40},"_resize":1,"_N$layoutType":1}],"_contentSize":{"__type__":"cc.Size","width":249.38,"height":40},"_position":{"__type__":"cc.Vec3","x":108.5,"y":110},"_scale":{"__type__":"cc.Vec3","x":1,"y":1,"z":1}},{"__type__":"cc.Node","_name":"LeftLabel","_parent":{"__id__":17},"_level":4,"_components":[{"__type__":"cc.Label","node":{"__id__":18},"_srcBlendFactor":1,"_useOriginalSize":false,"_string":"打败","_N$string":"打败","_fontSize":36,"_lineHeight":38,"_enableWrapText":false,"_N$horizontalAlign":1,"_N$verticalAlign":1,"_N$overflow":2}],"_color":{"__type__":"cc.Color"},"_contentSize":{"__type__":"cc.Size","width":72,"height":36},"_position":{"__type__":"cc.Vec3","x":-88.69},"_scale":{"__type__":"cc.Vec3","x":1,"y":1,"z":1}},{"__type__":"cc.Node","_name":"RateLabel","_parent":{"__id__":17},"_level":4,"_components":[{"__id__":20}],"_color":{"__type__":"cc.Color","r":253,"g":109,"b":39},"_contentSize":{"__type__":"cc.Size","width":69.38,"height":48},"_position":{"__type__":"cc.Vec3","x":-18},"_scale":{"__type__":"cc.Vec3","x":1,"y":1,"z":1}},{"__type__":"cc.Label","node":{"__id__":19},"_srcBlendFactor":1,"_useOriginalSize":false,"_string":"0%","_N$string":"0%","_fontSize":48,"_lineHeight":50,"_enableWrapText":false,"_N$horizontalAlign":1,"_N$verticalAlign":1,"_N$overflow":2},{"__type__":"cc.Node","_name":"RightLabel","_parent":{"__id__":17},"_level":4,"_components":[{"__type__":"cc.Label","node":{"__id__":21},"_srcBlendFactor":1,"_useOriginalSize":false,"_string":"的用户","_N$string":"的用户","_fontSize":36,"_lineHeight":38,"_enableWrapText":false,"_N$horizontalAlign":1,"_N$verticalAlign":1,"_N$overflow":2}],"_color":{"__type__":"cc.Color"},"_contentSize":{"__type__":"cc.Size","width":108,"height":36},"_position":{"__type__":"cc.Vec3","x":70.69},"_scale":{"__type__":"cc.Vec3","x":1,"y":1,"z":1}},{"__type__":"cc.Node","_name":"TollGateNumberLabel","_parent":{"__id__":11},"_children":[{"__id__":23}],"_level":3,"_components":[{"__id__":24},{"__type__":"cc.Widget","node":{"__id__":22},"alignMode":2,"_alignFlags":17,"_top":248,"_horizontalCenter":-0.3,"_isAbsHorizontalCenter":false}],"_color":{"__type__":"cc.Color","r":246,"g":174,"b":9},"_contentSize":{"__type__":"cc.Size","width":23.36,"height":42},"_position":{"__type__":"cc.Vec3","x":-198,"y":-9},"_scale":{"__type__":"cc.Vec3","x":1,"y":1,"z":1}},{"__type__":"cc.Node","_name":"Label","_parent":{"__id__":22},"_level":4,"_components":[{"__type__":"cc.Label","node":{"__id__":23},"_srcBlendFactor":1,"_useOriginalSize":false,"_string":"关","_N$string":"关","_fontSize":24,"_lineHeight":24,"_N$horizontalAlign":1,"_N$verticalAlign":1},{"__type__":"cc.Widget","node":{"__id__":23},"alignMode":2,"_alignFlags":36,"_right":-24}],"_color":{"__type__":"cc.Color","r":246,"g":174,"b":9},"_contentSize":{"__type__":"cc.Size","width":24,"height":24},"_position":{"__type__":"cc.Vec3","x":23.68,"y":-9},"_scale":{"__type__":"cc.Vec3","x":1,"y":1,"z":1}},{"__type__":"cc.Label","node":{"__id__":22},"_srcBlendFactor":1,"_useOriginalSize":false,"_string":"0","_N$string":"0","_fontSize":42,"_lineHeight":42,"_N$horizontalAlign":1,"_N$verticalAlign":1},{"__type__":"cc.Node","_name":"TollGateNumberMarkLabel","_parent":{"__id__":11},"_level":3,"_components":[{"__type__":"cc.Label","node":{"__id__":25},"_srcBlendFactor":1,"_useOriginalSize":false,"_string":"累计闯关","_N$string":"累计闯关","_fontSize":26,"_lineHeight":26,"_N$horizontalAlign":1,"_N$verticalAlign":1},{"__type__":"cc.Widget","node":{"__id__":25},"alignMode":2,"_alignFlags":17,"_top":305,"_horizontalCenter":-0.3,"_isAbsHorizontalCenter":false}],"_color":{"__type__":"cc.Color","r":121,"g":121,"b":121},"_contentSize":{"__type__":"cc.Size","width":104,"height":26},"_position":{"__type__":"cc.Vec3","x":-198,"y":-58},"_scale":{"__type__":"cc.Vec3","x":1,"y":1,"z":1}},{"__type__":"cc.Node","_name":"AllLabel","_parent":{"__id__":11},"_children":[{"__id__":27}],"_level":3,"_components":[{"__id__":28},{"__type__":"cc.Widget","node":{"__id__":26},"alignMode":2,"_alignFlags":17,"_top":248}],"_color":{"__type__":"cc.Color","r":246,"g":174,"b":9},"_contentSize":{"__type__":"cc.Size","width":23.36,"height":42},"_position":{"__type__":"cc.Vec3","y":-9},"_scale":{"__type__":"cc.Vec3","x":1,"y":1,"z":1}},{"__type__":"cc.Node","_name":"Label","_parent":{"__id__":26},"_level":4,"_components":[{"__type__":"cc.Label","node":{"__id__":27},"_srcBlendFactor":1,"_useOriginalSize":false,"_string":"词","_N$string":"词","_fontSize":24,"_lineHeight":24,"_N$horizontalAlign":1,"_N$verticalAlign":1},{"__type__":"cc.Widget","node":{"__id__":27},"alignMode":2,"_alignFlags":36,"_right":-24}],"_color":{"__type__":"cc.Color","r":246,"g":174,"b":9},"_contentSize":{"__type__":"cc.Size","width":24,"height":24},"_position":{"__type__":"cc.Vec3","x":23.68,"y":-9},"_scale":{"__type__":"cc.Vec3","x":1,"y":1,"z":1}},{"__type__":"cc.Label","node":{"__id__":26},"_srcBlendFactor":1,"_useOriginalSize":false,"_string":"0","_N$string":"0","_fontSize":42,"_lineHeight":42,"_N$horizontalAlign":1,"_N$verticalAlign":1},{"__type__":"cc.Node","_name":"AllMarkLabel","_parent":{"__id__":11},"_level":3,"_components":[{"__type__":"cc.Label","node":{"__id__":29},"_srcBlendFactor":1,"_useOriginalSize":false,"_string":"累计掌握","_N$string":"累计掌握","_fontSize":26,"_lineHeight":26,"_N$horizontalAlign":1,"_N$verticalAlign":1},{"__type__":"cc.Widget","node":{"__id__":29},"alignMode":2,"_alignFlags":17,"_top":305}],"_color":{"__type__":"cc.Color","r":121,"g":121,"b":121},"_contentSize":{"__type__":"cc.Size","width":104,"height":26},"_position":{"__type__":"cc.Vec3","y":-58},"_scale":{"__type__":"cc.Vec3","x":1,"y":1,"z":1}},{"__type__":"cc.Node","_name":"MoneyLabel","_parent":{"__id__":11},"_children":[{"__id__":31}],"_level":3,"_components":[{"__id__":32},{"__type__":"cc.Widget","node":{"__id__":30},"alignMode":2,"_alignFlags":17,"_top":248,"_horizontalCenter":0.3,"_isAbsHorizontalCenter":false}],"_color":{"__type__":"cc.Color","r":246,"g":174,"b":9},"_contentSize":{"__type__":"cc.Size","width":23.36,"height":42},"_position":{"__type__":"cc.Vec3","x":198,"y":-9},"_scale":{"__type__":"cc.Vec3","x":1,"y":1,"z":1}},{"__type__":"cc.Node","_name":"Label","_parent":{"__id__":30},"_level":4,"_components":[{"__type__":"cc.Label","node":{"__id__":31},"_srcBlendFactor":1,"_useOriginalSize":false,"_string":"币","_N$string":"币","_fontSize":24,"_lineHeight":24,"_N$horizontalAlign":1,"_N$verticalAlign":1},{"__type__":"cc.Widget","node":{"__id__":31},"alignMode":2,"_alignFlags":36,"_right":-24}],"_color":{"__type__":"cc.Color","r":246,"g":174,"b":9},"_contentSize":{"__type__":"cc.Size","width":24,"height":24},"_position":{"__type__":"cc.Vec3","x":23.68,"y":-9},"_scale":{"__type__":"cc.Vec3","x":1,"y":1,"z":1}},{"__type__":"cc.Label","node":{"__id__":30},"_srcBlendFactor":1,"_useOriginalSize":false,"_string":"0","_N$string":"0","_fontSize":42,"_lineHeight":42,"_N$horizontalAlign":1,"_N$verticalAlign":1},{"__type__":"cc.Node","_name":"MoneyMarkLabel","_parent":{"__id__":11},"_level":3,"_components":[{"__type__":"cc.Label","node":{"__id__":33},"_srcBlendFactor":1,"_useOriginalSize":false,"_string":"获得橙币","_N$string":"获得橙币","_fontSize":26,"_lineHeight":26,"_N$horizontalAlign":1,"_N$verticalAlign":1},{"__type__":"cc.Widget","node":{"__id__":33},"alignMode":2,"_alignFlags":17,"_top":305,"_horizontalCenter":0.3,"_isAbsHorizontalCenter":false}],"_color":{"__type__":"cc.Color","r":121,"g":121,"b":121},"_contentSize":{"__type__":"cc.Size","width":104,"height":26},"_position":{"__type__":"cc.Vec3","x":198,"y":-58},"_scale":{"__type__":"cc.Vec3","x":1,"y":1,"z":1}},{"__type__":"cc.Node","_name":"EnLabel","_parent":{"__id__":11},"_level":3,"_components":[{"__id__":35},{"__type__":"cc.Widget","node":{"__id__":34},"alignMode":2,"_alignFlags":44,"_left":40,"_right":40,"_top":394,"_bottom":95,"_originalWidth":96,"_originalHeight":24}],"_color":{"__type__":"cc.Color","r":121,"g":121,"b":121},"_contentSize":{"__type__":"cc.Size","width":580,"height":30},"_position":{"__type__":"cc.Vec3","y":-150},"_scale":{"__type__":"cc.Vec3","x":1,"y":1,"z":1}},{"__type__":"cc.Label","node":{"__id__":34},"_srcBlendFactor":1,"_useOriginalSize":false,"_string":"English","_N$string":"English","_fontSize":24,"_lineHeight":30,"_enableWrapText":false,"_N$horizontalAlign":1,"_N$verticalAlign":1,"_N$overflow":3},{"__type__":"cc.Node","_name":"ZhLabel","_parent":{"__id__":11},"_level":3,"_components":[{"__id__":37},{"__type__":"cc.Widget","node":{"__id__":36},"alignMode":2,"_alignFlags":41,"_left":40,"_right":40,"_top":440,"_originalWidth":96}],"_color":{"__type__":"cc.Color","r":121,"g":121,"b":121},"_contentSize":{"__type__":"cc.Size","width":580,"height":24},"_position":{"__type__":"cc.Vec3","y":-192},"_scale":{"__type__":"cc.Vec3","x":1,"y":1,"z":1}},{"__type__":"cc.Label","node":{"__id__":36},"_srcBlendFactor":1,"_useOriginalSize":false,"_string":"中文","_N$string":"中文","_fontSize":24,"_lineHeight":24,"_enableWrapText":false,"_N$horizontalAlign":1,"_N$verticalAlign":1,"_N$overflow":2},{"__type__":"cc.Node","_name":"ZanSprite","_parent":{"__id__":2},"_children":[{"__id__":39},{"__id__":42},{"__id__":45},{"__id__":48},{"__id__":51},{"__id__":52}],"_level":2,"_components":[{"__id__":54},{"__type__":"cc.Widget","node":{"__id__":38},"alignMode":2,"_alignFlags":41,"_left":45,"_right":45,"_top":845,"_originalWidth":640}],"_contentSize":{"__type__":"cc.Size","width":660,"height":160},"_position":{"__type__":"cc.Vec3","y":-258},"_scale":{"__type__":"cc.Vec3","x":1,"y":1,"z":1}},{"__type__":"cc.Node","_name":"Sprite1","_parent":{"__id__":38},"_children":[{"__id__":40}],"_level":3,"_components":[{"__type__":"cc.Widget","node":{"__id__":39},"alignMode":2,"_alignFlags":17,"_left":57,"_top":21,"_horizontalCenter":-0.35,"_isAbsHorizontalCenter":false},{"__type__":"cc.Mask","node":{"__id__":39},"_type":1,"_segments":41}],"_color":{"__type__":"cc.Color","r":255,"g":215,"b":75},"_contentSize":{"__type__":"cc.Size","width":82,"height":82},"_position":{"__type__":"cc.Vec3","x":-230.99999999999997,"y":18},"_scale":{"__type__":"cc.Vec3","x":1,"y":1,"z":1}},{"__type__":"cc.Node","_name":"Sprite","_parent":{"__id__":39},"_level":4,"_components":[{"__id__":41},{"__type__":"cc.Widget","node":{"__id__":40},"alignMode":2,"_alignFlags":45,"_originalWidth":40,"_originalHeight":36}],"_contentSize":{"__type__":"cc.Size","width":82,"height":82},"_scale":{"__type__":"cc.Vec3","x":1,"y":1,"z":1}},{"__type__":"cc.Sprite","node":{"__id__":40},"_spriteFrame":{"__uuid__":"08iCJyM9dJqaQKL02gk7W7"},"_sizeMode":0},{"__type__":"cc.Node","_name":"Sprite2","_parent":{"__id__":38},"_children":[{"__id__":43}],"_level":3,"_components":[{"__type__":"cc.Widget","node":{"__id__":42},"alignMode":2,"_alignFlags":17,"_left":164,"_top":21,"_horizontalCenter":-0.18899999999999997,"_isAbsHorizontalCenter":false},{"__type__":"cc.Mask","node":{"__id__":42},"_type":1,"_segments":41}],"_color":{"__type__":"cc.Color","r":255,"g":215,"b":75},"_contentSize":{"__type__":"cc.Size","width":82,"height":82},"_position":{"__type__":"cc.Vec3","x":-124.73999999999998,"y":18},"_scale":{"__type__":"cc.Vec3","x":1,"y":1,"z":1}},{"__type__":"cc.Node","_name":"Sprite","_parent":{"__id__":42},"_level":4,"_components":[{"__id__":44},{"__type__":"cc.Widget","node":{"__id__":43},"alignMode":2,"_alignFlags":45,"_originalWidth":40,"_originalHeight":36}],"_contentSize":{"__type__":"cc.Size","width":82,"height":82},"_scale":{"__type__":"cc.Vec3","x":1,"y":1,"z":1}},{"__type__":"cc.Sprite","node":{"__id__":43},"_spriteFrame":{"__uuid__":"08iCJyM9dJqaQKL02gk7W7"},"_sizeMode":0},{"__type__":"cc.Node","_name":"Sprite3","_parent":{"__id__":38},"_children":[{"__id__":46}],"_level":3,"_components":[{"__type__":"cc.Widget","node":{"__id__":45},"alignMode":2,"_alignFlags":17,"_left":271,"_top":21,"_horizontalCenter":-0.027000000000000003,"_isAbsHorizontalCenter":false},{"__type__":"cc.Mask","node":{"__id__":45},"_type":1,"_segments":41}],"_color":{"__type__":"cc.Color","r":255,"g":215,"b":75},"_contentSize":{"__type__":"cc.Size","width":82,"height":82},"_position":{"__type__":"cc.Vec3","x":-17.820000000000004,"y":18},"_scale":{"__type__":"cc.Vec3","x":1,"y":1,"z":1}},{"__type__":"cc.Node","_name":"Sprite","_parent":{"__id__":45},"_level":4,"_components":[{"__id__":47},{"__type__":"cc.Widget","node":{"__id__":46},"alignMode":2,"_alignFlags":45,"_originalWidth":40,"_originalHeight":36}],"_contentSize":{"__type__":"cc.Size","width":82,"height":82},"_scale":{"__type__":"cc.Vec3","x":1,"y":1,"z":1}},{"__type__":"cc.Sprite","node":{"__id__":46},"_spriteFrame":{"__uuid__":"08iCJyM9dJqaQKL02gk7W7"},"_sizeMode":0},{"__type__":"cc.Node","_name":"Sprite4","_parent":{"__id__":38},"_children":[{"__id__":49}],"_level":3,"_components":[{"__type__":"cc.Widget","node":{"__id__":48},"alignMode":2,"_alignFlags":17,"_left":377,"_top":21,"_horizontalCenter":0.133,"_isAbsHorizontalCenter":false},{"__type__":"cc.Mask","node":{"__id__":48},"_type":1,"_segments":41}],"_color":{"__type__":"cc.Color","r":255,"g":215,"b":75},"_contentSize":{"__type__":"cc.Size","width":82,"height":82},"_position":{"__type__":"cc.Vec3","x":87.78,"y":18},"_scale":{"__type__":"cc.Vec3","x":1,"y":1,"z":1}},{"__type__":"cc.Node","_name":"Sprite","_parent":{"__id__":48},"_level":4,"_components":[{"__id__":50},{"__type__":"cc.Widget","node":{"__id__":49},"alignMode":2,"_alignFlags":45,"_originalWidth":40,"_originalHeight":36}],"_contentSize":{"__type__":"cc.Size","width":82,"height":82},"_scale":{"__type__":"cc.Vec3","x":1,"y":1,"z":1}},{"__type__":"cc.Sprite","node":{"__id__":49},"_spriteFrame":{"__uuid__":"08iCJyM9dJqaQKL02gk7W7"},"_sizeMode":0},{"__type__":"cc.Node","_name":"Label","_parent":{"__id__":38},"_level":3,"_components":[{"__type__":"cc.Label","node":{"__id__":51},"_srcBlendFactor":1,"_useOriginalSize":false,"_string":"给好友点赞后,您也会自动获得好友点赞","_N$string":"给好友点赞后,您也会自动获得好友点赞","_fontSize":22,"_lineHeight":22,"_enableWrapText":false,"_N$verticalAlign":1,"_N$overflow":2},{"__type__":"cc.Widget","node":{"__id__":51},"alignMode":2,"_alignFlags":44,"_left":0.1,"_right":0.29,"_bottom":25,"_isAbsLeft":false,"_isAbsRight":false,"_originalWidth":380.11}],"_color":{"__type__":"cc.Color","r":164,"g":164,"b":164},"_contentSize":{"__type__":"cc.Size","width":402.6,"height":22},"_position":{"__type__":"cc.Vec3","x":-62.69999999999999,"y":-44},"_scale":{"__type__":"cc.Vec3","x":1,"y":1,"z":1}},{"__type__":"cc.Node","_name":"ZanBtn","_parent":{"__id__":38},"_level":3,"_components":[{"__type__":"cc.Sprite","node":{"__id__":52},"_spriteFrame":{"__uuid__":"f5+GyNUDJGXqa/s3vlpOgN"},"_sizeMode":0},{"__id__":53},{"__type__":"cc.Widget","node":{"__id__":52},"alignMode":2,"_alignFlags":37,"_left":496,"_right":0.042,"_top":20,"_bottom":20,"_isAbsRight":false,"_originalWidth":140,"_originalHeight":140}],"_contentSize":{"__type__":"cc.Size","width":120,"height":120},"_position":{"__type__":"cc.Vec3","x":242.27999999999997},"_scale":{"__type__":"cc.Vec3","x":1,"y":1,"z":1}},{"__type__":"cc.Button","node":{"__id__":52},"transition":3,"pressedColor":{"__type__":"cc.Color","r":255,"g":255,"b":255},"zoomScale":1.02,"clickEvents":[{"__type__":"cc.ClickEvent","target":{"__id__":2},"component":"EnterFromShare","handler":"zanBtnClick","customEventData":"true"}],"_N$normalColor":{"__type__":"cc.Color","r":255,"g":255,"b":255},"_N$disabledColor":{"__type__":"cc.Color","r":255,"g":255,"b":255},"_N$normalSprite":{"__uuid__":"f0BIwQ8D5Ml7nTNQbh1YlS"},"_N$pressedSprite":{"__uuid__":"e97GVMl6JHh5Ml5qEDdSGa"},"pressedSprite":{"__uuid__":"e97GVMl6JHh5Ml5qEDdSGa"},"_N$hoverSprite":{"__uuid__":"f0BIwQ8D5Ml7nTNQbh1YlS"},"hoverSprite":{"__uuid__":"f0BIwQ8D5Ml7nTNQbh1YlS"},"_N$disabledSprite":{"__uuid__":"29FYIk+N1GYaeWH/q1NxQO"},"_N$target":{"__id__":52}},{"__type__":"cc.Sprite","node":{"__id__":38},"_spriteFrame":{"__uuid__":"a6xz2+mMVM5aM9zziSvhah"},"_sizeMode":0},{"__type__":"cc.Node","_name":"UnlockSprite","_parent":{"__id__":2},"_children":[{"__id__":56},{"__id__":58},{"__id__":60}],"_active":false,"_level":2,"_components":[{"__id__":65},{"__type__":"cc.Widget","node":{"__id__":55},"alignMode":2,"_alignFlags":41,"_left":45,"_right":45,"_top":845,"_originalWidth":640}],"_contentSize":{"__type__":"cc.Size","width":660,"height":160},"_position":{"__type__":"cc.Vec3","y":-258},"_scale":{"__type__":"cc.Vec3","x":1,"y":1,"z":1}},{"__type__":"cc.Node","_name":"SingleLabel","_parent":{"__id__":55},"_active":false,"_level":3,"_components":[{"__id__":57},{"__type__":"cc.Widget","node":{"__id__":56},"alignMode":2,"_alignFlags":42,"_left":45,"_right":45,"_bottom":15,"_originalWidth":252}],"_color":{"__type__":"cc.Color","r":164,"g":164,"b":164},"_contentSize":{"__type__":"cc.Size","width":570,"height":42},"_scale":{"__type__":"cc.Vec3","x":1,"y":1,"z":1}},{"__type__":"cc.Label","node":{"__id__":56},"_srcBlendFactor":1,"_useOriginalSize":false,"_string":"你成功为好友解锁关卡","_N$string":"你成功为好友解锁关卡","_fontSize":42,"_lineHeight":42,"_enableWrapText":false,"_N$horizontalAlign":1,"_N$verticalAlign":1,"_N$overflow":2},{"__type__":"cc.Node","_name":"Sprite","_parent":{"__id__":55},"_level":3,"_components":[{"__id__":59},{"__type__":"cc.Widget","node":{"__id__":58},"alignMode":2,"_alignFlags":10,"_left":73,"_right":310,"_top":72,"_bottom":72,"_originalWidth":40,"_originalHeight":36}],"_contentSize":{"__type__":"cc.Size","width":62,"height":62},"_position":{"__type__":"cc.Vec3","x":-226},"_scale":{"__type__":"cc.Vec3","x":1,"y":1,"z":1}},{"__type__":"cc.Sprite","node":{"__id__":58},"_spriteFrame":{"__uuid__":"8csh3yymRG0a0Ea36Ok3xv"},"_sizeMode":0},{"__type__":"cc.Node","_name":"Bg","_parent":{"__id__":55},"_children":[{"__id__":61},{"__id__":63}],"_level":3,"_components":[{"__type__":"cc.Widget","node":{"__id__":60},"alignMode":2,"_alignFlags":42,"_left":175,"_right":45},{"__type__":"cc.Layout","node":{"__id__":60},"_resize":2,"_N$layoutType":1}],"_contentSize":{"__type__":"cc.Size","width":440,"height":42},"_position":{"__type__":"cc.Vec3","x":65},"_scale":{"__type__":"cc.Vec3","x":1,"y":1,"z":1}},{"__type__":"cc.Node","_name":"MarkLabel","_parent":{"__id__":60},"_level":4,"_components":[{"__id__":62},{"__type__":"cc.Widget","node":{"__id__":61},"_enabled":false,"alignMode":2,"_alignFlags":10,"_right":155.5,"_bottom":15,"_originalWidth":252}],"_color":{"__type__":"cc.Color","r":164,"g":164,"b":164},"_contentSize":{"__type__":"cc.Size","width":220,"height":42},"_position":{"__type__":"cc.Vec3","x":-110},"_scale":{"__type__":"cc.Vec3","x":1,"y":1,"z":1}},{"__type__":"cc.Label","node":{"__id__":61},"_srcBlendFactor":1,"_useOriginalSize":false,"_string":"你成功为好友","_N$string":"你成功为好友","_fontSize":36,"_lineHeight":42,"_enableWrapText":false,"_N$verticalAlign":1,"_N$overflow":2},{"__type__":"cc.Node","_name":"Label","_parent":{"__id__":60},"_level":4,"_components":[{"__id__":64},{"__type__":"cc.Widget","node":{"__id__":63},"_enabled":false,"alignMode":2,"_alignFlags":10,"_left":216}],"_color":{"__type__":"cc.Color","r":253,"g":109,"b":39},"_contentSize":{"__type__":"cc.Size","width":220,"height":42},"_position":{"__type__":"cc.Vec3","x":110},"_scale":{"__type__":"cc.Vec3","x":1,"y":1,"z":1}},{"__type__":"cc.Label","node":{"__id__":63},"_srcBlendFactor":1,"_useOriginalSize":false,"_string":"解锁关卡","_N$string":"解锁关卡","_fontSize":42,"_lineHeight":42,"_N$verticalAlign":1,"_N$overflow":2},{"__type__":"cc.Sprite","node":{"__id__":55},"_spriteFrame":{"__uuid__":"a6xz2+mMVM5aM9zziSvhah"},"_sizeMode":0},{"__type__":"cc.Node","_name":"AutoZankSprite","_parent":{"__id__":2},"_children":[{"__id__":67},{"__id__":68}],"_active":false,"_level":2,"_components":[{"__id__":69},{"__type__":"cc.Widget","node":{"__id__":66},"alignMode":2,"_alignFlags":41,"_left":45,"_right":45,"_top":845,"_originalWidth":640}],"_contentSize":{"__type__":"cc.Size","width":660,"height":160},"_position":{"__type__":"cc.Vec3","y":-258},"_scale":{"__type__":"cc.Vec3","x":1,"y":1,"z":1}},{"__type__":"cc.Node","_name":"Sprite","_parent":{"__id__":66},"_level":3,"_components":[{"__type__":"cc.Sprite","node":{"__id__":67},"_spriteFrame":{"__uuid__":"83Z5aJTLBNmJdtze2L7vmt"},"_sizeMode":0},{"__type__":"cc.Widget","node":{"__id__":67},"alignMode":2,"_alignFlags":9,"_left":131,"_right":310,"_top":50,"_bottom":72,"_originalWidth":40,"_originalHeight":36}],"_contentSize":{"__type__":"cc.Size","width":40,"height":40},"_position":{"__type__":"cc.Vec3","x":-179,"y":10},"_scale":{"__type__":"cc.Vec3","x":1,"y":1,"z":1}},{"__type__":"cc.Node","_name":"Label","_parent":{"__id__":66},"_level":3,"_components":[{"__type__":"cc.Label","node":{"__id__":68},"_srcBlendFactor":1,"_useOriginalSize":false,"_string":"你成功为好友点赞！","_N$string":"你成功为好友点赞！","_fontSize":36,"_lineHeight":36,"_enableWrapText":false,"_N$verticalAlign":1,"_N$overflow":2},{"__type__":"cc.Widget","node":{"__id__":68},"alignMode":2,"_alignFlags":41,"_left":187,"_right":60,"_top":56,"_bottom":15,"_originalWidth":252}],"_color":{"__type__":"cc.Color","r":253,"g":109,"b":39},"_contentSize":{"__type__":"cc.Size","width":413,"height":36},"_position":{"__type__":"cc.Vec3","x":63.5,"y":6},"_scale":{"__type__":"cc.Vec3","x":1,"y":1,"z":1}},{"__type__":"cc.Sprite","node":{"__id__":66},"_spriteFrame":{"__uuid__":"a6xz2+mMVM5aM9zziSvhah"},"_type":1,"_sizeMode":0},{"__type__":"cc.Node","_name":"MarkSprite","_parent":{"__id__":2},"_children":[{"__id__":71}],"_level":2,"_components":[{"__type__":"cc.Sprite","node":{"__id__":70},"_spriteFrame":{"__uuid__":"a6xz2+mMVM5aM9zziSvhah"},"_type":1,"_sizeMode":0},{"__type__":"cc.Widget","node":{"__id__":70},"alignMode":2,"_alignFlags":41,"_left":45,"_right":45,"_top":0.755,"_isAbsTop":false,"_originalWidth":640},{"__type__":"cc.Layout","node":{"__id__":70},"_layoutSize":{"__type__":"cc.Size","width":660,"height":120},"_resize":1,"_N$layoutType":2,"_N$paddingTop":30,"_N$paddingBottom":30}],"_color":{"__type__":"cc.Color","r":245,"g":239,"b":226},"_contentSize":{"__type__":"cc.Size","width":660,"height":120},"_position":{"__type__":"cc.Vec3","y":-400.16999999999996},"_scale":{"__type__":"cc.Vec3","x":1,"y":1,"z":1}},{"__type__":"cc.Node","_name":"Label","_parent":{"__id__":70},"_level":3,"_components":[{"__id__":72},{"__type__":"cc.Widget","node":{"__id__":71},"alignMode":2,"_alignFlags":42,"_left":40,"_right":40,"_top":30,"_bottom":30,"_originalWidth":442,"_originalHeight":26}],"_color":{"__type__":"cc.Color","r":121,"g":121,"b":121},"_contentSize":{"__type__":"cc.Size","width":580,"height":60},"_scale":{"__type__":"cc.Vec3","x":1,"y":1,"z":1}},{"__type__":"cc.Label","node":{"__id__":71},"_srcBlendFactor":1,"_useOriginalSize":false,"_string":"酷爱背单词是一款集AI智能、真题例句、考频排序趣味性为一体的工具，专注四六级和考研。","_N$string":"酷爱背单词是一款集AI智能、真题例句、考频排序趣味性为一体的工具，专注四六级和考研。","_fontSize":26,"_lineHeight":30,"_N$verticalAlign":1,"_N$overflow":3},{"__type__":"cc.Node","_name":"ConfirmButton","_parent":{"__id__":2},"_children":[{"__id__":74}],"_level":2,"_components":[{"__type__":"cc.Sprite","node":{"__id__":73},"_spriteFrame":{"__uuid__":"4cG3Rpc7RHyYIkR1p3eHM2"},"_type":1,"_isTrimmedMode":false},{"__id__":75},{"__type__":"cc.Widget","node":{"__id__":73},"alignMode":2,"_alignFlags":42,"_left":65,"_right":65,"_top":1172,"_verticalCenter":-0.42,"_isAbsVerticalCenter":false,"_originalWidth":100}],"_contentSize":{"__type__":"cc.Size","width":620,"height":120},"_position":{"__type__":"cc.Vec3","y":-560.28},"_scale":{"__type__":"cc.Vec3","x":1,"y":1,"z":1}},{"__type__":"cc.Node","_name":"Label","_parent":{"__id__":73},"_components":[{"__type__":"cc.Label","node":{"__id__":74},"_srcBlendFactor":1,"_useOriginalSize":false,"_string":"我也试一试","_N$string":"我也试一试","_fontSize":36,"_lineHeight":36,"_enableWrapText":false,"_N$horizontalAlign":1,"_N$verticalAlign":1,"_N$overflow":1},{"__type__":"cc.Widget","node":{"__id__":74},"_alignFlags":45,"_originalWidth":100,"_originalHeight":100}],"_contentSize":{"__type__":"cc.Size","width":620,"height":120},"_scale":{"__type__":"cc.Vec3","x":1,"y":1,"z":1}},{"__type__":"cc.Button","node":{"__id__":73},"transition":3,"pressedColor":{"__type__":"cc.Color","r":255,"g":255,"b":255},"zoomScale":1.05,"clickEvents":[{"__type__":"cc.ClickEvent","target":{"__id__":2},"component":"EnterFromShare","handler":"confirmBtnClick","customEventData":"true"}],"_N$normalColor":{"__type__":"cc.Color","r":255,"g":255,"b":255},"_N$disabledColor":{"__type__":"cc.Color","r":255,"g":255,"b":255},"_N$normalSprite":{"__uuid__":"4cG3Rpc7RHyYIkR1p3eHM2"},"_N$pressedSprite":{"__uuid__":"e97GVMl6JHh5Ml5qEDdSGa"},"pressedSprite":{"__uuid__":"e97GVMl6JHh5Ml5qEDdSGa"},"_N$hoverSprite":{"__uuid__":"f0BIwQ8D5Ml7nTNQbh1YlS"},"hoverSprite":{"__uuid__":"f0BIwQ8D5Ml7nTNQbh1YlS"},"_N$disabledSprite":{"__uuid__":"29FYIk+N1GYaeWH/q1NxQO"},"_N$target":{"__id__":73}}],{"__type__":"cc.SpriteFrame","content":{"name":"default_btn_disabled","texture":"71VhFCTINJM6/Ky3oX9nBT","rect":[0,0,40,40],"offset":[0,0],"originalSize":[40,40],"capInsets":[12,12,12,12]}},{"__type__":"cc.SpriteFrame","content":{"name":"enter_share_commit","texture":"dcHGKzOf9JxJbMqyZWQv7z","rect":[0,0,620,120],"offset":[0,0],"originalSize":[620,120],"capInsets":[0,0,0,0]}},{"__type__":"cc.SpriteFrame","content":{"name":"rank_zan_enable","texture":"b2XNCSlOpPRZVYAsNfJ+pE","rect":[0,1,40,40],"offset":[-0.5,-0.5],"originalSize":[41,41],"capInsets":[0,0,0,0]}},{"__type__":"cc.SpriteFrame","content":{"name":"enter_share_unlock","texture":"e6ec3Y/iZLCoWcHptYqyG2","rect":[0,0,62,62],"offset":[0,0],"originalSize":[62,62],"capInsets":[0,0,0,0]}},{"__type__":"cc.SpriteFrame","content":{"name":"enter_share_bottom_bg","texture":"f0D0rVmwJCR5SLAAK4ZgJn","rect":[0,0,660,180],"offset":[0,0],"originalSize":[660,180],"capInsets":[35,35,35,35]}},{"__type__":"cc.SpriteFrame","content":{"name":"enter_share_top","texture":"455dLOc1pL2746lAT4wzL8","rect":[0,0,750,548],"offset":[0,0],"originalSize":[750,548],"capInsets":[0,0,0,70]}},{"__type__":"cc.SpriteFrame","content":{"name":"enter_share_Top_bg","texture":"99735YwzhPLJUB0ryba5vz","rect":[0,0,660,520],"offset":[0,0],"originalSize":[660,520],"capInsets":[35,35,35,35]}},{"__type__":"cc.SpriteFrame","content":{"name":"default_btn_pressed","texture":"b4P/PCArtIdIH38t6mlw8Y","rect":[0,0,40,40],"offset":[0,0],"originalSize":[40,40],"capInsets":[12,12,12,12]}},{"__type__":"cc.SpriteFrame","content":{"name":"default_btn_normal","texture":"e8Ueib+qJEhL6mXAHdnwbi","rect":[0,0,40,40],"offset":[0,0],"originalSize":[40,40],"capInsets":[12,12,12,12]}},{"__type__":"cc.SpriteFrame","content":{"name":"enter_share_zan","texture":"d2271R+fhH2qt+6S9nMB8+","rect":[0,0,140,140],"offset":[0,0],"originalSize":[140,140],"capInsets":[0,0,0,0]}}]