[{"__type__":"cc.LabelAtlas","_name":"CombatNum","spriteFrame":{"__uuid__":"c10jeIpVVPy5M733W9cvSj"},"fontSize":31.68,"_fntConfig":{"commonHeight":36,"fontSize":31,"atlasName":"progressnum","fontDefDictionary":{"48":{"rect":{"x":0,"y":0,"width":28,"height":36},"xOffset":0,"yOffset":0,"xAdvance":28},"49":{"rect":{"x":28,"y":0,"width":28,"height":36},"xOffset":0,"yOffset":0,"xAdvance":28},"50":{"rect":{"x":56,"y":0,"width":28,"height":36},"xOffset":0,"yOffset":0,"xAdvance":28},"51":{"rect":{"x":84,"y":0,"width":28,"height":36},"xOffset":0,"yOffset":0,"xAdvance":28},"52":{"rect":{"x":112,"y":0,"width":28,"height":36},"xOffset":0,"yOffset":0,"xAdvance":28},"53":{"rect":{"x":140,"y":0,"width":28,"height":36},"xOffset":0,"yOffset":0,"xAdvance":28},"54":{"rect":{"x":168,"y":0,"width":28,"height":36},"xOffset":0,"yOffset":0,"xAdvance":28},"55":{"rect":{"x":196,"y":0,"width":28,"height":36},"xOffset":0,"yOffset":0,"xAdvance":28},"56":{"rect":{"x":224,"y":0,"width":28,"height":36},"xOffset":0,"yOffset":0,"xAdvance":28},"57":{"rect":{"x":252,"y":0,"width":28,"height":36},"xOffset":0,"yOffset":0,"xAdvance":28}},"kerningDict":{}}},{"__type__":"cc.SpriteFrame","content":{"name":"progressnum","texture":"354PYcyHJJj4LijgbeLI+0","rect":[0,0,279,36],"offset":[-0.5,0],"originalSize":[280,36],"capInsets":[0,0,0,0]}}]