[[{"__type__":"cc.Prefab","_name":"Toast","data":{"__id__":1}},{"__type__":"cc.Node","_name":"Toast","_children":[{"__id__":2},{"__id__":4}],"_level":1,"_components":[{"__type__":"cc.Widget","node":{"__id__":1},"_alignFlags":45,"_originalWidth":750,"_originalHeight":1334},{"__type__":"cc.BlockInputEvents","node":{"__id__":1}}],"_prefab":{"__type__":"cc.PrefabInfo","root":{"__id__":1},"asset":{"__uuid__":"4bP/0rSxVNbr4OjPLM6/Rt"},"fileId":"f1cfgRQyBLL4IE9RhyzORQ"},"_contentSize":{"__type__":"cc.Size","width":750,"height":1334},"_position":{"__type__":"cc.Vec3","x":375,"y":667},"_scale":{"__type__":"cc.Vec3","x":1,"y":1,"z":1}},{"__type__":"cc.Node","_name":"Toastbg","_parent":{"__id__":1},"_children":[{"__id__":3}],"_level":3,"_components":[{"__type__":"cc.Sprite","node":{"__id__":2},"_spriteFrame":{"__uuid__":"b4B3emz/9GMZPTBoZtsOst"},"_type":1,"_sizeMode":0},{"__type__":"cc.Widget","node":{"__id__":2},"_alignFlags":41,"_left":105,"_right":105,"_top":0.40029985007496255,"_isAbsTop":false,"_originalWidth":147.87},{"__type__":"cc.Layout","node":{"__id__":2},"_layoutSize":{"__type__":"cc.Size","width":540,"height":150},"_N$layoutType":2,"_N$paddingTop":55,"_N$paddingBottom":55}],"_prefab":{"__type__":"cc.PrefabInfo","root":{"__id__":1},"asset":{"__uuid__":"4bP/0rSxVNbr4OjPLM6/Rt"},"fileId":"18SQcSUPBCSYTxPu92L4IJ"},"_opacity":200,"_color":{"__type__":"cc.Color"},"_contentSize":{"__type__":"cc.Size","width":540,"height":150},"_position":{"__type__":"cc.Vec3","y":58},"_scale":{"__type__":"cc.Vec3","x":1,"y":1,"z":1}},{"__type__":"cc.Node","_name":"toast","_parent":{"__id__":2},"_level":4,"_components":[{"__type__":"cc.Label","node":{"__id__":3},"_srcBlendFactor":1,"_useOriginalSize":false,"_fontSize":30,"_N$verticalAlign":1,"_N$overflow":3}],"_prefab":{"__type__":"cc.PrefabInfo","root":{"__id__":1},"asset":{"__uuid__":"4bP/0rSxVNbr4OjPLM6/Rt"},"fileId":"adqyUptM9O8Zw5Jc9ho0gb"},"_contentSize":{"__type__":"cc.Size","width":330,"height":40},"_position":{"__type__":"cc.Vec3","x":50},"_scale":{"__type__":"cc.Vec3","x":1,"y":1,"z":1}},{"__type__":"cc.Node","_name":"Icon","_parent":{"__id__":1},"_children":[{"__id__":5}],"_level":2,"_components":[{"__type__":"cc.Widget","node":{"__id__":4},"_alignFlags":1,"_top":0.40029985007496255,"_isAbsTop":false}],"_prefab":{"__type__":"cc.PrefabInfo","root":{"__id__":1},"asset":{"__uuid__":"4bP/0rSxVNbr4OjPLM6/Rt"},"fileId":"d1ymZ/49xFr6jvIx27bnul"},"_contentSize":{"__type__":"cc.Size","width":540,"height":150},"_position":{"__type__":"cc.Vec3","y":58},"_scale":{"__type__":"cc.Vec3","x":1,"y":1,"z":1}},{"__type__":"cc.Node","_name":"Iconbg","_parent":{"__id__":4},"_level":3,"_components":[{"__type__":"cc.Sprite","node":{"__id__":5},"_spriteFrame":{"__uuid__":"b1uNv+3ipBzafk9Z9Vb3of"},"_sizeMode":2},{"__type__":"cc.Widget","node":{"__id__":5},"_alignFlags":2}],"_prefab":{"__type__":"cc.PrefabInfo","root":{"__id__":1},"asset":{"__uuid__":"4bP/0rSxVNbr4OjPLM6/Rt"},"fileId":"ed5hgxdf1OCJWPw4UY4z1W"},"_contentSize":{"__type__":"cc.Size","width":70,"height":70},"_position":{"__type__":"cc.Vec3","x":-193},"_scale":{"__type__":"cc.Vec3","x":1,"y":1,"z":1}}],{"__type__":"cc.SpriteFrame","content":{"name":"toasticon","texture":"b9tnTrIahFD7SKhLU4vvVv","rect":[0,0,70,70],"offset":[0,0],"originalSize":[70,70],"capInsets":[0,0,0,0]}},{"__type__":"cc.SpriteFrame","content":{"name":"toastbg","texture":"4fD8o/YapOi771juZvOO1j","rect":[0,0,540,140],"offset":[0,0],"originalSize":[540,140],"capInsets":[20,21,24,21]}}]