[[{"__type__":"cc.SceneAsset","_name":"MoneyIO","scene":{"__id__":1},"asyncLoadAssets":null},{"__type__":"cc.Scene","_name":"New Node","_children":[{"__id__":2}],"_anchorPoint":{"__type__":"cc.Vec2"},"_scale":{"__type__":"cc.Vec3","x":0.4362818590704648,"y":0.4362818590704648,"z":1},"autoReleaseAssets":false},{"__type__":"cc.Node","_name":"Canvas","_parent":{"__id__":1},"_children":[{"__id__":3},{"__id__":4},{"__id__":6},{"__id__":7},{"__id__":10}],"_level":1,"_components":[{"__type__":"cc.Canvas","node":{"__id__":2},"_designResolution":{"__type__":"cc.Size","width":750,"height":1334}},{"__type__":"22946grA7hGG6RKjH1I+Hsn","node":{"__id__":2},"moneyScrollList":{"__id__":13},"itemPrefab":{"__uuid__":"0eqeUrW4JObLT2oi5NOLZO"},"emptyPrefab":{"__uuid__":"8afTPOvytCnZBVTRsqFax/"}}],"_color":{"__type__":"cc.Color","r":254,"g":249,"b":238},"_contentSize":{"__type__":"cc.Size","width":750,"height":1334},"_position":{"__type__":"cc.Vec3","x":375,"y":667},"_scale":{"__type__":"cc.Vec3","x":1,"y":1,"z":1},"_id":"ccuOAp/O5LiIL0ddQmoDaq"},{"__type__":"cc.Node","_name":"Main Camera","_parent":{"__id__":2},"_level":2,"_components":[{"__type__":"cc.Camera","node":{"__id__":3},"_clearFlags":7,"_backgroundColor":{"__type__":"cc.Color","r":254,"g":249,"b":238},"_depth":-1}],"_color":{"__type__":"cc.Color","r":254,"g":249,"b":238},"_scale":{"__type__":"cc.Vec3","x":1,"y":1,"z":1}},{"__type__":"cc.Node","_name":"BackBtn","_parent":{"__id__":2},"_children":[{"__id__":5}],"_level":2,"_components":[{"__type__":"cc.Button","node":{"__id__":4},"pressedColor":{"__type__":"cc.Color","r":255,"g":255,"b":255},"clickEvents":[{"__type__":"cc.ClickEvent","target":{"__id__":2},"component":"MoneyIO","handler":"backBtnClick","customEventData":"true"}],"_N$normalColor":{"__type__":"cc.Color","r":255,"g":255,"b":255},"_N$disabledColor":{"__type__":"cc.Color","r":255,"g":255,"b":255},"_N$pressedSprite":{"__uuid__":"e97GVMl6JHh5Ml5qEDdSGa"},"pressedSprite":{"__uuid__":"e97GVMl6JHh5Ml5qEDdSGa"},"_N$hoverSprite":{"__uuid__":"f0BIwQ8D5Ml7nTNQbh1YlS"},"hoverSprite":{"__uuid__":"f0BIwQ8D5Ml7nTNQbh1YlS"},"_N$disabledSprite":{"__uuid__":"29FYIk+N1GYaeWH/q1NxQO"},"_N$target":{"__id__":4}},{"__type__":"cc.Widget","node":{"__id__":4},"alignMode":2,"_alignFlags":9,"_left":20,"_top":55}],"_contentSize":{"__type__":"cc.Size","width":50,"height":50},"_position":{"__type__":"cc.Vec3","x":-330,"y":587},"_scale":{"__type__":"cc.Vec3","x":1,"y":1,"z":1}},{"__type__":"cc.Node","_name":"Sprite","_parent":{"__id__":4},"_level":3,"_components":[{"__type__":"cc.Sprite","node":{"__id__":5},"_spriteFrame":{"__uuid__":"83jl2tL11O4KOcaqrDgUjB"}},{"__type__":"cc.Widget","node":{"__id__":5},"alignMode":2,"_alignFlags":18}],"_contentSize":{"__type__":"cc.Size","width":20,"height":34},"_scale":{"__type__":"cc.Vec3","x":1,"y":1,"z":1}},{"__type__":"cc.Node","_name":"TitleLabel","_parent":{"__id__":2},"_level":2,"_components":[{"__type__":"cc.Label","node":{"__id__":6},"_srcBlendFactor":1,"_useOriginalSize":false,"_string":"收支明细","_N$string":"收支明细","_fontSize":38,"_lineHeight":38,"_N$horizontalAlign":1,"_N$verticalAlign":1},{"__type__":"cc.Widget","node":{"__id__":6},"alignMode":2,"_alignFlags":17,"_top":62}],"_color":{"__type__":"cc.Color"},"_contentSize":{"__type__":"cc.Size","width":152,"height":38},"_position":{"__type__":"cc.Vec3","y":586},"_scale":{"__type__":"cc.Vec3","x":1,"y":1,"z":1}},{"__type__":"cc.Node","_name":"MarkLabel","_parent":{"__id__":2},"_children":[{"__id__":8},{"__id__":9}],"_level":2,"_components":[{"__type__":"cc.Label","node":{"__id__":7},"_srcBlendFactor":1,"_useOriginalSize":false,"_string":"0","_N$string":"0","_fontSize":36,"_lineHeight":36,"_N$horizontalAlign":1,"_N$verticalAlign":1},{"__type__":"cc.Widget","node":{"__id__":7},"alignMode":2,"_alignFlags":33,"_right":79,"_top":150}],"_color":{"__type__":"cc.Color","r":253,"g":109,"b":39},"_contentSize":{"__type__":"cc.Size","width":20.02,"height":36},"_position":{"__type__":"cc.Vec3","x":285.99,"y":499},"_scale":{"__type__":"cc.Vec3","x":1,"y":1,"z":1}},{"__type__":"cc.Node","_name":"Label","_parent":{"__id__":7},"_level":3,"_components":[{"__type__":"cc.Label","node":{"__id__":8},"_srcBlendFactor":1,"_useOriginalSize":false,"_string":"剩余橙币：","_N$string":"剩余橙币：","_fontSize":24,"_lineHeight":24,"_N$horizontalAlign":1,"_N$verticalAlign":1},{"__type__":"cc.Widget","node":{"__id__":8},"_alignFlags":10,"_left":-128}],"_color":{"__type__":"cc.Color","r":74,"g":74,"b":74},"_contentSize":{"__type__":"cc.Size","width":120,"height":24},"_position":{"__type__":"cc.Vec3","x":-78.00999999999999},"_scale":{"__type__":"cc.Vec3","x":1,"y":1,"z":1}},{"__type__":"cc.Node","_name":"Sprite","_parent":{"__id__":7},"_level":4,"_components":[{"__type__":"cc.Sprite","node":{"__id__":9},"_spriteFrame":{"__uuid__":"8ezS0rzZ1BmbyPZn11+Q7S"},"_sizeMode":0},{"__type__":"cc.Widget","node":{"__id__":9},"_alignFlags":34,"_right":-46}],"_contentSize":{"__type__":"cc.Size","width":40,"height":40},"_position":{"__type__":"cc.Vec3","x":36.01},"_scale":{"__type__":"cc.Vec3","x":1,"y":1,"z":1}},{"__type__":"cc.Node","_name":"MoneyScrollView","_parent":{"__id__":2},"_children":[{"__id__":11}],"_level":2,"_components":[{"__type__":"cc.Sprite","node":{"__id__":10},"_spriteFrame":{"__uuid__":"9bvaMerUlDyary99mJa6xp"},"_type":1,"_sizeMode":0},{"__id__":13},{"__type__":"cc.Widget","node":{"__id__":10},"alignMode":2,"_alignFlags":45,"_top":200,"_originalWidth":240,"_originalHeight":250}],"_color":{"__type__":"cc.Color","r":254,"g":249,"b":238},"_contentSize":{"__type__":"cc.Size","width":750,"height":1134},"_position":{"__type__":"cc.Vec3","y":-100},"_scale":{"__type__":"cc.Vec3","x":1,"y":1,"z":1}},{"__type__":"cc.Node","_name":"view","_parent":{"__id__":10},"_children":[{"__id__":12}],"_components":[{"__type__":"cc.Mask","node":{"__id__":11}},{"__type__":"cc.Widget","node":{"__id__":11},"alignMode":2,"_alignFlags":45,"_originalWidth":240,"_originalHeight":250}],"_color":{"__type__":"cc.Color","r":254,"g":249,"b":238},"_contentSize":{"__type__":"cc.Size","width":750,"height":1134},"_scale":{"__type__":"cc.Vec3","x":1,"y":1,"z":1}},{"__type__":"cc.Node","_name":"content","_parent":{"__id__":11},"_components":[{"__type__":"cc.Widget","node":{"__id__":12},"alignMode":2,"_alignFlags":40,"_originalWidth":220},{"__type__":"cc.Layout","node":{"__id__":12},"_resize":1,"_N$layoutType":2,"_N$paddingTop":15,"_N$paddingBottom":15}],"_color":{"__type__":"cc.Color","r":254,"g":249,"b":238},"_contentSize":{"__type__":"cc.Size","width":750,"height":400},"_anchorPoint":{"__type__":"cc.Vec2","x":0.5,"y":1},"_position":{"__type__":"cc.Vec3","y":115.31},"_scale":{"__type__":"cc.Vec3","x":1,"y":1,"z":1}},{"__type__":"cc.ScrollView","node":{"__id__":10},"horizontal":false,"brake":0.75,"elastic":false,"bounceDuration":0.23,"_N$content":{"__id__":12},"content":{"__id__":12},"_N$horizontalScrollBar":null,"_N$verticalScrollBar":null}],[{"__type__":"cc.Prefab","_name":"MoneyListItem","data":{"__id__":1}},{"__type__":"cc.Node","_name":"MoneyListItem","_children":[{"__id__":2}],"_level":1,"_components":[{"__type__":"cc.Widget","node":{"__id__":1},"alignMode":2,"_alignFlags":40},{"__type__":"ff7d5d4NSpJ4qDlSgkjn3zV","node":{"__id__":1},"titleLabel":{"__id__":4},"timeLabel":{"__id__":6},"moneyLabel":{"__id__":9}},{"__type__":"cc.Button","node":{"__id__":1},"clickEvents":[{"__type__":"cc.ClickEvent","target":{"__id__":1},"component":"MoneyListItem","handler":"ItemClick","customEventData":"true"}],"_N$target":{"__id__":1}}],"_prefab":{"__type__":"cc.PrefabInfo","root":{"__id__":1},"asset":{"__uuid__":"0eqeUrW4JObLT2oi5NOLZO"},"fileId":"92kvBOV0pIPb63q1W9JEF1"},"_color":{"__type__":"cc.Color","r":254,"g":249,"b":238},"_contentSize":{"__type__":"cc.Size","width":750,"height":180},"_scale":{"__type__":"cc.Vec3","x":1,"y":1,"z":1}},{"__type__":"cc.Node","_name":"Bg","_parent":{"__id__":1},"_children":[{"__id__":3},{"__id__":5},{"__id__":7}],"_level":3,"_components":[{"__type__":"cc.Sprite","node":{"__id__":2},"_spriteFrame":{"__uuid__":"4dQkaUELBAMZkClxpRLoZE"},"_type":1},{"__type__":"cc.Widget","node":{"__id__":2},"alignMode":2,"_alignFlags":45,"_left":20,"_right":20,"_top":5,"_bottom":5,"_originalWidth":40,"_originalHeight":36}],"_prefab":{"__type__":"cc.PrefabInfo","root":{"__id__":1},"asset":{"__uuid__":"0eqeUrW4JObLT2oi5NOLZO"},"fileId":"4fO2NF+/9LyYCb6Wj8sZGd"},"_color":{"__type__":"cc.Color","r":254,"g":249,"b":238},"_contentSize":{"__type__":"cc.Size","width":710,"height":170},"_scale":{"__type__":"cc.Vec3","x":1,"y":1,"z":1}},{"__type__":"cc.Node","_name":"TitleLabel","_parent":{"__id__":2},"_level":4,"_components":[{"__id__":4},{"__type__":"cc.Widget","node":{"__id__":3},"alignMode":2,"_alignFlags":41,"_left":45,"_right":160,"_top":38,"_originalWidth":60}],"_prefab":{"__type__":"cc.PrefabInfo","root":{"__id__":1},"asset":{"__uuid__":"0eqeUrW4JObLT2oi5NOLZO"},"fileId":"b6CuWoMU1EpohG76G+3Eic"},"_color":{"__type__":"cc.Color"},"_contentSize":{"__type__":"cc.Size","width":505,"height":30},"_position":{"__type__":"cc.Vec3","x":-57.5,"y":32},"_scale":{"__type__":"cc.Vec3","x":1,"y":1,"z":1}},{"__type__":"cc.Label","node":{"__id__":3},"_srcBlendFactor":1,"_useOriginalSize":false,"_string":"标题","_N$string":"标题","_fontSize":30,"_lineHeight":30,"_N$verticalAlign":1,"_N$overflow":2},{"__type__":"cc.Node","_name":"TimeLabel","_parent":{"__id__":2},"_level":4,"_components":[{"__id__":6},{"__type__":"cc.Widget","node":{"__id__":5},"alignMode":2,"_alignFlags":12,"_left":45,"_bottom":43}],"_prefab":{"__type__":"cc.PrefabInfo","root":{"__id__":1},"asset":{"__uuid__":"0eqeUrW4JObLT2oi5NOLZO"},"fileId":"e7JN14bSFEA5PBKe+V1XFr"},"_color":{"__type__":"cc.Color","r":164,"g":164,"b":164},"_contentSize":{"__type__":"cc.Size","width":190.65,"height":24},"_position":{"__type__":"cc.Vec3","x":-214.675,"y":-30},"_scale":{"__type__":"cc.Vec3","x":1,"y":1,"z":1}},{"__type__":"cc.Label","node":{"__id__":5},"_srcBlendFactor":1,"_useOriginalSize":false,"_string":"xxxx-xx-xx xx：xx","_N$string":"xxxx-xx-xx xx：xx","_fontSize":24,"_lineHeight":24,"_N$horizontalAlign":1,"_N$verticalAlign":1},{"__type__":"cc.Node","_name":"MarkLabel","_parent":{"__id__":2},"_children":[{"__id__":8}],"_level":4,"_components":[{"__id__":9},{"__type__":"cc.Widget","node":{"__id__":7},"alignMode":2,"_alignFlags":34,"_right":95,"_top":150}],"_prefab":{"__type__":"cc.PrefabInfo","root":{"__id__":1},"asset":{"__uuid__":"0eqeUrW4JObLT2oi5NOLZO"},"fileId":"e589m479VNK7N3KkOXIwNx"},"_color":{"__type__":"cc.Color","r":253,"g":109,"b":39},"_contentSize":{"__type__":"cc.Size","width":41.04,"height":35},"_position":{"__type__":"cc.Vec3","x":239.48},"_scale":{"__type__":"cc.Vec3","x":1,"y":1,"z":1}},{"__type__":"cc.Node","_name":"Sprite","_parent":{"__id__":7},"_level":4,"_components":[{"__type__":"cc.Sprite","node":{"__id__":8},"_spriteFrame":{"__uuid__":"8ezS0rzZ1BmbyPZn11+Q7S"},"_sizeMode":0},{"__type__":"cc.Widget","node":{"__id__":8},"_alignFlags":34,"_right":-52}],"_prefab":{"__type__":"cc.PrefabInfo","root":{"__id__":1},"asset":{"__uuid__":"0eqeUrW4JObLT2oi5NOLZO"},"fileId":"34hiclgnlClYyCxgraJ0Ur"},"_contentSize":{"__type__":"cc.Size","width":40,"height":40},"_position":{"__type__":"cc.Vec3","x":52.519999999999996},"_scale":{"__type__":"cc.Vec3","x":1,"y":1,"z":1}},{"__type__":"cc.Label","node":{"__id__":7},"_srcBlendFactor":1,"_useOriginalSize":false,"_string":"+0","_N$string":"+0","_fontSize":36,"_lineHeight":35,"_N$horizontalAlign":1,"_N$verticalAlign":1}],{"__type__":"cc.SpriteFrame","content":{"name":"default_btn_disabled","texture":"71VhFCTINJM6/Ky3oX9nBT","rect":[0,0,40,40],"offset":[0,0],"originalSize":[40,40],"capInsets":[12,12,12,12]}},{"__type__":"cc.SpriteFrame","content":{"name":"money_list_bg","texture":"26mRf3nZ5FDZrVQp+maJcE","rect":[0,0,710,170],"offset":[0,0],"originalSize":[710,170],"capInsets":[30,25,25,30]}},{"__type__":"cc.SpriteFrame","content":{"name":"back","texture":"0crVq4CiFGKJ6Q4VG57SZ9","rect":[0,0,20,34],"offset":[0,0],"originalSize":[20,34],"capInsets":[0,0,0,0]}},{"__type__":"cc.SpriteFrame","content":{"name":"money","texture":"5bqAvkm1pE3IC/+SDfQwsg","rect":[0,0,40,41],"offset":[0,0],"originalSize":[40,41],"capInsets":[0,0,0,0]}},{"__type__":"cc.SpriteFrame","content":{"name":"default_panel","texture":"d8HsitJHxOYqo801xBk8ev","rect":[0,0,20,20],"offset":[0,0],"originalSize":[20,20],"capInsets":[6,6,6,6]}},{"__type__":"cc.SpriteFrame","content":{"name":"default_btn_pressed","texture":"b4P/PCArtIdIH38t6mlw8Y","rect":[0,0,40,40],"offset":[0,0],"originalSize":[40,40],"capInsets":[12,12,12,12]}},{"__type__":"cc.SpriteFrame","content":{"name":"default_btn_normal","texture":"e8Ueib+qJEhL6mXAHdnwbi","rect":[0,0,40,40],"offset":[0,0],"originalSize":[40,40],"capInsets":[12,12,12,12]}}]