[{"__type__":"cc.SpriteFrame","content":{"name":"line","texture":"6dd/haCfBPnoHoBV+Hzz2K","rect":[0,29,60,2],"offset":[0,0],"originalSize":[60,60],"capInsets":[0,0,0,0]}},{"__type__":"cc.SpriteFrame","content":{"name":"default_btn_disabled","texture":"71VhFCTINJM6/Ky3oX9nBT","rect":[0,0,40,40],"offset":[0,0],"originalSize":[40,40],"capInsets":[12,12,12,12]}},[{"__type__":"cc.Prefab","_name":"ExpressListItem","data":{"__id__":1}},{"__type__":"cc.Node","_name":"ExpressListItem","_children":[{"__id__":2}],"_level":1,"_components":[{"__type__":"cc.Widget","node":{"__id__":1},"alignMode":2,"_alignFlags":40,"_bottom":667},{"__type__":"b1aabkQzkVFH5X8Nm4e7kxu","node":{"__id__":1},"nameLabel":{"__id__":4},"phoneLabel":{"__id__":6},"addressLabel":{"__id__":8},"markLabel":{"__id__":10},"editBtn":{"__id__":14}},{"__type__":"cc.Button","node":{"__id__":1},"clickEvents":[{"__type__":"cc.ClickEvent","target":{"__id__":1},"component":"ExpressListItem","handler":"itemClick","customEventData":"true"}],"_N$target":{"__id__":1}}],"_prefab":{"__type__":"cc.PrefabInfo","root":{"__id__":1},"asset":{"__uuid__":"36FpJhyENA1JKqJ+DxZAIJ"},"fileId":"554glgk4NIPq6IFyX2C8Ko"},"_color":{"__type__":"cc.Color","r":254,"g":249,"b":238},"_contentSize":{"__type__":"cc.Size","width":750,"height":180},"_position":{"__type__":"cc.Vec3","x":375},"_scale":{"__type__":"cc.Vec3","x":1,"y":1,"z":1}},{"__type__":"cc.Node","_name":"Bg","_parent":{"__id__":1},"_children":[{"__id__":3},{"__id__":5},{"__id__":7},{"__id__":9},{"__id__":11}],"_level":3,"_components":[{"__type__":"cc.Sprite","node":{"__id__":2},"_spriteFrame":{"__uuid__":"4dQkaUELBAMZkClxpRLoZE"},"_type":1,"_sizeMode":0},{"__type__":"cc.Widget","node":{"__id__":2},"alignMode":2,"_alignFlags":45,"_left":20,"_right":20,"_top":5,"_bottom":5,"_originalWidth":710,"_originalHeight":170}],"_prefab":{"__type__":"cc.PrefabInfo","root":{"__id__":1},"asset":{"__uuid__":"36FpJhyENA1JKqJ+DxZAIJ"},"fileId":"0co+HzjOxLDY/lFWAO5kfB"},"_contentSize":{"__type__":"cc.Size","width":710,"height":170},"_scale":{"__type__":"cc.Vec3","x":1,"y":1,"z":1}},{"__type__":"cc.Node","_name":"NameLabel","_parent":{"__id__":2},"_level":4,"_components":[{"__id__":4},{"__type__":"cc.Widget","node":{"__id__":3},"alignMode":2,"_alignFlags":9,"_left":45,"_top":38}],"_prefab":{"__type__":"cc.PrefabInfo","root":{"__id__":1},"asset":{"__uuid__":"36FpJhyENA1JKqJ+DxZAIJ"},"fileId":"d9V2uQqFpPTKncpOxZ/PmH"},"_color":{"__type__":"cc.Color"},"_contentSize":{"__type__":"cc.Size","width":60,"height":30},"_position":{"__type__":"cc.Vec3","x":-280,"y":32},"_scale":{"__type__":"cc.Vec3","x":1,"y":1,"z":1}},{"__type__":"cc.Label","node":{"__id__":3},"_srcBlendFactor":1,"_useOriginalSize":false,"_string":"姓名","_N$string":"姓名","_fontSize":30,"_lineHeight":30,"_N$verticalAlign":1},{"__type__":"cc.Node","_name":"PhoneLabel","_parent":{"__id__":2},"_level":4,"_components":[{"__id__":6},{"__type__":"cc.Widget","node":{"__id__":5},"_alignFlags":41,"_left":160,"_right":45,"_top":38,"_originalWidth":146.82}],"_prefab":{"__type__":"cc.PrefabInfo","root":{"__id__":1},"asset":{"__uuid__":"36FpJhyENA1JKqJ+DxZAIJ"},"fileId":"bcnxoFcTdBSLdyhsQGiR1w"},"_color":{"__type__":"cc.Color"},"_contentSize":{"__type__":"cc.Size","width":505,"height":30},"_position":{"__type__":"cc.Vec3","x":57.5,"y":32},"_scale":{"__type__":"cc.Vec3","x":1,"y":1,"z":1}},{"__type__":"cc.Label","node":{"__id__":5},"_srcBlendFactor":1,"_useOriginalSize":false,"_string":"18888888888","_N$string":"18888888888","_fontSize":30,"_lineHeight":30,"_enableWrapText":false,"_N$verticalAlign":1,"_N$overflow":2},{"__type__":"cc.Node","_name":"AddressLabel","_parent":{"__id__":2},"_level":4,"_components":[{"__id__":8},{"__type__":"cc.Widget","node":{"__id__":7},"alignMode":2,"_alignFlags":44,"_left":45,"_right":200,"_bottom":41,"_originalWidth":48}],"_prefab":{"__type__":"cc.PrefabInfo","root":{"__id__":1},"asset":{"__uuid__":"36FpJhyENA1JKqJ+DxZAIJ"},"fileId":"7aENKd0HFFLYGVa2rLf9lJ"},"_color":{"__type__":"cc.Color","r":164,"g":164,"b":164},"_contentSize":{"__type__":"cc.Size","width":465,"height":24},"_position":{"__type__":"cc.Vec3","x":-77.5,"y":-32},"_scale":{"__type__":"cc.Vec3","x":1,"y":1,"z":1}},{"__type__":"cc.Label","node":{"__id__":7},"_srcBlendFactor":1,"_useOriginalSize":false,"_string":"地址","_N$string":"地址","_fontSize":24,"_lineHeight":24,"_enableWrapText":false,"_N$verticalAlign":1,"_N$overflow":2},{"__type__":"cc.Node","_name":"MarkLabel","_parent":{"__id__":2},"_active":false,"_level":4,"_components":[{"__id__":10},{"__type__":"cc.Widget","node":{"__id__":9},"alignMode":2,"_alignFlags":33,"_right":39,"_top":43}],"_prefab":{"__type__":"cc.PrefabInfo","root":{"__id__":1},"asset":{"__uuid__":"36FpJhyENA1JKqJ+DxZAIJ"},"fileId":"b9yszvM1hI7b+QxdmSigTX"},"_color":{"__type__":"cc.Color","r":253,"g":109,"b":39},"_contentSize":{"__type__":"cc.Size","width":96,"height":24},"_position":{"__type__":"cc.Vec3","x":268,"y":30},"_scale":{"__type__":"cc.Vec3","x":1,"y":1,"z":1}},{"__type__":"cc.Label","node":{"__id__":9},"_srcBlendFactor":1,"_useOriginalSize":false,"_string":"默认地址","_N$string":"默认地址","_fontSize":24,"_lineHeight":24,"_N$horizontalAlign":1,"_N$verticalAlign":1},{"__type__":"cc.Node","_name":"EditButton","_parent":{"__id__":2},"_children":[{"__id__":12},{"__id__":13}],"_level":4,"_components":[{"__id__":14},{"__type__":"cc.Widget","node":{"__id__":11},"alignMode":2,"_alignFlags":36,"_right":39,"_bottom":36}],"_prefab":{"__type__":"cc.PrefabInfo","root":{"__id__":1},"asset":{"__uuid__":"36FpJhyENA1JKqJ+DxZAIJ"},"fileId":"90RoMlXQ9OIaWpaNgkRQ80"},"_contentSize":{"__type__":"cc.Size","width":60,"height":40},"_position":{"__type__":"cc.Vec3","x":286,"y":-29},"_scale":{"__type__":"cc.Vec3","x":1,"y":1,"z":1}},{"__type__":"cc.Node","_name":"Label","_parent":{"__id__":11},"_components":[{"__type__":"cc.Label","node":{"__id__":12},"_srcBlendFactor":1,"_useOriginalSize":false,"_string":"修改","_N$string":"修改","_fontSize":24,"_lineHeight":24,"_enableWrapText":false,"_N$horizontalAlign":1,"_N$verticalAlign":1,"_N$overflow":1},{"__type__":"cc.Widget","node":{"__id__":12},"alignMode":2,"_alignFlags":45,"_originalWidth":100,"_originalHeight":40}],"_prefab":{"__type__":"cc.PrefabInfo","root":{"__id__":1},"asset":{"__uuid__":"36FpJhyENA1JKqJ+DxZAIJ"},"fileId":"8fG1f3QAhNvZtr0rxLJgS/"},"_color":{"__type__":"cc.Color","r":164,"g":164,"b":164},"_contentSize":{"__type__":"cc.Size","width":60,"height":40},"_scale":{"__type__":"cc.Vec3","x":1,"y":1,"z":1}},{"__type__":"cc.Node","_name":"Line","_parent":{"__id__":11},"_level":5,"_components":[{"__type__":"cc.Sprite","node":{"__id__":13},"_srcBlendFactor":1,"_spriteFrame":{"__uuid__":"02VHI1EG9OErub7VllKUNz"},"_type":1,"_sizeMode":0},{"__type__":"cc.Widget","node":{"__id__":13},"alignMode":2,"_alignFlags":44,"_left":8,"_right":8,"_bottom":5,"_originalWidth":40}],"_prefab":{"__type__":"cc.PrefabInfo","root":{"__id__":1},"asset":{"__uuid__":"36FpJhyENA1JKqJ+DxZAIJ"},"fileId":"d8hpylgztOo6tBt0YuFfph"},"_opacity":180,"_contentSize":{"__type__":"cc.Size","width":44,"height":1},"_position":{"__type__":"cc.Vec3","y":-14.5},"_scale":{"__type__":"cc.Vec3","x":1,"y":1,"z":1}},{"__type__":"cc.Button","node":{"__id__":11},"pressedColor":{"__type__":"cc.Color","r":255,"g":255,"b":255},"clickEvents":[{"__type__":"cc.ClickEvent","target":{"__id__":1},"component":"ExpressListItem","handler":"editBtnClick","customEventData":"true"}],"_N$normalColor":{"__type__":"cc.Color","r":255,"g":255,"b":255},"_N$disabledColor":{"__type__":"cc.Color","r":255,"g":255,"b":255},"_N$normalSprite":{"__uuid__":"f0BIwQ8D5Ml7nTNQbh1YlS"},"_N$pressedSprite":{"__uuid__":"e97GVMl6JHh5Ml5qEDdSGa"},"pressedSprite":{"__uuid__":"e97GVMl6JHh5Ml5qEDdSGa"},"_N$hoverSprite":{"__uuid__":"f0BIwQ8D5Ml7nTNQbh1YlS"},"hoverSprite":{"__uuid__":"f0BIwQ8D5Ml7nTNQbh1YlS"},"_N$disabledSprite":{"__uuid__":"29FYIk+N1GYaeWH/q1NxQO"},"_N$target":{"__id__":11}}],{"__type__":"cc.SpriteFrame","content":{"name":"money_list_bg","texture":"26mRf3nZ5FDZrVQp+maJcE","rect":[0,0,710,170],"offset":[0,0],"originalSize":[710,170],"capInsets":[30,25,25,30]}},[{"__type__":"cc.SceneAsset","_name":"ExpressAddress","scene":{"__id__":1},"asyncLoadAssets":null},{"__type__":"cc.Scene","_name":"New Node","_children":[{"__id__":2}],"_anchorPoint":{"__type__":"cc.Vec2"},"_scale":{"__type__":"cc.Vec3","x":0.4362818590704648,"y":0.4362818590704648,"z":1},"autoReleaseAssets":false},{"__type__":"cc.Node","_name":"Canvas","_parent":{"__id__":1},"_children":[{"__id__":3},{"__id__":4},{"__id__":6},{"__id__":7},{"__id__":11}],"_level":1,"_components":[{"__type__":"cc.Canvas","node":{"__id__":2},"_designResolution":{"__type__":"cc.Size","width":750,"height":1334}},{"__type__":"a74a0JE8jtFi6miR+iX53Pu","node":{"__id__":2},"scrollView":{"__id__":10},"itemPrefab":{"__uuid__":"36FpJhyENA1JKqJ+DxZAIJ"},"emptyPrefab":{"__uuid__":"8afTPOvytCnZBVTRsqFax/"}}],"_color":{"__type__":"cc.Color","r":254,"g":249,"b":238},"_contentSize":{"__type__":"cc.Size","width":750,"height":1334},"_position":{"__type__":"cc.Vec3","x":375,"y":667},"_scale":{"__type__":"cc.Vec3","x":1,"y":1,"z":1},"_id":"54W70WJsxBEZEDD+k7u/e/"},{"__type__":"cc.Node","_name":"Main Camera","_parent":{"__id__":2},"_level":2,"_components":[{"__type__":"cc.Camera","node":{"__id__":3},"_clearFlags":7,"_backgroundColor":{"__type__":"cc.Color","r":254,"g":249,"b":238},"_depth":-1}],"_color":{"__type__":"cc.Color","r":254,"g":249,"b":238},"_scale":{"__type__":"cc.Vec3","x":1,"y":1,"z":1}},{"__type__":"cc.Node","_name":"BackBtn","_parent":{"__id__":2},"_children":[{"__id__":5}],"_level":2,"_components":[{"__type__":"cc.Button","node":{"__id__":4},"pressedColor":{"__type__":"cc.Color","r":255,"g":255,"b":255},"clickEvents":[{"__type__":"cc.ClickEvent","target":{"__id__":2},"component":"ExpressAddress","handler":"backBtnClick","customEventData":"true"}],"_N$normalColor":{"__type__":"cc.Color","r":255,"g":255,"b":255},"_N$disabledColor":{"__type__":"cc.Color","r":255,"g":255,"b":255},"_N$pressedSprite":{"__uuid__":"e97GVMl6JHh5Ml5qEDdSGa"},"pressedSprite":{"__uuid__":"e97GVMl6JHh5Ml5qEDdSGa"},"_N$hoverSprite":{"__uuid__":"f0BIwQ8D5Ml7nTNQbh1YlS"},"hoverSprite":{"__uuid__":"f0BIwQ8D5Ml7nTNQbh1YlS"},"_N$disabledSprite":{"__uuid__":"29FYIk+N1GYaeWH/q1NxQO"},"_N$target":{"__id__":4}},{"__type__":"cc.Widget","node":{"__id__":4},"alignMode":2,"_alignFlags":9,"_left":20,"_top":55}],"_contentSize":{"__type__":"cc.Size","width":50,"height":50},"_position":{"__type__":"cc.Vec3","x":-330,"y":587},"_scale":{"__type__":"cc.Vec3","x":1,"y":1,"z":1}},{"__type__":"cc.Node","_name":"Sprite","_parent":{"__id__":4},"_level":3,"_components":[{"__type__":"cc.Sprite","node":{"__id__":5},"_spriteFrame":{"__uuid__":"83jl2tL11O4KOcaqrDgUjB"}},{"__type__":"cc.Widget","node":{"__id__":5},"alignMode":2,"_alignFlags":18}],"_contentSize":{"__type__":"cc.Size","width":20,"height":34},"_scale":{"__type__":"cc.Vec3","x":1,"y":1,"z":1}},{"__type__":"cc.Node","_name":"TitleLabel","_parent":{"__id__":2},"_level":2,"_components":[{"__type__":"cc.Label","node":{"__id__":6},"_srcBlendFactor":1,"_useOriginalSize":false,"_string":"快递地址","_N$string":"快递地址","_fontSize":38,"_lineHeight":38,"_N$horizontalAlign":1,"_N$verticalAlign":1},{"__type__":"cc.Widget","node":{"__id__":6},"alignMode":2,"_alignFlags":17,"_top":62}],"_color":{"__type__":"cc.Color"},"_contentSize":{"__type__":"cc.Size","width":152,"height":38},"_position":{"__type__":"cc.Vec3","y":586},"_scale":{"__type__":"cc.Vec3","x":1,"y":1,"z":1}},{"__type__":"cc.Node","_name":"ScrollView","_parent":{"__id__":2},"_children":[{"__id__":8}],"_level":2,"_components":[{"__type__":"cc.Sprite","node":{"__id__":7},"_spriteFrame":{"__uuid__":"9bvaMerUlDyary99mJa6xp"},"_type":1,"_sizeMode":0},{"__id__":10},{"__type__":"cc.Widget","node":{"__id__":7},"alignMode":2,"_alignFlags":45,"_top":138,"_bottom":293,"_originalWidth":240,"_originalHeight":250}],"_color":{"__type__":"cc.Color","r":254,"g":249,"b":238},"_contentSize":{"__type__":"cc.Size","width":750,"height":903},"_position":{"__type__":"cc.Vec3","y":77.5},"_scale":{"__type__":"cc.Vec3","x":1,"y":1,"z":1}},{"__type__":"cc.Node","_name":"view","_parent":{"__id__":7},"_children":[{"__id__":9}],"_components":[{"__type__":"cc.Mask","node":{"__id__":8}},{"__type__":"cc.Widget","node":{"__id__":8},"alignMode":2,"_alignFlags":45,"_originalWidth":240,"_originalHeight":250}],"_color":{"__type__":"cc.Color","r":254,"g":249,"b":238},"_contentSize":{"__type__":"cc.Size","width":750,"height":903},"_scale":{"__type__":"cc.Vec3","x":1,"y":1,"z":1}},{"__type__":"cc.Node","_name":"content","_parent":{"__id__":8},"_components":[{"__type__":"cc.Widget","node":{"__id__":9},"alignMode":2,"_alignFlags":40,"_originalWidth":220},{"__type__":"cc.Layout","node":{"__id__":9},"_resize":1,"_N$layoutType":2,"_N$paddingTop":15,"_N$paddingBottom":15}],"_color":{"__type__":"cc.Color","r":254,"g":249,"b":238},"_contentSize":{"__type__":"cc.Size","width":750,"height":400},"_anchorPoint":{"__type__":"cc.Vec2","x":0.5,"y":1},"_position":{"__type__":"cc.Vec3","y":115.31},"_scale":{"__type__":"cc.Vec3","x":1,"y":1,"z":1}},{"__type__":"cc.ScrollView","node":{"__id__":7},"horizontal":false,"brake":0.75,"elastic":false,"bounceDuration":0.23,"_N$content":{"__id__":9},"content":{"__id__":9},"_N$horizontalScrollBar":null,"_N$verticalScrollBar":null},{"__type__":"cc.Node","_name":"ConfirmBtn","_parent":{"__id__":2},"_children":[{"__id__":12}],"_level":2,"_components":[{"__type__":"cc.Sprite","node":{"__id__":11},"_spriteFrame":{"__uuid__":"76sCVUdh9NH45mKOpXvSUb"},"_type":1},{"__type__":"cc.Button","node":{"__id__":11},"pressedColor":{"__type__":"cc.Color","r":255,"g":255,"b":255},"clickEvents":[{"__type__":"cc.ClickEvent","target":{"__id__":2},"component":"ExpressAddress","handler":"addBtnClick","customEventData":"true"}],"_N$normalColor":{"__type__":"cc.Color","r":255,"g":255,"b":255},"_N$disabledColor":{"__type__":"cc.Color","r":255,"g":255,"b":255},"_N$normalSprite":{"__uuid__":"f0BIwQ8D5Ml7nTNQbh1YlS"},"_N$pressedSprite":{"__uuid__":"e97GVMl6JHh5Ml5qEDdSGa"},"pressedSprite":{"__uuid__":"e97GVMl6JHh5Ml5qEDdSGa"},"_N$hoverSprite":{"__uuid__":"f0BIwQ8D5Ml7nTNQbh1YlS"},"hoverSprite":{"__uuid__":"f0BIwQ8D5Ml7nTNQbh1YlS"},"_N$disabledSprite":{"__uuid__":"29FYIk+N1GYaeWH/q1NxQO"},"_N$target":{"__id__":11}},{"__type__":"cc.Widget","node":{"__id__":11},"alignMode":2,"_alignFlags":44,"_left":65,"_right":65,"_top":885,"_bottom":142,"_verticalCenter":-268,"_originalWidth":100}],"_contentSize":{"__type__":"cc.Size","width":620,"height":120},"_position":{"__type__":"cc.Vec3","y":-465},"_scale":{"__type__":"cc.Vec3","x":1,"y":1,"z":1}},{"__type__":"cc.Node","_name":"Label","_parent":{"__id__":11},"_components":[{"__type__":"cc.Label","node":{"__id__":12},"_srcBlendFactor":1,"_useOriginalSize":false,"_string":"添加新地址","_N$string":"添加新地址","_fontSize":36,"_enableWrapText":false,"_N$horizontalAlign":1,"_N$verticalAlign":1,"_N$overflow":1},{"__type__":"cc.Widget","node":{"__id__":12},"alignMode":2,"_alignFlags":45,"_originalWidth":100,"_originalHeight":40}],"_contentSize":{"__type__":"cc.Size","width":620,"height":120},"_scale":{"__type__":"cc.Vec3","x":1,"y":1,"z":1}}],{"__type__":"cc.SpriteFrame","content":{"name":"shop_confirm_bg","texture":"3aVKM/C5NDXZv1pni7hH7/","rect":[0,0,620,120],"offset":[0,0],"originalSize":[620,120],"capInsets":[60,0,60,0]}},{"__type__":"cc.SpriteFrame","content":{"name":"back","texture":"0crVq4CiFGKJ6Q4VG57SZ9","rect":[0,0,20,34],"offset":[0,0],"originalSize":[20,34],"capInsets":[0,0,0,0]}},{"__type__":"cc.SpriteFrame","content":{"name":"default_panel","texture":"d8HsitJHxOYqo801xBk8ev","rect":[0,0,20,20],"offset":[0,0],"originalSize":[20,20],"capInsets":[6,6,6,6]}},{"__type__":"cc.SpriteFrame","content":{"name":"default_btn_pressed","texture":"b4P/PCArtIdIH38t6mlw8Y","rect":[0,0,40,40],"offset":[0,0],"originalSize":[40,40],"capInsets":[12,12,12,12]}},{"__type__":"cc.SpriteFrame","content":{"name":"default_btn_normal","texture":"e8Ueib+qJEhL6mXAHdnwbi","rect":[0,0,40,40],"offset":[0,0],"originalSize":[40,40],"capInsets":[12,12,12,12]}}]