[{"__type__":"cc.SpriteFrame","content":{"name":"white_bg","texture":"11+MH+mEdPXZmm6UnzsvES","rect":[0,0,490,286],"offset":[0,0],"originalSize":[490,286],"capInsets":[0,0,0,0]}},{"__type__":"cc.SpriteFrame","content":{"name":"default_btn_disabled","texture":"71VhFCTINJM6/Ky3oX9nBT","rect":[0,0,40,40],"offset":[0,0],"originalSize":[40,40],"capInsets":[12,12,12,12]}},[{"__type__":"cc.SceneAsset","_name":"ExchangeCoupon","scene":{"__id__":1},"asyncLoadAssets":null},{"__type__":"cc.Scene","_name":"New Node","_children":[{"__id__":2}],"_anchorPoint":{"__type__":"cc.Vec2"},"_scale":{"__type__":"cc.Vec3","x":0.3905547226386807,"y":0.3905547226386807,"z":1},"autoReleaseAssets":false},{"__type__":"cc.Node","_name":"Canvas","_parent":{"__id__":1},"_children":[{"__id__":3},{"__id__":4},{"__id__":6},{"__id__":7},{"__id__":14},{"__id__":17},{"__id__":19}],"_level":1,"_components":[{"__type__":"cc.Canvas","node":{"__id__":2},"_designResolution":{"__type__":"cc.Size","width":750,"height":1334}},{"__type__":"4cac1ziMrNPH5CM+t2bVNoP","node":{"__id__":2},"successView":{"__id__":19}}],"_color":{"__type__":"cc.Color","r":254,"g":249,"b":238},"_contentSize":{"__type__":"cc.Size","width":750,"height":1334},"_position":{"__type__":"cc.Vec3","x":375,"y":667},"_scale":{"__type__":"cc.Vec3","x":1,"y":1,"z":1},"_id":"dc1dk390VGQoPBlgyrrr0f"},{"__type__":"cc.Node","_name":"Main Camera","_parent":{"__id__":2},"_level":2,"_components":[{"__type__":"cc.Camera","node":{"__id__":3},"_clearFlags":7,"_backgroundColor":{"__type__":"cc.Color","r":254,"g":249,"b":238},"_depth":-1}],"_color":{"__type__":"cc.Color","r":254,"g":249,"b":238},"_scale":{"__type__":"cc.Vec3","x":1,"y":1,"z":1}},{"__type__":"cc.Node","_name":"BackBtn","_parent":{"__id__":2},"_children":[{"__id__":5}],"_level":2,"_components":[{"__type__":"cc.Button","node":{"__id__":4},"pressedColor":{"__type__":"cc.Color","r":255,"g":255,"b":255},"clickEvents":[{"__type__":"cc.ClickEvent","target":{"__id__":2},"component":"ConfirmCoupon","handler":"backBtnClick","customEventData":"true"}],"_N$normalColor":{"__type__":"cc.Color","r":255,"g":255,"b":255},"_N$disabledColor":{"__type__":"cc.Color","r":255,"g":255,"b":255},"_N$pressedSprite":{"__uuid__":"e97GVMl6JHh5Ml5qEDdSGa"},"pressedSprite":{"__uuid__":"e97GVMl6JHh5Ml5qEDdSGa"},"_N$hoverSprite":{"__uuid__":"f0BIwQ8D5Ml7nTNQbh1YlS"},"hoverSprite":{"__uuid__":"f0BIwQ8D5Ml7nTNQbh1YlS"},"_N$disabledSprite":{"__uuid__":"29FYIk+N1GYaeWH/q1NxQO"},"_N$target":{"__id__":4}},{"__type__":"cc.Widget","node":{"__id__":4},"alignMode":2,"_alignFlags":9,"_left":20,"_top":55}],"_contentSize":{"__type__":"cc.Size","width":50,"height":50},"_position":{"__type__":"cc.Vec3","x":-330,"y":587},"_scale":{"__type__":"cc.Vec3","x":1,"y":1,"z":1}},{"__type__":"cc.Node","_name":"Sprite","_parent":{"__id__":4},"_level":3,"_components":[{"__type__":"cc.Sprite","node":{"__id__":5},"_spriteFrame":{"__uuid__":"83jl2tL11O4KOcaqrDgUjB"}},{"__type__":"cc.Widget","node":{"__id__":5},"alignMode":2,"_alignFlags":18}],"_contentSize":{"__type__":"cc.Size","width":20,"height":34},"_scale":{"__type__":"cc.Vec3","x":1,"y":1,"z":1}},{"__type__":"cc.Node","_name":"TitleLabel","_parent":{"__id__":2},"_level":2,"_components":[{"__type__":"cc.Label","node":{"__id__":6},"_srcBlendFactor":1,"_useOriginalSize":false,"_string":"优惠券兑换","_N$string":"优惠券兑换","_fontSize":38,"_lineHeight":38,"_N$horizontalAlign":1,"_N$verticalAlign":1},{"__type__":"cc.Widget","node":{"__id__":6},"alignMode":2,"_alignFlags":17,"_top":62}],"_color":{"__type__":"cc.Color"},"_contentSize":{"__type__":"cc.Size","width":190,"height":38},"_position":{"__type__":"cc.Vec3","y":586},"_scale":{"__type__":"cc.Vec3","x":1,"y":1,"z":1}},{"__type__":"cc.Node","_name":"Item","_parent":{"__id__":2},"_children":[{"__id__":8},{"__id__":9},{"__id__":10},{"__id__":11},{"__id__":12}],"_level":2,"_components":[{"__type__":"cc.Sprite","node":{"__id__":7},"_type":1,"_sizeMode":0},{"__type__":"cc.Widget","node":{"__id__":7},"_alignFlags":41,"_left":25,"_right":25,"_top":149,"_verticalCenter":403,"_originalWidth":40}],"_contentSize":{"__type__":"cc.Size","width":700,"height":229},"_position":{"__type__":"cc.Vec3","y":403.5},"_scale":{"__type__":"cc.Vec3","x":1,"y":1,"z":1}},{"__type__":"cc.Node","_name":"Image","_parent":{"__id__":7},"_level":3,"_components":[{"__type__":"cc.Sprite","node":{"__id__":8},"_spriteFrame":{"__uuid__":"16CnnZYYNM/o+1K8BpewH6"},"_sizeMode":0},{"__type__":"cc.Widget","node":{"__id__":8},"_alignFlags":10,"_left":17}],"_color":{"__type__":"cc.Color","r":246,"g":174,"b":9},"_contentSize":{"__type__":"cc.Size","width":227,"height":171},"_position":{"__type__":"cc.Vec3","x":-219.5},"_scale":{"__type__":"cc.Vec3","x":1,"y":1,"z":1}},{"__type__":"cc.Node","_name":"TitleLabel","_parent":{"__id__":7},"_level":3,"_components":[{"__type__":"cc.Label","node":{"__id__":9},"_srcBlendFactor":1,"_useOriginalSize":false,"_string":"标题","_N$string":"标题","_fontSize":29,"_lineHeight":29,"_N$verticalAlign":1,"_N$overflow":2},{"__type__":"cc.Widget","node":{"__id__":9},"alignMode":2,"_alignFlags":41,"_left":275,"_right":28,"_top":30,"_originalWidth":58}],"_color":{"__type__":"cc.Color"},"_contentSize":{"__type__":"cc.Size","width":397,"height":29},"_position":{"__type__":"cc.Vec3","x":123.5,"y":70},"_scale":{"__type__":"cc.Vec3","x":1,"y":1,"z":1}},{"__type__":"cc.Node","_name":"TimeLabel","_parent":{"__id__":7},"_level":3,"_components":[{"__type__":"cc.Label","node":{"__id__":10},"_srcBlendFactor":1,"_useOriginalSize":false,"_string":"xxxx.xx.xx - xx.xx","_N$string":"xxxx.xx.xx - xx.xx","_fontSize":23,"_lineHeight":23,"_N$verticalAlign":1,"_N$overflow":2},{"__type__":"cc.Widget","node":{"__id__":10},"alignMode":2,"_alignFlags":41,"_left":275,"_right":28,"_top":76,"_originalWidth":177.61}],"_color":{"__type__":"cc.Color"},"_contentSize":{"__type__":"cc.Size","width":397,"height":23},"_position":{"__type__":"cc.Vec3","x":123.5,"y":27},"_scale":{"__type__":"cc.Vec3","x":1,"y":1,"z":1}},{"__type__":"cc.Node","_name":"NumberLabel","_parent":{"__id__":7},"_level":3,"_components":[{"__type__":"cc.Label","node":{"__id__":11},"_srcBlendFactor":1,"_useOriginalSize":false,"_string":"已有0人兑换","_N$string":"已有0人兑换","_fontSize":21,"_lineHeight":21,"_N$verticalAlign":1,"_N$overflow":2},{"__type__":"cc.Widget","node":{"__id__":11},"alignMode":2,"_alignFlags":44,"_left":275,"_right":150,"_top":77,"_bottom":25,"_originalWidth":126,"_originalHeight":21}],"_color":{"__type__":"cc.Color","r":121,"g":121,"b":121},"_contentSize":{"__type__":"cc.Size","width":275,"height":21},"_position":{"__type__":"cc.Vec3","x":62.5,"y":-79},"_scale":{"__type__":"cc.Vec3","x":1,"y":1,"z":1}},{"__type__":"cc.Node","_name":"MoneyLabel","_parent":{"__id__":7},"_children":[{"__id__":13}],"_level":3,"_components":[{"__type__":"cc.Label","node":{"__id__":12},"_srcBlendFactor":1,"_useOriginalSize":false,"_string":"0","_N$string":"0","_fontSize":31,"_lineHeight":31,"_N$horizontalAlign":1,"_N$verticalAlign":1},{"__type__":"cc.Widget","node":{"__id__":12},"alignMode":2,"_alignFlags":36,"_left":303.52,"_right":57,"_top":77,"_bottom":28,"_originalHeight":21}],"_color":{"__type__":"cc.Color","r":246,"g":174,"b":9},"_contentSize":{"__type__":"cc.Size","width":17.24,"height":31},"_position":{"__type__":"cc.Vec3","x":284.38,"y":-71},"_scale":{"__type__":"cc.Vec3","x":1,"y":1,"z":1}},{"__type__":"cc.Node","_name":"Icon","_parent":{"__id__":12},"_level":4,"_components":[{"__type__":"cc.Sprite","node":{"__id__":13},"_spriteFrame":{"__uuid__":"8ezS0rzZ1BmbyPZn11+Q7S"},"_sizeMode":0},{"__type__":"cc.Widget","node":{"__id__":13},"_alignFlags":34,"_left":-30.99999999999997,"_right":-32}],"_contentSize":{"__type__":"cc.Size","width":28,"height":28},"_position":{"__type__":"cc.Vec3","x":26.619999999999997},"_scale":{"__type__":"cc.Vec3","x":1,"y":1,"z":1}},{"__type__":"cc.Node","_name":"Direction","_parent":{"__id__":2},"_children":[{"__id__":15},{"__id__":16}],"_level":2,"_components":[{"__type__":"cc.Sprite","node":{"__id__":14},"_type":1,"_sizeMode":0},{"__type__":"cc.Widget","node":{"__id__":14},"_alignFlags":41,"_left":25,"_right":25,"_top":383,"_verticalCenter":403,"_originalWidth":40}],"_contentSize":{"__type__":"cc.Size","width":700,"height":473},"_position":{"__type__":"cc.Vec3","y":47.5},"_scale":{"__type__":"cc.Vec3","x":1,"y":1,"z":1}},{"__type__":"cc.Node","_name":"TitleLabel","_parent":{"__id__":14},"_level":3,"_components":[{"__type__":"cc.Label","node":{"__id__":15},"_srcBlendFactor":1,"_useOriginalSize":false,"_string":"使用说明","_N$string":"使用说明","_fontSize":30,"_lineHeight":30,"_N$verticalAlign":1},{"__type__":"cc.Widget","node":{"__id__":15},"alignMode":2,"_alignFlags":9,"_left":35,"_right":259,"_top":44.5,"_originalWidth":58}],"_color":{"__type__":"cc.Color"},"_contentSize":{"__type__":"cc.Size","width":120,"height":30},"_position":{"__type__":"cc.Vec3","x":-255,"y":177},"_scale":{"__type__":"cc.Vec3","x":1,"y":1,"z":1}},{"__type__":"cc.Node","_name":"DetailLabel","_parent":{"__id__":14},"_level":3,"_components":[{"__type__":"cc.Label","node":{"__id__":16},"_srcBlendFactor":1,"_useOriginalSize":false,"_string":"1、兑换成功的优惠券在橙啦app我的中查看。\n\n2、同一手机号码视为同一用户，每个用户仅限领取一次。\n\n3、使用优惠券需满足使用条件，且支付时选择使用优惠券  \n     才可以减免。\n\n4、优惠券在有效期内可使用，过期无效\n\n5、优惠券数量有限，领完为止","_N$string":"1、兑换成功的优惠券在橙啦app我的中查看。\n\n2、同一手机号码视为同一用户，每个用户仅限领取一次。\n\n3、使用优惠券需满足使用条件，且支付时选择使用优惠券  \n     才可以减免。\n\n4、优惠券在有效期内可使用，过期无效\n\n5、优惠券数量有限，领完为止","_fontSize":24,"_lineHeight":30,"_N$verticalAlign":1},{"__type__":"cc.Widget","node":{"__id__":16},"alignMode":2,"_alignFlags":41,"_left":35,"_right":35,"_top":90,"_bottom":225,"_originalWidth":177.61,"_originalHeight":23}],"_color":{"__type__":"cc.Color","r":74,"g":74,"b":74},"_contentSize":{"__type__":"cc.Size","width":626.68,"height":300},"_position":{"__type__":"cc.Vec3","y":-3.5},"_scale":{"__type__":"cc.Vec3","x":1,"y":1,"z":1}},{"__type__":"cc.Node","_name":"ConfirmBtn","_parent":{"__id__":2},"_children":[{"__id__":18}],"_level":2,"_components":[{"__type__":"cc.Sprite","node":{"__id__":17},"_spriteFrame":{"__uuid__":"76sCVUdh9NH45mKOpXvSUb"},"_type":1,"_sizeMode":0},{"__type__":"cc.Button","node":{"__id__":17},"pressedColor":{"__type__":"cc.Color","r":255,"g":255,"b":255},"clickEvents":[{"__type__":"cc.ClickEvent","target":{"__id__":2},"component":"ConfirmCoupon","handler":"confirmBtnClick","customEventData":"true"}],"_N$normalColor":{"__type__":"cc.Color","r":255,"g":255,"b":255},"_N$disabledColor":{"__type__":"cc.Color","r":255,"g":255,"b":255},"_N$normalSprite":{"__uuid__":"f0BIwQ8D5Ml7nTNQbh1YlS"},"_N$pressedSprite":{"__uuid__":"e97GVMl6JHh5Ml5qEDdSGa"},"pressedSprite":{"__uuid__":"e97GVMl6JHh5Ml5qEDdSGa"},"_N$hoverSprite":{"__uuid__":"f0BIwQ8D5Ml7nTNQbh1YlS"},"hoverSprite":{"__uuid__":"f0BIwQ8D5Ml7nTNQbh1YlS"},"_N$disabledSprite":{"__uuid__":"29FYIk+N1GYaeWH/q1NxQO"},"_N$target":{"__id__":17}},{"__type__":"cc.Widget","node":{"__id__":17},"alignMode":2,"_alignFlags":42,"_left":50,"_right":50,"_top":885,"_bottom":349,"_verticalCenter":-268,"_originalWidth":100}],"_contentSize":{"__type__":"cc.Size","width":650,"height":100},"_position":{"__type__":"cc.Vec3","y":-268},"_scale":{"__type__":"cc.Vec3","x":1,"y":1,"z":1}},{"__type__":"cc.Node","_name":"Label","_parent":{"__id__":17},"_components":[{"__type__":"cc.Label","node":{"__id__":18},"_srcBlendFactor":1,"_useOriginalSize":false,"_string":"立即兑换","_N$string":"立即兑换","_fontSize":36,"_enableWrapText":false,"_N$horizontalAlign":1,"_N$verticalAlign":1,"_N$overflow":1},{"__type__":"cc.Widget","node":{"__id__":18},"alignMode":2,"_alignFlags":45,"_originalWidth":100,"_originalHeight":40}],"_contentSize":{"__type__":"cc.Size","width":650,"height":100},"_scale":{"__type__":"cc.Vec3","x":1,"y":1,"z":1}},{"__type__":"cc.Node","_name":"ExchangeSuccess","_parent":{"__id__":2},"_children":[{"__id__":20},{"__id__":21},{"__id__":22},{"__id__":24}],"_level":2,"_components":[{"__type__":"cc.Sprite","node":{"__id__":19},"_spriteFrame":{"__uuid__":"16CnnZYYNM/o+1K8BpewH6"},"_sizeMode":0},{"__type__":"cc.Widget","node":{"__id__":19},"alignMode":2,"_originalWidth":750}],"_contentSize":{"__type__":"cc.Size","width":750,"height":1334},"_scale":{"__type__":"cc.Vec3","x":1,"y":1,"z":1}},{"__type__":"cc.Node","_name":"MarkSprite","_parent":{"__id__":19},"_level":3,"_components":[{"__type__":"cc.Sprite","node":{"__id__":20},"_spriteFrame":{"__uuid__":"720iaTTN5ELLs4xexwVOyw"},"_sizeMode":0},{"__type__":"cc.Widget","node":{"__id__":20},"alignMode":2,"_alignFlags":18,"_verticalCenter":220}],"_contentSize":{"__type__":"cc.Size","width":523,"height":267},"_position":{"__type__":"cc.Vec3","y":220},"_scale":{"__type__":"cc.Vec3","x":1,"y":1,"z":1}},{"__type__":"cc.Node","_name":"MarkLabel","_parent":{"__id__":19},"_level":3,"_components":[{"__type__":"cc.Label","node":{"__id__":21},"_srcBlendFactor":1,"_useOriginalSize":false,"_string":"快安利给身边的小伙伴吧！","_N$string":"快安利给身边的小伙伴吧！","_fontSize":36,"_lineHeight":36,"_N$horizontalAlign":1,"_N$verticalAlign":1},{"__type__":"cc.Widget","node":{"__id__":21},"alignMode":2,"_alignFlags":18}],"_color":{"__type__":"cc.Color","r":74,"g":74,"b":74},"_contentSize":{"__type__":"cc.Size","width":432,"height":36},"_scale":{"__type__":"cc.Vec3","x":1,"y":1,"z":1}},{"__type__":"cc.Node","_name":"NextBtn","_parent":{"__id__":19},"_children":[{"__id__":23}],"_level":3,"_components":[{"__type__":"cc.Sprite","node":{"__id__":22},"_spriteFrame":{"__uuid__":"7bLs85meRHbJwc71AqbcER"},"_type":1,"_sizeMode":0},{"__type__":"cc.Button","node":{"__id__":22},"pressedColor":{"__type__":"cc.Color","r":255,"g":255,"b":255},"clickEvents":[{"__type__":"cc.ClickEvent","target":{"__id__":2},"component":"ConfirmCoupon","handler":"nextBtnClick","customEventData":"true"}],"_N$normalColor":{"__type__":"cc.Color","r":255,"g":255,"b":255},"_N$disabledColor":{"__type__":"cc.Color","r":255,"g":255,"b":255},"_N$normalSprite":{"__uuid__":"f0BIwQ8D5Ml7nTNQbh1YlS"},"_N$pressedSprite":{"__uuid__":"e97GVMl6JHh5Ml5qEDdSGa"},"pressedSprite":{"__uuid__":"e97GVMl6JHh5Ml5qEDdSGa"},"_N$hoverSprite":{"__uuid__":"f0BIwQ8D5Ml7nTNQbh1YlS"},"hoverSprite":{"__uuid__":"f0BIwQ8D5Ml7nTNQbh1YlS"},"_N$disabledSprite":{"__uuid__":"29FYIk+N1GYaeWH/q1NxQO"},"_N$target":{"__id__":22}},{"__type__":"cc.Widget","node":{"__id__":22},"alignMode":2,"_alignFlags":44,"_left":96,"_right":0.55,"_bottom":361,"_isAbsRight":false,"_originalWidth":100}],"_color":{"__type__":"cc.Color","r":121,"g":121,"b":121},"_contentSize":{"__type__":"cc.Size","width":241.49999999999994,"height":100},"_position":{"__type__":"cc.Vec3","x":-158.25000000000003,"y":-256},"_scale":{"__type__":"cc.Vec3","x":1,"y":1,"z":1}},{"__type__":"cc.Node","_name":"Label","_parent":{"__id__":22},"_components":[{"__type__":"cc.Label","node":{"__id__":23},"_srcBlendFactor":1,"_useOriginalSize":false,"_string":"下次再说","_N$string":"下次再说","_fontSize":36,"_lineHeight":36,"_enableWrapText":false,"_N$horizontalAlign":1,"_N$verticalAlign":1,"_N$overflow":1},{"__type__":"cc.Widget","node":{"__id__":23},"alignMode":2,"_alignFlags":45,"_originalWidth":100,"_originalHeight":100}],"_color":{"__type__":"cc.Color","r":164,"g":164,"b":164},"_contentSize":{"__type__":"cc.Size","width":241.49999999999994,"height":100},"_scale":{"__type__":"cc.Vec3","x":1,"y":1,"z":1}},{"__type__":"cc.Node","_name":"ShareBtn","_parent":{"__id__":19},"_children":[{"__id__":25}],"_level":3,"_components":[{"__type__":"cc.Sprite","node":{"__id__":24},"_spriteFrame":{"__uuid__":"c4mh6N1a5DqoflKDjExb7H"},"_type":1,"_sizeMode":0},{"__type__":"cc.Button","node":{"__id__":24},"pressedColor":{"__type__":"cc.Color","r":255,"g":255,"b":255},"clickEvents":[{"__type__":"cc.ClickEvent","target":{"__id__":2},"component":"ConfirmCoupon","handler":"shareBtnClick","customEventData":"true"}],"_N$normalColor":{"__type__":"cc.Color","r":255,"g":255,"b":255},"_N$disabledColor":{"__type__":"cc.Color","r":255,"g":255,"b":255},"_N$normalSprite":{"__uuid__":"f0BIwQ8D5Ml7nTNQbh1YlS"},"_N$pressedSprite":{"__uuid__":"e97GVMl6JHh5Ml5qEDdSGa"},"pressedSprite":{"__uuid__":"e97GVMl6JHh5Ml5qEDdSGa"},"_N$hoverSprite":{"__uuid__":"f0BIwQ8D5Ml7nTNQbh1YlS"},"hoverSprite":{"__uuid__":"f0BIwQ8D5Ml7nTNQbh1YlS"},"_N$disabledSprite":{"__uuid__":"29FYIk+N1GYaeWH/q1NxQO"},"_N$target":{"__id__":24}},{"__type__":"cc.Widget","node":{"__id__":24},"alignMode":2,"_alignFlags":44,"_left":0.55,"_right":96,"_bottom":361,"_isAbsLeft":false,"_originalWidth":100}],"_contentSize":{"__type__":"cc.Size","width":241.49999999999994,"height":100},"_position":{"__type__":"cc.Vec3","x":158.25000000000003,"y":-256},"_scale":{"__type__":"cc.Vec3","x":1,"y":1,"z":1}},{"__type__":"cc.Node","_name":"Label","_parent":{"__id__":24},"_components":[{"__type__":"cc.Label","node":{"__id__":25},"_srcBlendFactor":1,"_useOriginalSize":false,"_string":"分享好友","_N$string":"分享好友","_fontSize":36,"_lineHeight":36,"_enableWrapText":false,"_N$horizontalAlign":1,"_N$verticalAlign":1,"_N$overflow":1},{"__type__":"cc.Widget","node":{"__id__":25},"alignMode":2,"_alignFlags":45,"_originalWidth":100,"_originalHeight":100}],"_contentSize":{"__type__":"cc.Size","width":241.49999999999994,"height":100},"_scale":{"__type__":"cc.Vec3","x":1,"y":1,"z":1}}],{"__type__":"cc.SpriteFrame","content":{"name":"shop_success","texture":"41HLa+/h9EMaVdsHdsjUo1","rect":[0,0,523,267],"offset":[0,0],"originalSize":[523,267],"capInsets":[0,0,0,0]}},{"__type__":"cc.SpriteFrame","content":{"name":"shop_confirm_bg","texture":"3aVKM/C5NDXZv1pni7hH7/","rect":[0,0,620,120],"offset":[0,0],"originalSize":[620,120],"capInsets":[60,0,60,0]}},{"__type__":"cc.SpriteFrame","content":{"name":"shop_success_next","texture":"d5czy/kT9N1KNC65xar0mv","rect":[0,0,260,100],"offset":[0,0],"originalSize":[260,100],"capInsets":[40,0,40,0]}},{"__type__":"cc.SpriteFrame","content":{"name":"back","texture":"0crVq4CiFGKJ6Q4VG57SZ9","rect":[0,0,20,34],"offset":[0,0],"originalSize":[20,34],"capInsets":[0,0,0,0]}},{"__type__":"cc.SpriteFrame","content":{"name":"money","texture":"5bqAvkm1pE3IC/+SDfQwsg","rect":[0,0,40,41],"offset":[0,0],"originalSize":[40,41],"capInsets":[0,0,0,0]}},{"__type__":"cc.SpriteFrame","content":{"name":"shop_success_share","texture":"0e57w/AslAH4jBHaoDbhiy","rect":[0,0,260,100],"offset":[0,0],"originalSize":[260,100],"capInsets":[0,0,0,0]}},{"__type__":"cc.SpriteFrame","content":{"name":"default_btn_pressed","texture":"b4P/PCArtIdIH38t6mlw8Y","rect":[0,0,40,40],"offset":[0,0],"originalSize":[40,40],"capInsets":[12,12,12,12]}},{"__type__":"cc.SpriteFrame","content":{"name":"default_btn_normal","texture":"e8Ueib+qJEhL6mXAHdnwbi","rect":[0,0,40,40],"offset":[0,0],"originalSize":[40,40],"capInsets":[12,12,12,12]}}]