[{"__type__":"cc.SpriteFrame","content":{"name":"maskolor","texture":"1bags8Kg5BCpWrU9yaA6Ng","rect":[0,0,2,2],"offset":[0,0],"originalSize":[2,2],"capInsets":[0,0,0,0]}},{"__type__":"cc.SpriteFrame","content":{"name":"sound0007","texture":"bcuXuHTYFFYqpCBBVho6c6","rect":[0,13,71,68],"offset":[-14.5,3],"originalSize":[100,100],"capInsets":[0,0,0,0]}},{"__type__":"cc.SpriteFrame","content":{"name":"right","texture":"3eQcY4yI1FCYljpg7tAYMk","rect":[1,2,87,66],"offset":[0.5,-1],"originalSize":[88,68],"capInsets":[0,0,0,0]}},{"__type__":"cc.SpriteFrame","content":{"name":"test","texture":"5eo5QtoD9NqpEy9jig0LF1","rect":[0,0,13,12],"offset":[0,0],"originalSize":[13,12],"capInsets":[0,0,0,0]}},{"__type__":"cc.SpriteFrame","content":{"name":"match","texture":"47APAFlyFJsoCOvimhwVpu","rect":[0,0,13,12],"offset":[0,0],"originalSize":[13,12],"capInsets":[0,0,0,0]}},{"__type__":"cc.SpriteFrame","content":{"name":"default_btn_disabled","texture":"71VhFCTINJM6/Ky3oX9nBT","rect":[0,0,40,40],"offset":[0,0],"originalSize":[40,40],"capInsets":[12,12,12,12]}},{"__type__":"cc.AudioClip","_name":"anblow","_native":".mp3"},{"__type__":"cc.SpriteFrame","content":{"name":"progressbar","texture":"9cT2q1ABFGsKJR4A1JbBXO","rect":[0,0,33,25],"offset":[0,0],"originalSize":[33,25],"capInsets":[12,0,12,0]}},{"__type__":"cc.SpriteFrame","content":{"name":"helpnote","texture":"95sPZntJtBtYUERT5PQuA3","rect":[0,0,13,12],"offset":[0,0],"originalSize":[13,12],"capInsets":[0,0,0,0]}},{"__type__":"cc.SpriteFrame","content":{"name":"whitebt","texture":"5cNbLV9ONKG5tSLl19m2kI","rect":[0,0,614,113],"offset":[0,0],"originalSize":[614,113],"capInsets":[56,0,64,0]}},{"__type__":"cc.SpriteFrame","content":{"name":"bluebt","texture":"a1atza7yhPEKXRw9Kxd1tE","rect":[0,0,614,113],"offset":[0,0],"originalSize":[614,113],"capInsets":[0,0,0,0]}},{"__type__":"cc.AudioClip","_name":"alwayright","_native":".mp3"},{"__type__":"cc.SpriteFrame","content":{"name":"countbg","texture":"0bbgT6jxdP/JNRCPqyTcvV","rect":[0,0,30,30],"offset":[0,0],"originalSize":[30,30],"capInsets":[0,0,0,0]}},{"__type__":"cc.SpriteFrame","content":{"name":"buttonbg","texture":"ceIDsROvBM75d64lE31UWH","rect":[0,0,620,120],"offset":[0,0],"originalSize":[620,120],"capInsets":[59,0,63,0]}},{"__type__":"cc.SpriteFrame","content":{"name":"progress","texture":"b5fDRUn3pBZYbRjTJzhMe5","rect":[1,0,423,27],"offset":[0.5,0],"originalSize":[424,27],"capInsets":[28,0,22,0]}},{"__type__":"cc.SpriteFrame","content":{"name":"num","texture":"08Z/kldlRMmqOjVWzLYt1Z","rect":[0,1,560,75],"offset":[0,-0.5],"originalSize":[560,76],"capInsets":[0,0,0,0]}},{"__type__":"cc.SpriteFrame","content":{"name":"greenbt","texture":"bdJMl/FuFPxqk+iMbYsG17","rect":[0,0,614,113],"offset":[0,0],"originalSize":[614,113],"capInsets":[0,0,0,0]}},{"__type__":"cc.SpriteFrame","content":{"name":"redbt","texture":"53nvHHfkhL7a7QSZXPaSf7","rect":[0,0,614,113],"offset":[0,0],"originalSize":[614,113],"capInsets":[0,0,0,0]}},{"__type__":"cc.SpriteFrame","content":{"name":"back","texture":"0crVq4CiFGKJ6Q4VG57SZ9","rect":[0,0,20,34],"offset":[0,0],"originalSize":[20,34],"capInsets":[0,0,0,0]}},{"__type__":"cc.SpriteFrame","content":{"name":"readingbg","texture":"58YBLK3Z9AXqtFlxHdkoQu","rect":[0,0,185,56],"offset":[0,0],"originalSize":[185,56],"capInsets":[29,0,29,0]}},{"__type__":"cc.SpriteFrame","content":{"name":"yellow_star","texture":"c0V0LLgYZFQo52bJyquRA4","rect":[0,1,44,43],"offset":[0,0],"originalSize":[44,45],"capInsets":[0,0,0,0]}},{"__type__":"cc.SpriteFrame","content":{"name":"horn","texture":"94Rtzm0BpNgJowWfq34PST","rect":[0,3,39,32],"offset":[-0.5,1],"originalSize":[40,40],"capInsets":[0,0,0,0]}},{"__type__":"cc.AudioClip","_name":"amazing","_native":".mp3"},{"__type__":"cc.SpriteFrame","content":{"name":"high_frequency_words","texture":"0586IqesVCCJ15sV3ECDre","rect":[1,1,38,99],"offset":[0.5,0],"originalSize":[39,101],"capInsets":[0,0,0,0]}},{"__type__":"cc.AnimationClip","_name":"HornAnimation","_duration":0.6666666666666666,"sample":15,"wrapMode":"2","curveData":{"comps":{"cc.Sprite":{"spriteFrame":[{"frame":0,"value":{"__uuid__":"aedOfWHllH0pL90hKE++Ca"}},{"frame":0.2,"value":{"__uuid__":"0eS/Uy9klNhJasjxQgMl8v"}},{"frame":0.4,"value":{"__uuid__":"cfOyIrydxGhIDsMH6SgCgE"}},{"frame":0.6,"value":{"__uuid__":"0eS/Uy9klNhJasjxQgMl8v"}}]}}}},{"__type__":"cc.SpriteFrame","content":{"name":"sound2","texture":"63nYdiZmhPb5J8Y1hoxbnb","rect":[0,8,96,78],"offset":[-2,3],"originalSize":[100,100],"capInsets":[0,0,0,0]}},{"__type__":"cc.SpriteFrame","content":{"name":"sound0001","texture":"55n99fgq9LQaJUooq+eZ9w","rect":[0,13,43,68],"offset":[-28.5,3],"originalSize":[100,100],"capInsets":[0,0,0,0]}},{"__type__":"cc.SpriteFrame","content":{"name":"errorwordbg","texture":"a4dXDBUVtE6ZqPZ7A4uUrv","rect":[0,0,680,179],"offset":[0,0],"originalSize":[680,179],"capInsets":[26,24,26,26]}},{"__type__":"cc.AudioClip","_name":"right","_native":".mp3"},{"__type__":"cc.AudioClip","_name":"nosure","_native":".mp3"},{"__type__":"cc.AudioClip","_name":"great","_native":".mp3"},{"__type__":"cc.SpriteFrame","content":{"name":"sound0015","texture":"ccLlkpntlBbZOmliorV6Ci","rect":[0,8,96,78],"offset":[-2,3],"originalSize":[100,100],"capInsets":[0,0,0,0]}},[{"__type__":"cc.SceneAsset","_name":"WordSelect","scene":{"__id__":1},"asyncLoadAssets":null},{"__type__":"cc.Scene","_name":"New Node","_children":[{"__id__":2}],"_anchorPoint":{"__type__":"cc.Vec2"},"_scale":{"__type__":"cc.Vec3","x":0.17825150382572386,"y":0.17825150382572386,"z":1},"autoReleaseAssets":false},{"__type__":"cc.Node","_name":"Canvas","_parent":{"__id__":1},"_children":[{"__id__":3},{"__id__":4},{"__id__":6},{"__id__":69},{"__id__":107}],"_level":1,"_components":[{"__type__":"cc.Canvas","node":{"__id__":2},"_designResolution":{"__type__":"cc.Size","width":750,"height":1334}},{"__type__":"e72adyaq41HSrcKcpwipaLu","node":{"__id__":2},"word":{"__id__":22},"errWord":{"__id__":71},"studyPager":{"__id__":6},"errorPager":{"__id__":69},"mask":{"__id__":107},"progress":{"__id__":7},"answers":[{"__id__":45},{"__id__":49},{"__id__":53},{"__id__":57},{"__id__":61}],"explain":{"__id__":83},"memonic":{"__id__":88},"match":{"__id__":93},"example":{"__id__":98},"highfre":{"__id__":72},"type3question":{"__id__":36},"type4question":{"__id__":39},"alwayright":{"__id__":40},"alwaynum":{"__id__":42},"phoneticalphabet":{"__id__":24},"errphoneticalphabet":{"__id__":74},"animAudio":[{"__id__":27},{"__id__":29},{"__id__":77}],"audiobg":{"__uuid__":"acaXKAlLxGwpgw3+9lZw+B"},"selectRightAudio":{"__uuid__":"c5O+KwKbREep16hmBSjU/H"},"selectErrorAudio":{"__uuid__":"e38z1SXCtKHpauo/EbiwNZ"},"selectNosureAudio":{"__uuid__":"c7ZSGPEhdB9p25A2+b5/Wf"},"alwayRightAudio":{"__uuid__":"4fM+frpBFF+bc/sG8kRpEQ"},"greatAudio":{"__uuid__":"c904U4RR9Jv7WbRy3X+9G4"},"amazingAudio":{"__uuid__":"9bJKEPB7FArIjuNdtuxBtT"},"anblowAudio":{"__uuid__":"29hfrweR1KU6InwKJuA3S+"},"proButton":{"__id__":32},"proText":{"__id__":31}},{"__type__":"95dacdwSxtLbqYXWHtPGqgO","node":{"__id__":2},"nodeTypes":[{"__id__":20},{"__id__":28},{"__id__":34},{"__id__":37}]}],"_color":{"__type__":"cc.Color","r":253,"g":249,"b":239},"_contentSize":{"__type__":"cc.Size","width":750,"height":1334},"_position":{"__type__":"cc.Vec3","x":375,"y":667},"_scale":{"__type__":"cc.Vec3","x":1,"y":1,"z":1},"_id":"f87J+vhHlJVpTQucvCi/aU"},{"__type__":"cc.Node","_name":"Main Camera","_parent":{"__id__":2},"_level":1,"_components":[{"__type__":"cc.Camera","node":{"__id__":3},"_clearFlags":7,"_backgroundColor":{"__type__":"cc.Color","r":253,"g":249,"b":239},"_depth":-1}],"_color":{"__type__":"cc.Color","r":253,"g":249,"b":239},"_scale":{"__type__":"cc.Vec3","x":1,"y":1,"z":1}},{"__type__":"cc.Node","_name":"BackBtn","_parent":{"__id__":2},"_children":[{"__id__":5}],"_level":2,"_components":[{"__type__":"cc.Button","node":{"__id__":4},"pressedColor":{"__type__":"cc.Color","r":255,"g":255,"b":255},"clickEvents":[{"__type__":"cc.ClickEvent","target":{"__id__":2},"component":"StudyWord","handler":"backHome"}],"_N$normalColor":{"__type__":"cc.Color","r":255,"g":255,"b":255},"_N$disabledColor":{"__type__":"cc.Color","r":255,"g":255,"b":255},"_N$pressedSprite":{"__uuid__":"e97GVMl6JHh5Ml5qEDdSGa"},"pressedSprite":{"__uuid__":"e97GVMl6JHh5Ml5qEDdSGa"},"_N$hoverSprite":{"__uuid__":"f0BIwQ8D5Ml7nTNQbh1YlS"},"hoverSprite":{"__uuid__":"f0BIwQ8D5Ml7nTNQbh1YlS"},"_N$disabledSprite":{"__uuid__":"29FYIk+N1GYaeWH/q1NxQO"},"_N$target":{"__id__":4}},{"__type__":"cc.Widget","node":{"__id__":4},"alignMode":2,"_alignFlags":9,"_left":20,"_top":55}],"_contentSize":{"__type__":"cc.Size","width":50,"height":50},"_position":{"__type__":"cc.Vec3","x":-330,"y":587},"_scale":{"__type__":"cc.Vec3","x":1,"y":1,"z":1}},{"__type__":"cc.Node","_name":"Sprite","_parent":{"__id__":4},"_level":4,"_components":[{"__type__":"cc.Sprite","node":{"__id__":5},"_spriteFrame":{"__uuid__":"83jl2tL11O4KOcaqrDgUjB"}},{"__type__":"cc.Widget","node":{"__id__":5},"alignMode":2,"_alignFlags":18}],"_contentSize":{"__type__":"cc.Size","width":20,"height":34},"_scale":{"__type__":"cc.Vec3","x":1,"y":1,"z":1}},{"__type__":"cc.Node","_name":"StartAnswer","_parent":{"__id__":2},"_children":[{"__id__":7},{"__id__":20},{"__id__":28},{"__id__":34},{"__id__":37},{"__id__":40},{"__id__":44}],"_level":2,"_components":[{"__type__":"cc.Widget","node":{"__id__":6},"_alignFlags":45}],"_contentSize":{"__type__":"cc.Size","width":750,"height":1334},"_scale":{"__type__":"cc.Vec3","x":1,"y":1,"z":1}},{"__type__":"cc.Node","_name":"Progress","_parent":{"__id__":6},"_children":[{"__id__":8},{"__id__":10}],"_level":3,"_components":[{"__type__":"cc.Widget","node":{"__id__":7},"_alignFlags":45,"_bottom":0.8,"_isAbsBottom":false},{"__type__":"369f4cGeHNFE6hzsii8NYqC","node":{"__id__":7},"progressNum":{"__id__":9},"starbgs":[{"__uuid__":"e7sQqVPStB0odPfRpQFDaY"},{"__uuid__":"899Bf/TDlM+pZB/w0mQe5I"}],"star1":{"__id__":14},"star2":{"__id__":16},"star3":{"__id__":18},"progress":{"__id__":19},"partivalebg":{"__uuid__":"deNuydlshDlptyUrhpN6cP"},"starAudio":{"__uuid__":"d9dqXbwzNHq4O0v6SLXTZP"}}],"_contentSize":{"__type__":"cc.Size","width":750,"height":266.79999999999995},"_position":{"__type__":"cc.Vec3","y":533.6},"_scale":{"__type__":"cc.Vec3","x":1,"y":1,"z":1}},{"__type__":"cc.Node","_name":"CurrentProgress","_parent":{"__id__":7},"_level":4,"_components":[{"__id__":9},{"__type__":"cc.Widget","node":{"__id__":8},"_alignFlags":9,"_left":0.11140000000000004,"_top":0.5337331334332833,"_isAbsLeft":false,"_isAbsTop":false}],"_contentSize":{"__type__":"cc.Size","width":94.9,"height":40},"_position":{"__type__":"cc.Vec3","x":-244,"y":-29},"_scale":{"__type__":"cc.Vec3","x":1,"y":1,"z":1}},{"__type__":"cc.Label","node":{"__id__":8},"_useOriginalSize":false,"_string":"0","_N$string":"0","_fontSize":36,"_N$file":{"__uuid__":"62mU0uGvlOvJYFGGdZecYo"},"_isSystemFontUsed":false,"_N$horizontalAlign":1,"_N$verticalAlign":1,"_N$overflow":2},{"__type__":"cc.Node","_name":"AnswerProgress","_parent":{"__id__":7},"_children":[{"__id__":11},{"__id__":13},{"__id__":15},{"__id__":17}],"_level":2,"_components":[{"__type__":"cc.Sprite","node":{"__id__":10},"_spriteFrame":{"__uuid__":"5dEy1PovdMY5y1McPieGnG"},"_type":1,"_sizeMode":0,"_isTrimmedMode":false},{"__id__":19},{"__type__":"cc.Widget","node":{"__id__":10},"alignMode":2,"_alignFlags":41,"_left":0.27,"_right":0.14,"_top":0.55,"_isAbsLeft":false,"_isAbsRight":false,"_isAbsTop":false,"_originalWidth":300}],"_contentSize":{"__type__":"cc.Size","width":442.5,"height":27},"_position":{"__type__":"cc.Vec3","x":48.75,"y":-26.840000000000003},"_scale":{"__type__":"cc.Vec3","x":1,"y":1,"z":1}},{"__type__":"cc.Node","_name":"bar","_parent":{"__id__":10},"_components":[{"__id__":12},{"__type__":"cc.Widget","node":{"__id__":11},"_alignFlags":8}],"_contentSize":{"__type__":"cc.Size","height":25},"_anchorPoint":{"__type__":"cc.Vec2","y":0.5},"_position":{"__type__":"cc.Vec3","x":-221.25},"_scale":{"__type__":"cc.Vec3","x":1,"y":1,"z":1}},{"__type__":"cc.Sprite","node":{"__id__":11},"_spriteFrame":{"__uuid__":"2cK/d3MlZJZ5fLMZ7cNouy"},"_type":1,"_sizeMode":0,"_isTrimmedMode":false},{"__type__":"cc.Node","_name":"Star1","_parent":{"__id__":10},"_level":3,"_components":[{"__id__":14},{"__type__":"cc.Widget","node":{"__id__":13},"_alignFlags":8,"_left":0.28,"_isAbsLeft":false}],"_contentSize":{"__type__":"cc.Size","width":44,"height":43},"_position":{"__type__":"cc.Vec3","x":-75.35},"_scale":{"__type__":"cc.Vec3","x":1,"y":1,"z":1}},{"__type__":"cc.Sprite","node":{"__id__":13},"_spriteFrame":{"__uuid__":"e7sQqVPStB0odPfRpQFDaY"}},{"__type__":"cc.Node","_name":"Star2","_parent":{"__id__":10},"_level":3,"_components":[{"__id__":16},{"__type__":"cc.Widget","node":{"__id__":15},"_alignFlags":8,"_left":0.58,"_isAbsLeft":false}],"_contentSize":{"__type__":"cc.Size","width":44,"height":43},"_position":{"__type__":"cc.Vec3","x":57.39999999999998},"_scale":{"__type__":"cc.Vec3","x":1,"y":1,"z":1}},{"__type__":"cc.Sprite","node":{"__id__":15},"_spriteFrame":{"__uuid__":"e7sQqVPStB0odPfRpQFDaY"}},{"__type__":"cc.Node","_name":"Star3","_parent":{"__id__":10},"_level":3,"_components":[{"__id__":18},{"__type__":"cc.Widget","node":{"__id__":17},"_alignFlags":8,"_left":0.78,"_isAbsLeft":false}],"_contentSize":{"__type__":"cc.Size","width":44,"height":43},"_position":{"__type__":"cc.Vec3","x":145.90000000000003},"_scale":{"__type__":"cc.Vec3","x":1,"y":1,"z":1}},{"__type__":"cc.Sprite","node":{"__id__":17},"_spriteFrame":{"__uuid__":"e7sQqVPStB0odPfRpQFDaY"}},{"__type__":"cc.ProgressBar","node":{"__id__":10},"_N$totalLength":430,"_N$barSprite":{"__id__":12},"_N$progress":0},{"__type__":"cc.Node","_name":"QuestionType1","_parent":{"__id__":6},"_children":[{"__id__":21},{"__id__":23},{"__id__":25}],"_active":false,"_level":3,"_components":[{"__type__":"cc.Widget","node":{"__id__":20},"_alignFlags":45,"_bottom":0.5,"_isAbsLeft":false,"_isAbsRight":false,"_isAbsTop":false,"_isAbsBottom":false}],"_contentSize":{"__type__":"cc.Size","width":750,"height":667},"_position":{"__type__":"cc.Vec3","y":333.5},"_scale":{"__type__":"cc.Vec3","x":1,"y":1,"z":1}},{"__type__":"cc.Node","_name":"Word","_parent":{"__id__":20},"_level":4,"_components":[{"__type__":"cc.Widget","node":{"__id__":21},"_alignFlags":1,"_top":0.34,"_isAbsTop":false},{"__id__":22}],"_color":{"__type__":"cc.Color","r":74,"g":74,"b":74},"_contentSize":{"__type__":"cc.Size","width":549,"height":85},"_position":{"__type__":"cc.Vec3","x":-2,"y":64.21999999999997},"_scale":{"__type__":"cc.Vec3","x":1,"y":1,"z":1}},{"__type__":"cc.Label","node":{"__id__":21},"_srcBlendFactor":1,"_fontSize":70,"_lineHeight":85,"_enableWrapText":false,"_N$horizontalAlign":1,"_N$verticalAlign":1,"_N$overflow":1},{"__type__":"cc.Node","_name":"Phoneticalphabet","_parent":{"__id__":20},"_level":4,"_components":[{"__id__":24},{"__type__":"cc.Widget","node":{"__id__":23},"_alignFlags":1,"_top":0.51,"_isAbsTop":false}],"_color":{"__type__":"cc.Color","r":74,"g":74,"b":74},"_contentSize":{"__type__":"cc.Size","width":652,"height":40},"_position":{"__type__":"cc.Vec3","x":-1,"y":-26.670000000000016},"_scale":{"__type__":"cc.Vec3","x":1,"y":1,"z":1}},{"__type__":"cc.Label","node":{"__id__":23},"_srcBlendFactor":1,"_useOriginalSize":false,"_string":"spi:nd","_N$string":"spi:nd","_fontSize":30,"_N$horizontalAlign":1,"_N$verticalAlign":1,"_N$overflow":1},{"__type__":"cc.Node","_name":"Reading","_parent":{"__id__":20},"_children":[{"__id__":26},{"__id__":27}],"_level":4,"_components":[{"__type__":"cc.Sprite","node":{"__id__":25},"_spriteFrame":{"__uuid__":"89z7JK6RxACoMUHWVLsGub"}},{"__type__":"cc.Widget","node":{"__id__":25},"_alignFlags":1,"_top":0.62,"_isAbsTop":false},{"__type__":"cc.Button","node":{"__id__":25},"clickEvents":[{"__type__":"cc.ClickEvent","target":{"__id__":2},"component":"StudyWord","handler":"playAudio","customEventData":"0"}],"_N$target":{"__id__":25}}],"_contentSize":{"__type__":"cc.Size","width":185,"height":56},"_position":{"__type__":"cc.Vec3","y":-108.04000000000002},"_scale":{"__type__":"cc.Vec3","x":1,"y":1,"z":1}},{"__type__":"cc.Node","_name":"ReadingLabel","_parent":{"__id__":25},"_level":2,"_components":[{"__type__":"cc.Label","node":{"__id__":26},"_srcBlendFactor":1,"_useOriginalSize":false,"_string":"朗读","_N$string":"朗读","_fontSize":30,"_N$verticalAlign":1,"_N$overflow":1}],"_color":{"__type__":"cc.Color"},"_contentSize":{"__type__":"cc.Size","width":78,"height":40},"_position":{"__type__":"cc.Vec3","x":-19},"_scale":{"__type__":"cc.Vec3","x":1,"y":1,"z":1}},{"__type__":"cc.Node","_name":"ReadingIcon","_parent":{"__id__":25},"_level":2,"_components":[{"__type__":"cc.Sprite","node":{"__id__":27},"_spriteFrame":{"__uuid__":"90fw6kaeNEmY+l95mvlyHP"},"_sizeMode":0,"_isTrimmedMode":false},{"__type__":"cc.Animation","node":{"__id__":27},"_defaultClip":{"__uuid__":"9ftWBTWNVMRIQAJVbGMZG+"},"_clips":[{"__uuid__":"9ftWBTWNVMRIQAJVbGMZG+"}]}],"_contentSize":{"__type__":"cc.Size","width":39,"height":37},"_position":{"__type__":"cc.Vec3","x":40},"_scale":{"__type__":"cc.Vec3","x":1,"y":1,"z":1}},{"__type__":"cc.Node","_name":"QuestionType2","_parent":{"__id__":6},"_children":[{"__id__":29},{"__id__":30},{"__id__":32}],"_active":false,"_level":3,"_components":[{"__type__":"cc.Widget","node":{"__id__":28},"_alignFlags":45,"_bottom":0.5,"_isAbsLeft":false,"_isAbsRight":false,"_isAbsTop":false,"_isAbsBottom":false}],"_contentSize":{"__type__":"cc.Size","width":750,"height":667},"_position":{"__type__":"cc.Vec3","y":333.5},"_scale":{"__type__":"cc.Vec3","x":1,"y":1,"z":1}},{"__type__":"cc.Node","_name":"ReadingIcon","_parent":{"__id__":28},"_level":4,"_components":[{"__type__":"cc.Sprite","node":{"__id__":29},"_spriteFrame":{"__uuid__":"acaXKAlLxGwpgw3+9lZw+B"},"_sizeMode":0,"_isTrimmedMode":false},{"__type__":"cc.Animation","node":{"__id__":29},"_defaultClip":{"__uuid__":"9ftWBTWNVMRIQAJVbGMZG+"},"_clips":[{"__uuid__":"9ftWBTWNVMRIQAJVbGMZG+"}]},{"__type__":"cc.Widget","node":{"__id__":29},"_alignFlags":17,"_top":0.42,"_isAbsTop":false},{"__type__":"cc.Button","node":{"__id__":29},"clickEvents":[{"__type__":"cc.ClickEvent","target":{"__id__":2},"component":"StudyWord","handler":"playAudio","customEventData":"1"}],"_N$target":{"__id__":29}}],"_contentSize":{"__type__":"cc.Size","width":83,"height":78},"_position":{"__type__":"cc.Vec3","y":14.360000000000014},"_scale":{"__type__":"cc.Vec3","x":1,"y":1,"z":1}},{"__type__":"cc.Node","_name":"ProText","_parent":{"__id__":28},"_active":false,"_level":4,"_components":[{"__id__":31},{"__type__":"cc.Widget","node":{"__id__":30},"_alignFlags":17,"_top":0.63,"_isAbsTop":false}],"_color":{"__type__":"cc.Color","r":253,"g":109,"b":39},"_contentSize":{"__type__":"cc.Size","height":40},"_position":{"__type__":"cc.Vec3","y":-106.70999999999998},"_scale":{"__type__":"cc.Vec3","x":1,"y":1,"z":1}},{"__type__":"cc.Label","node":{"__id__":30},"_srcBlendFactor":1,"_useOriginalSize":false,"_fontSize":36,"_N$horizontalAlign":1,"_N$verticalAlign":1},{"__type__":"cc.Node","_name":"Reading","_parent":{"__id__":28},"_children":[{"__id__":33}],"_level":4,"_components":[{"__type__":"cc.Sprite","node":{"__id__":32},"_spriteFrame":{"__uuid__":"89z7JK6RxACoMUHWVLsGub"}},{"__type__":"cc.Widget","node":{"__id__":32},"_alignFlags":17,"_top":0.62,"_isAbsTop":false},{"__type__":"cc.Button","node":{"__id__":32},"clickEvents":[{"__type__":"cc.ClickEvent","target":{"__id__":2},"component":"StudyWord","handler":"promptText"}],"_N$target":{"__id__":32}}],"_contentSize":{"__type__":"cc.Size","width":185,"height":56},"_position":{"__type__":"cc.Vec3","y":-108.04000000000002},"_scale":{"__type__":"cc.Vec3","x":1,"y":1,"z":1}},{"__type__":"cc.Node","_name":"ReadingLabel","_parent":{"__id__":32},"_level":2,"_components":[{"__type__":"cc.Label","node":{"__id__":33},"_srcBlendFactor":1,"_useOriginalSize":false,"_string":"提示","_N$string":"提示","_fontSize":30,"_N$horizontalAlign":1,"_N$verticalAlign":1,"_N$overflow":1},{"__type__":"cc.Widget","node":{"__id__":33},"_alignFlags":16}],"_color":{"__type__":"cc.Color","r":253,"g":109,"b":39},"_contentSize":{"__type__":"cc.Size","width":78,"height":40},"_scale":{"__type__":"cc.Vec3","x":1,"y":1,"z":1}},{"__type__":"cc.Node","_name":"QuestionType3","_parent":{"__id__":6},"_children":[{"__id__":35}],"_active":false,"_level":3,"_components":[{"__type__":"cc.Widget","node":{"__id__":34},"_alignFlags":45,"_bottom":0.5,"_isAbsLeft":false,"_isAbsRight":false,"_isAbsBottom":false}],"_contentSize":{"__type__":"cc.Size","width":750,"height":667},"_position":{"__type__":"cc.Vec3","y":333.5},"_scale":{"__type__":"cc.Vec3","x":1,"y":1,"z":1}},{"__type__":"cc.Node","_name":"Explain","_parent":{"__id__":34},"_level":4,"_components":[{"__id__":36},{"__type__":"cc.Widget","node":{"__id__":35},"_alignFlags":17,"_top":0.48,"_horizontalCenter":-4,"_isAbsTop":false}],"_color":{"__type__":"cc.Color","r":74,"g":74,"b":74},"_contentSize":{"__type__":"cc.Size","width":552,"height":129},"_position":{"__type__":"cc.Vec3","x":-4,"y":-51.15999999999997},"_scale":{"__type__":"cc.Vec3","x":1,"y":1,"z":1}},{"__type__":"cc.Label","node":{"__id__":35},"_srcBlendFactor":1,"_useOriginalSize":false,"_N$horizontalAlign":1,"_N$overflow":1},{"__type__":"cc.Node","_name":"QuestionType4","_parent":{"__id__":6},"_children":[{"__id__":38}],"_active":false,"_level":3,"_components":[{"__type__":"cc.Widget","node":{"__id__":37},"_alignFlags":45,"_bottom":0.5,"_isAbsLeft":false,"_isAbsRight":false,"_isAbsTop":false,"_isAbsBottom":false}],"_contentSize":{"__type__":"cc.Size","width":750,"height":667},"_position":{"__type__":"cc.Vec3","y":333.5},"_scale":{"__type__":"cc.Vec3","x":1,"y":1,"z":1}},{"__type__":"cc.Node","_name":"Question","_parent":{"__id__":37},"_level":4,"_components":[{"__id__":39},{"__type__":"cc.Widget","node":{"__id__":38},"_alignFlags":17,"_top":0.4,"_isAbsTop":false}],"_color":{"__type__":"cc.Color","r":74,"g":74,"b":74},"_contentSize":{"__type__":"cc.Size","width":554,"height":229},"_position":{"__type__":"cc.Vec3","y":-47.80000000000001},"_scale":{"__type__":"cc.Vec3","x":1,"y":1,"z":1}},{"__type__":"cc.Label","node":{"__id__":38},"_srcBlendFactor":1,"_useOriginalSize":false,"_string":"I love you not_______ of \nwho you are.","_N$string":"I love you not_______ of \nwho you are.","_fontSize":34,"_N$overflow":1},{"__type__":"cc.Node","_name":"AlwaysRight","_parent":{"__id__":6},"_children":[{"__id__":41},{"__id__":43}],"_active":false,"_level":3,"_position":{"__type__":"cc.Vec3","x":200,"y":190},"_scale":{"__type__":"cc.Vec3","x":1,"y":1,"z":1}},{"__type__":"cc.Node","_name":"Num","_parent":{"__id__":40},"_level":4,"_components":[{"__id__":42}],"_contentSize":{"__type__":"cc.Size","width":155.3,"height":66},"_anchorPoint":{"__type__":"cc.Vec2","x":0.4498142118011904,"y":0.5},"_position":{"__type__":"cc.Vec3","x":-118,"y":16},"_scale":{"__type__":"cc.Vec3","x":1,"y":1,"z":1}},{"__type__":"cc.Label","node":{"__id__":41},"_string":"2","_N$string":"2","_fontSize":73,"_lineHeight":0,"_enableWrapText":false,"_N$file":{"__uuid__":"f0bXjk4bdMa5O36G9ZNP1+"},"_isSystemFontUsed":false,"_N$horizontalAlign":2,"_N$overflow":1},{"__type__":"cc.Node","_name":"Icon","_parent":{"__id__":40},"_level":4,"_components":[{"__type__":"cc.Sprite","node":{"__id__":43},"_spriteFrame":{"__uuid__":"15u77DjIdHIpwtcD5+dqCf"}}],"_contentSize":{"__type__":"cc.Size","width":87,"height":66},"_position":{"__type__":"cc.Vec3","y":0.7},"_scale":{"__type__":"cc.Vec3","x":1,"y":1,"z":1}},{"__type__":"cc.Node","_name":"WordList","_parent":{"__id__":6},"_children":[{"__id__":45},{"__id__":49},{"__id__":53},{"__id__":57},{"__id__":61}],"_level":3,"_components":[{"__type__":"cc.Sprite","node":{"__id__":44},"_type":1,"_sizeMode":0},{"__type__":"cc.Layout","node":{"__id__":44},"_layoutSize":{"__type__":"cc.Size","width":750,"height":665},"_resize":1,"_N$layoutType":2,"_N$spacingY":25},{"__type__":"cc.Widget","node":{"__id__":44},"alignMode":2,"_alignFlags":45,"_top":0.4007496251874063,"_bottom":0.10074962518740631,"_isAbsTop":false,"_isAbsBottom":false,"_originalWidth":200,"_originalHeight":665}],"_contentSize":{"__type__":"cc.Size","width":750,"height":665},"_position":{"__type__":"cc.Vec3","y":-200.10000000000002},"_scale":{"__type__":"cc.Vec3","x":1,"y":1,"z":1}},{"__type__":"cc.Node","_name":"SelectAnswerA","_parent":{"__id__":44},"_children":[{"__id__":46},{"__id__":47}],"_level":4,"_components":[{"__id__":48},{"__type__":"cc.Button","node":{"__id__":45},"pressedColor":{"__type__":"cc.Color","r":255,"g":255,"b":255},"clickEvents":[{"__type__":"cc.ClickEvent","target":{"__id__":2},"component":"StudyWord","handler":"clickAnswer","customEventData":"0"}],"_N$normalColor":{"__type__":"cc.Color","r":255,"g":255,"b":255},"_N$disabledColor":{"__type__":"cc.Color","r":255,"g":255,"b":255},"_N$normalSprite":{"__uuid__":"f0BIwQ8D5Ml7nTNQbh1YlS"},"_N$pressedSprite":{"__uuid__":"e97GVMl6JHh5Ml5qEDdSGa"},"pressedSprite":{"__uuid__":"e97GVMl6JHh5Ml5qEDdSGa"},"_N$hoverSprite":{"__uuid__":"f0BIwQ8D5Ml7nTNQbh1YlS"},"hoverSprite":{"__uuid__":"f0BIwQ8D5Ml7nTNQbh1YlS"},"_N$disabledSprite":{"__uuid__":"29FYIk+N1GYaeWH/q1NxQO"},"_N$target":{"__id__":45}},{"__type__":"af02b+X/tFA7Yol++CzNAUF","node":{"__id__":45},"answerBg":[{"__uuid__":"3aEwOUygpInZIb+eXiZ+4t"},{"__uuid__":"68xTFmP+NHP50SIrhta42p"},{"__uuid__":"7515ovgmtNI59BSX19LQEm"}],"order":{"__id__":46},"content":{"__id__":47},"button":{"__id__":48}},{"__type__":"cc.Widget","node":{"__id__":45},"_alignFlags":40,"_left":1.09,"_right":-0.9100000000000001,"_isAbsLeft":false,"_isAbsRight":false,"_originalWidth":614},{"__type__":"a5a252tPvtDF4QCDrlSI/HR","node":{"__id__":45},"option":{"__id__":47}}],"_contentSize":{"__type__":"cc.Size","width":614.9999999999999,"height":113},"_position":{"__type__":"cc.Vec3","x":750,"y":276},"_scale":{"__type__":"cc.Vec3","x":1,"y":1,"z":1}},{"__type__":"cc.Node","_name":"AnswerNo","_parent":{"__id__":45},"_level":5,"_components":[{"__type__":"cc.Label","node":{"__id__":46},"_srcBlendFactor":1,"_useOriginalSize":false,"_string":"A","_N$string":"A","_fontSize":30,"_N$horizontalAlign":1,"_N$verticalAlign":1,"_N$overflow":1},{"__type__":"cc.Widget","node":{"__id__":46},"_alignFlags":8,"_left":0.07,"_isAbsLeft":false}],"_color":{"__type__":"cc.Color","r":74,"g":74,"b":74},"_contentSize":{"__type__":"cc.Size","width":97.87,"height":40},"_position":{"__type__":"cc.Vec3","x":-215.51499999999993},"_scale":{"__type__":"cc.Vec3","x":1,"y":1,"z":1}},{"__type__":"cc.Node","_name":"AnswerLabel","_parent":{"__id__":45},"_level":5,"_components":[{"__type__":"cc.Label","node":{"__id__":47},"_srcBlendFactor":1,"_useOriginalSize":false,"_fontSize":32,"_enableWrapText":false,"_N$verticalAlign":1,"_N$overflow":1},{"__type__":"cc.Widget","node":{"__id__":47},"_alignFlags":40,"_left":0.23,"_right":0.12,"_isAbsLeft":false,"_isAbsRight":false,"_originalWidth":421}],"_color":{"__type__":"cc.Color","r":74,"g":74,"b":74},"_contentSize":{"__type__":"cc.Size","width":399.7499999999999,"height":40},"_position":{"__type__":"cc.Vec3","x":33.82499999999999},"_scale":{"__type__":"cc.Vec3","x":1,"y":1,"z":1}},{"__type__":"cc.Sprite","node":{"__id__":45},"_spriteFrame":{"__uuid__":"3aEwOUygpInZIb+eXiZ+4t"},"_type":1,"_sizeMode":0},{"__type__":"cc.Node","_name":"SelectAnswerB","_parent":{"__id__":44},"_children":[{"__id__":50},{"__id__":51}],"_level":4,"_components":[{"__id__":52},{"__type__":"cc.Button","node":{"__id__":49},"pressedColor":{"__type__":"cc.Color","r":255,"g":255,"b":255},"clickEvents":[{"__type__":"cc.ClickEvent","target":{"__id__":2},"component":"StudyWord","handler":"clickAnswer","customEventData":"1"}],"_N$normalColor":{"__type__":"cc.Color","r":255,"g":255,"b":255},"_N$disabledColor":{"__type__":"cc.Color","r":255,"g":255,"b":255},"_N$normalSprite":{"__uuid__":"f0BIwQ8D5Ml7nTNQbh1YlS"},"_N$pressedSprite":{"__uuid__":"e97GVMl6JHh5Ml5qEDdSGa"},"pressedSprite":{"__uuid__":"e97GVMl6JHh5Ml5qEDdSGa"},"_N$hoverSprite":{"__uuid__":"f0BIwQ8D5Ml7nTNQbh1YlS"},"hoverSprite":{"__uuid__":"f0BIwQ8D5Ml7nTNQbh1YlS"},"_N$disabledSprite":{"__uuid__":"29FYIk+N1GYaeWH/q1NxQO"},"_N$target":{"__id__":49}},{"__type__":"af02b+X/tFA7Yol++CzNAUF","node":{"__id__":49},"answerBg":[{"__uuid__":"3aEwOUygpInZIb+eXiZ+4t"},{"__uuid__":"68xTFmP+NHP50SIrhta42p"},{"__uuid__":"7515ovgmtNI59BSX19LQEm"}],"order":{"__id__":50},"content":{"__id__":51},"button":{"__id__":52}},{"__type__":"cc.Widget","node":{"__id__":49},"_alignFlags":40,"_left":1.0899999999999999,"_right":-0.9099999999999999,"_isAbsLeft":false,"_isAbsRight":false,"_originalWidth":614},{"__type__":"a5a252tPvtDF4QCDrlSI/HR","node":{"__id__":49},"option":{"__id__":51}}],"_contentSize":{"__type__":"cc.Size","width":615.0000000000001,"height":113},"_position":{"__type__":"cc.Vec3","x":750,"y":138},"_scale":{"__type__":"cc.Vec3","x":1,"y":1,"z":1}},{"__type__":"cc.Node","_name":"AnswerNo","_parent":{"__id__":49},"_level":5,"_components":[{"__type__":"cc.Label","node":{"__id__":50},"_srcBlendFactor":1,"_useOriginalSize":false,"_string":"B","_N$string":"B","_fontSize":30,"_N$horizontalAlign":1,"_N$verticalAlign":1,"_N$overflow":1},{"__type__":"cc.Widget","node":{"__id__":50},"_alignFlags":8,"_left":0.07,"_isAbsLeft":false}],"_color":{"__type__":"cc.Color","r":74,"g":74,"b":74},"_contentSize":{"__type__":"cc.Size","width":97.87,"height":40},"_position":{"__type__":"cc.Vec3","x":-215.51500000000004},"_scale":{"__type__":"cc.Vec3","x":1,"y":1,"z":1}},{"__type__":"cc.Node","_name":"AnswerLabel","_parent":{"__id__":49},"_level":5,"_components":[{"__type__":"cc.Label","node":{"__id__":51},"_srcBlendFactor":1,"_useOriginalSize":false,"_fontSize":32,"_enableWrapText":false,"_N$verticalAlign":1,"_N$overflow":1},{"__type__":"cc.Widget","node":{"__id__":51},"_alignFlags":40,"_left":0.23,"_right":0.12,"_isAbsLeft":false,"_isAbsRight":false,"_originalWidth":421}],"_color":{"__type__":"cc.Color","r":74,"g":74,"b":74},"_contentSize":{"__type__":"cc.Size","width":399.75000000000006,"height":40},"_position":{"__type__":"cc.Vec3","x":33.82500000000002},"_scale":{"__type__":"cc.Vec3","x":1,"y":1,"z":1}},{"__type__":"cc.Sprite","node":{"__id__":49},"_spriteFrame":{"__uuid__":"3aEwOUygpInZIb+eXiZ+4t"},"_type":1,"_sizeMode":0},{"__type__":"cc.Node","_name":"SelectAnswerC","_parent":{"__id__":44},"_children":[{"__id__":54},{"__id__":55}],"_level":4,"_components":[{"__id__":56},{"__type__":"cc.Button","node":{"__id__":53},"pressedColor":{"__type__":"cc.Color","r":255,"g":255,"b":255},"clickEvents":[{"__type__":"cc.ClickEvent","target":{"__id__":2},"component":"StudyWord","handler":"clickAnswer","customEventData":"2"}],"_N$normalColor":{"__type__":"cc.Color","r":255,"g":255,"b":255},"_N$disabledColor":{"__type__":"cc.Color","r":255,"g":255,"b":255},"_N$normalSprite":{"__uuid__":"f0BIwQ8D5Ml7nTNQbh1YlS"},"_N$pressedSprite":{"__uuid__":"e97GVMl6JHh5Ml5qEDdSGa"},"pressedSprite":{"__uuid__":"e97GVMl6JHh5Ml5qEDdSGa"},"_N$hoverSprite":{"__uuid__":"f0BIwQ8D5Ml7nTNQbh1YlS"},"hoverSprite":{"__uuid__":"f0BIwQ8D5Ml7nTNQbh1YlS"},"_N$disabledSprite":{"__uuid__":"29FYIk+N1GYaeWH/q1NxQO"},"_N$target":{"__id__":53}},{"__type__":"af02b+X/tFA7Yol++CzNAUF","node":{"__id__":53},"answerBg":[{"__uuid__":"3aEwOUygpInZIb+eXiZ+4t"},{"__uuid__":"68xTFmP+NHP50SIrhta42p"},{"__uuid__":"7515ovgmtNI59BSX19LQEm"}],"order":{"__id__":54},"content":{"__id__":55},"button":{"__id__":56}},{"__type__":"cc.Widget","node":{"__id__":53},"_alignFlags":40,"_left":1.09,"_right":-0.91,"_isAbsLeft":false,"_isAbsRight":false,"_originalWidth":614},{"__type__":"a5a252tPvtDF4QCDrlSI/HR","node":{"__id__":53},"option":{"__id__":55}}],"_contentSize":{"__type__":"cc.Size","width":614.9999999999999,"height":113},"_position":{"__type__":"cc.Vec3","x":750},"_scale":{"__type__":"cc.Vec3","x":1,"y":1,"z":1}},{"__type__":"cc.Node","_name":"AnswerNo","_parent":{"__id__":53},"_level":5,"_components":[{"__type__":"cc.Label","node":{"__id__":54},"_srcBlendFactor":1,"_useOriginalSize":false,"_string":"C","_N$string":"C","_fontSize":30,"_N$horizontalAlign":1,"_N$verticalAlign":1,"_N$overflow":1},{"__type__":"cc.Widget","node":{"__id__":54},"_alignFlags":8,"_left":0.07,"_isAbsLeft":false}],"_color":{"__type__":"cc.Color","r":74,"g":74,"b":74},"_contentSize":{"__type__":"cc.Size","width":97.87,"height":40},"_position":{"__type__":"cc.Vec3","x":-215.51499999999993},"_scale":{"__type__":"cc.Vec3","x":1,"y":1,"z":1}},{"__type__":"cc.Node","_name":"AnswerLabel","_parent":{"__id__":53},"_level":5,"_components":[{"__type__":"cc.Label","node":{"__id__":55},"_srcBlendFactor":1,"_useOriginalSize":false,"_fontSize":32,"_enableWrapText":false,"_N$verticalAlign":1,"_N$overflow":1},{"__type__":"cc.Widget","node":{"__id__":55},"_alignFlags":40,"_left":0.23,"_right":0.12,"_isAbsLeft":false,"_isAbsRight":false,"_originalWidth":421}],"_color":{"__type__":"cc.Color","r":74,"g":74,"b":74},"_contentSize":{"__type__":"cc.Size","width":399.7499999999999,"height":40},"_position":{"__type__":"cc.Vec3","x":33.82499999999999},"_scale":{"__type__":"cc.Vec3","x":1,"y":1,"z":1}},{"__type__":"cc.Sprite","node":{"__id__":53},"_spriteFrame":{"__uuid__":"3aEwOUygpInZIb+eXiZ+4t"},"_type":1,"_sizeMode":0},{"__type__":"cc.Node","_name":"SelectAnswerD","_parent":{"__id__":44},"_children":[{"__id__":58},{"__id__":59}],"_level":4,"_components":[{"__id__":60},{"__type__":"cc.Button","node":{"__id__":57},"pressedColor":{"__type__":"cc.Color","r":255,"g":255,"b":255},"clickEvents":[{"__type__":"cc.ClickEvent","target":{"__id__":2},"component":"StudyWord","handler":"clickAnswer","customEventData":"3"}],"_N$normalColor":{"__type__":"cc.Color","r":255,"g":255,"b":255},"_N$disabledColor":{"__type__":"cc.Color","r":255,"g":255,"b":255},"_N$normalSprite":{"__uuid__":"f0BIwQ8D5Ml7nTNQbh1YlS"},"_N$pressedSprite":{"__uuid__":"e97GVMl6JHh5Ml5qEDdSGa"},"pressedSprite":{"__uuid__":"e97GVMl6JHh5Ml5qEDdSGa"},"_N$hoverSprite":{"__uuid__":"f0BIwQ8D5Ml7nTNQbh1YlS"},"hoverSprite":{"__uuid__":"f0BIwQ8D5Ml7nTNQbh1YlS"},"_N$disabledSprite":{"__uuid__":"29FYIk+N1GYaeWH/q1NxQO"},"_N$target":{"__id__":57}},{"__type__":"af02b+X/tFA7Yol++CzNAUF","node":{"__id__":57},"answerBg":[{"__uuid__":"3aEwOUygpInZIb+eXiZ+4t"},{"__uuid__":"68xTFmP+NHP50SIrhta42p"},{"__uuid__":"7515ovgmtNI59BSX19LQEm"}],"order":{"__id__":58},"content":{"__id__":59},"button":{"__id__":60}},{"__type__":"cc.Widget","node":{"__id__":57},"_alignFlags":40,"_left":1.09,"_right":-0.9099999999999999,"_isAbsLeft":false,"_isAbsRight":false,"_originalWidth":614},{"__type__":"a5a252tPvtDF4QCDrlSI/HR","node":{"__id__":57},"option":{"__id__":59}}],"_contentSize":{"__type__":"cc.Size","width":614.9999999999999,"height":113},"_position":{"__type__":"cc.Vec3","x":750,"y":-138},"_scale":{"__type__":"cc.Vec3","x":1,"y":1,"z":1}},{"__type__":"cc.Node","_name":"AnswerNo","_parent":{"__id__":57},"_level":5,"_components":[{"__type__":"cc.Label","node":{"__id__":58},"_srcBlendFactor":1,"_useOriginalSize":false,"_string":"D","_N$string":"D","_fontSize":30,"_N$horizontalAlign":1,"_N$verticalAlign":1,"_N$overflow":1},{"__type__":"cc.Widget","node":{"__id__":58},"_alignFlags":8,"_left":0.07,"_isAbsLeft":false}],"_color":{"__type__":"cc.Color","r":74,"g":74,"b":74},"_contentSize":{"__type__":"cc.Size","width":97.87,"height":40},"_position":{"__type__":"cc.Vec3","x":-215.51499999999993},"_scale":{"__type__":"cc.Vec3","x":1,"y":1,"z":1}},{"__type__":"cc.Node","_name":"AnswerLabel","_parent":{"__id__":57},"_level":5,"_components":[{"__type__":"cc.Label","node":{"__id__":59},"_srcBlendFactor":1,"_useOriginalSize":false,"_fontSize":32,"_enableWrapText":false,"_N$verticalAlign":1,"_N$overflow":1},{"__type__":"cc.Widget","node":{"__id__":59},"_alignFlags":40,"_left":0.23,"_right":0.12,"_isAbsLeft":false,"_isAbsRight":false,"_originalWidth":421}],"_color":{"__type__":"cc.Color","r":74,"g":74,"b":74},"_contentSize":{"__type__":"cc.Size","width":399.7499999999999,"height":40},"_position":{"__type__":"cc.Vec3","x":33.82499999999999},"_scale":{"__type__":"cc.Vec3","x":1,"y":1,"z":1}},{"__type__":"cc.Sprite","node":{"__id__":57},"_spriteFrame":{"__uuid__":"3aEwOUygpInZIb+eXiZ+4t"},"_type":1,"_sizeMode":0},{"__type__":"cc.Node","_name":"NoSureAnswer","_parent":{"__id__":44},"_children":[{"__id__":62},{"__id__":67}],"_level":4,"_components":[{"__id__":68},{"__type__":"cc.Button","node":{"__id__":61},"clickEvents":[{"__type__":"cc.ClickEvent","target":{"__id__":2},"component":"StudyWord","handler":"clickAnswer","customEventData":"4"}],"_N$target":{"__id__":61}},{"__type__":"0aae7+/UVlN5bQpyg3rSO6d","node":{"__id__":61},"progress":{"__id__":66},"nosureItem":{"__id__":64}},{"__type__":"af02b+X/tFA7Yol++CzNAUF","node":{"__id__":61},"answerBg":[{"__uuid__":"3aEwOUygpInZIb+eXiZ+4t"},{"__uuid__":"44IaytvHdFG5Mh/X4zXasq"}],"order":{"__id__":67},"content":{"__id__":67},"button":{"__id__":68}},{"__type__":"cc.Widget","node":{"__id__":61},"_alignFlags":40,"_left":1.09,"_right":-0.9099999999999999,"_isAbsLeft":false,"_isAbsRight":false,"_originalWidth":614}],"_contentSize":{"__type__":"cc.Size","width":614.9999999999999,"height":113},"_position":{"__type__":"cc.Vec3","x":750,"y":-276},"_scale":{"__type__":"cc.Vec3","x":1,"y":1,"z":1}},{"__type__":"cc.Node","_name":"Countdown","_parent":{"__id__":61},"_children":[{"__id__":63},{"__id__":64}],"_level":5,"_components":[{"__id__":66},{"__type__":"cc.Widget","node":{"__id__":62},"_alignFlags":8,"_left":0.13,"_isAbsLeft":false}],"_contentSize":{"__type__":"cc.Size","width":30,"height":30},"_position":{"__type__":"cc.Vec3","x":-212.54999999999995},"_scale":{"__type__":"cc.Vec3","x":1,"y":1,"z":1}},{"__type__":"cc.Node","_name":"New Sprite","_parent":{"__id__":62},"_level":6,"_components":[{"__type__":"cc.Sprite","node":{"__id__":63},"_spriteFrame":{"__uuid__":"53RZbjTExAnqn/Mazf2UGm"},"_sizeMode":0},{"__type__":"cc.Widget","node":{"__id__":63},"alignMode":2,"_alignFlags":45,"_originalWidth":30,"_originalHeight":30}],"_color":{"__type__":"cc.Color","r":201,"g":201,"b":201},"_contentSize":{"__type__":"cc.Size","width":30,"height":30},"_scale":{"__type__":"cc.Vec3","x":1,"y":1,"z":1}},{"__type__":"cc.Node","_name":"bar","_parent":{"__id__":62},"_level":6,"_components":[{"__id__":65}],"_color":{"__type__":"cc.Color","r":255,"g":193,"b":27},"_contentSize":{"__type__":"cc.Size","width":30,"height":30},"_anchorPoint":{"__type__":"cc.Vec2","y":0.5},"_position":{"__type__":"cc.Vec3","x":-15},"_scale":{"__type__":"cc.Vec3","x":1,"y":1,"z":1}},{"__type__":"cc.Sprite","node":{"__id__":64},"_spriteFrame":{"__uuid__":"53RZbjTExAnqn/Mazf2UGm"},"_type":3,"_sizeMode":0,"_fillType":2,"_fillCenter":{"__type__":"cc.Vec2","x":0.5,"y":0.5},"_fillStart":0.25,"_fillRange":-0.5},{"__type__":"cc.ProgressBar","node":{"__id__":62},"_N$barSprite":{"__id__":65},"_N$mode":2,"_N$progress":0.5,"_N$reverse":true},{"__type__":"cc.Node","_name":"NoSureLabel","_parent":{"__id__":61},"_level":5,"_components":[{"__type__":"cc.Label","node":{"__id__":67},"_srcBlendFactor":1,"_useOriginalSize":false,"_string":"我不确定","_N$string":"我不确定","_fontSize":32,"_enableWrapText":false,"_N$verticalAlign":1,"_N$overflow":1},{"__type__":"cc.Widget","node":{"__id__":67},"_alignFlags":40,"_left":0.23,"_right":0.12,"_isAbsLeft":false,"_isAbsRight":false,"_originalWidth":404}],"_color":{"__type__":"cc.Color","r":74,"g":74,"b":74},"_contentSize":{"__type__":"cc.Size","width":399.7499999999999,"height":40},"_position":{"__type__":"cc.Vec3","x":33.82499999999999},"_scale":{"__type__":"cc.Vec3","x":1,"y":1,"z":1}},{"__type__":"cc.Sprite","node":{"__id__":61},"_spriteFrame":{"__uuid__":"3aEwOUygpInZIb+eXiZ+4t"},"_sizeMode":0},{"__type__":"cc.Node","_name":"ErrorWord","_parent":{"__id__":2},"_children":[{"__id__":70},{"__id__":72},{"__id__":73},{"__id__":75},{"__id__":78},{"__id__":80}],"_level":2,"_contentSize":{"__type__":"cc.Size","width":750,"height":1334},"_position":{"__type__":"cc.Vec3","x":750},"_scale":{"__type__":"cc.Vec3","x":1,"y":1,"z":1}},{"__type__":"cc.Node","_name":"Word","_parent":{"__id__":69},"_level":3,"_components":[{"__type__":"cc.Widget","node":{"__id__":70},"_alignFlags":1,"_top":157.5},{"__id__":71}],"_color":{"__type__":"cc.Color","r":74,"g":74,"b":74},"_contentSize":{"__type__":"cc.Size","width":542,"height":85},"_position":{"__type__":"cc.Vec3","x":-6,"y":467},"_scale":{"__type__":"cc.Vec3","x":1,"y":1,"z":1}},{"__type__":"cc.Label","node":{"__id__":70},"_srcBlendFactor":1,"_fontSize":70,"_lineHeight":85,"_enableWrapText":false,"_N$horizontalAlign":1,"_N$verticalAlign":1,"_N$overflow":1},{"__type__":"cc.Node","_name":"Highwords","_parent":{"__id__":69},"_level":3,"_components":[{"__type__":"cc.Sprite","node":{"__id__":72},"_spriteFrame":{"__uuid__":"9bVQkZLYBKtrmhwuj5OHkg"}},{"__type__":"cc.Widget","node":{"__id__":72},"_alignFlags":33,"_top":152}],"_contentSize":{"__type__":"cc.Size","width":38,"height":99},"_position":{"__type__":"cc.Vec3","x":356,"y":465.5},"_scale":{"__type__":"cc.Vec3","x":1,"y":1,"z":1}},{"__type__":"cc.Node","_name":"Phoneticalphabet","_parent":{"__id__":69},"_level":3,"_components":[{"__id__":74},{"__type__":"cc.Widget","node":{"__id__":73},"_alignFlags":1,"_top":270}],"_color":{"__type__":"cc.Color","r":74,"g":74,"b":74},"_contentSize":{"__type__":"cc.Size","width":652,"height":40},"_position":{"__type__":"cc.Vec3","x":-1,"y":377},"_scale":{"__type__":"cc.Vec3","x":1,"y":1,"z":1}},{"__type__":"cc.Label","node":{"__id__":73},"_srcBlendFactor":1,"_useOriginalSize":false,"_string":"spi:nd","_N$string":"spi:nd","_fontSize":30,"_N$horizontalAlign":1,"_N$verticalAlign":1,"_N$overflow":1},{"__type__":"cc.Node","_name":"Reading","_parent":{"__id__":69},"_children":[{"__id__":76},{"__id__":77}],"_level":3,"_components":[{"__type__":"cc.Sprite","node":{"__id__":75},"_spriteFrame":{"__uuid__":"89z7JK6RxACoMUHWVLsGub"}},{"__type__":"cc.Widget","node":{"__id__":75},"_alignFlags":1,"_top":344},{"__type__":"cc.Button","node":{"__id__":75},"clickEvents":[{"__type__":"cc.ClickEvent","target":{"__id__":2},"component":"StudyWord","handler":"playAudio","customEventData":"2"}],"_N$target":{"__id__":75}}],"_contentSize":{"__type__":"cc.Size","width":185,"height":56},"_position":{"__type__":"cc.Vec3","y":295},"_scale":{"__type__":"cc.Vec3","x":1,"y":1,"z":1}},{"__type__":"cc.Node","_name":"ReadingLabel","_parent":{"__id__":75},"_level":2,"_components":[{"__type__":"cc.Label","node":{"__id__":76},"_srcBlendFactor":1,"_useOriginalSize":false,"_string":"朗读","_N$string":"朗读","_fontSize":30,"_N$verticalAlign":1,"_N$overflow":1}],"_color":{"__type__":"cc.Color"},"_contentSize":{"__type__":"cc.Size","width":78,"height":40},"_position":{"__type__":"cc.Vec3","x":-19},"_scale":{"__type__":"cc.Vec3","x":1,"y":1,"z":1}},{"__type__":"cc.Node","_name":"ReadingIcon","_parent":{"__id__":75},"_level":2,"_components":[{"__type__":"cc.Sprite","node":{"__id__":77},"_spriteFrame":{"__uuid__":"acaXKAlLxGwpgw3+9lZw+B"},"_sizeMode":0,"_isTrimmedMode":false},{"__type__":"cc.Animation","node":{"__id__":77},"_defaultClip":{"__uuid__":"9ftWBTWNVMRIQAJVbGMZG+"},"_clips":[{"__uuid__":"9ftWBTWNVMRIQAJVbGMZG+"}]}],"_contentSize":{"__type__":"cc.Size","width":39,"height":37},"_position":{"__type__":"cc.Vec3","x":40},"_scale":{"__type__":"cc.Vec3","x":1,"y":1,"z":1}},{"__type__":"cc.Node","_name":"NextQuestion","_parent":{"__id__":69},"_children":[{"__id__":79}],"_level":3,"_components":[{"__type__":"cc.Sprite","node":{"__id__":78},"_spriteFrame":{"__uuid__":"58l7ORsgBJrLQq5TJA5+iJ"},"_type":1,"_sizeMode":0},{"__type__":"cc.Button","node":{"__id__":78},"pressedColor":{"__type__":"cc.Color","r":255,"g":255,"b":255},"clickEvents":[{"__type__":"cc.ClickEvent","target":{"__id__":2},"component":"StudyWord","handler":"onNextQuestion"}],"_N$normalColor":{"__type__":"cc.Color","r":255,"g":255,"b":255},"_N$disabledColor":{"__type__":"cc.Color","r":255,"g":255,"b":255},"_N$normalSprite":{"__uuid__":"58l7ORsgBJrLQq5TJA5+iJ"},"_N$pressedSprite":{"__uuid__":"e97GVMl6JHh5Ml5qEDdSGa"},"pressedSprite":{"__uuid__":"e97GVMl6JHh5Ml5qEDdSGa"},"_N$hoverSprite":{"__uuid__":"f0BIwQ8D5Ml7nTNQbh1YlS"},"hoverSprite":{"__uuid__":"f0BIwQ8D5Ml7nTNQbh1YlS"},"_N$disabledSprite":{"__uuid__":"29FYIk+N1GYaeWH/q1NxQO"},"_N$target":{"__id__":78}},{"__type__":"cc.Widget","node":{"__id__":78},"_alignFlags":44,"_left":0.08,"_right":0.08,"_bottom":0.04,"_isAbsLeft":false,"_isAbsRight":false,"_isAbsBottom":false,"_originalWidth":620}],"_contentSize":{"__type__":"cc.Size","width":630,"height":120},"_position":{"__type__":"cc.Vec3","y":-553.64},"_scale":{"__type__":"cc.Vec3","x":1,"y":1,"z":1}},{"__type__":"cc.Node","_name":"Label","_parent":{"__id__":78},"_components":[{"__type__":"cc.Label","node":{"__id__":79},"_srcBlendFactor":1,"_useOriginalSize":false,"_string":"下一题","_N$string":"下一题","_fontSize":36,"_enableWrapText":false,"_N$horizontalAlign":1,"_N$verticalAlign":1,"_N$overflow":1}],"_color":{"__type__":"cc.Color","r":254,"g":254,"b":254},"_contentSize":{"__type__":"cc.Size","width":503,"height":40},"_position":{"__type__":"cc.Vec3","x":-2},"_scale":{"__type__":"cc.Vec3","x":1,"y":1,"z":1}},{"__type__":"cc.Node","_name":"Wordparaphrase","_parent":{"__id__":69},"_children":[{"__id__":81}],"_level":3,"_components":[{"__type__":"cc.Sprite","node":{"__id__":80},"_type":1,"_sizeMode":0},{"__type__":"cc.ScrollView","node":{"__id__":80},"horizontal":false,"brake":0.75,"elastic":false,"bounceDuration":0.23,"_N$content":{"__id__":82},"content":{"__id__":82},"_N$horizontalScrollBar":null,"_N$verticalScrollBar":null},{"__type__":"cc.Widget","node":{"__id__":80},"alignMode":2,"_alignFlags":45,"_top":427,"_bottom":205,"_originalWidth":240,"_originalHeight":250}],"_contentSize":{"__type__":"cc.Size","width":750,"height":702},"_position":{"__type__":"cc.Vec3","y":-111},"_scale":{"__type__":"cc.Vec3","x":1,"y":1,"z":1}},{"__type__":"cc.Node","_name":"view","_parent":{"__id__":80},"_children":[{"__id__":82}],"_components":[{"__type__":"cc.Mask","node":{"__id__":81}},{"__type__":"cc.Widget","node":{"__id__":81},"_alignFlags":45,"_originalWidth":240,"_originalHeight":250}],"_contentSize":{"__type__":"cc.Size","width":750,"height":702},"_scale":{"__type__":"cc.Vec3","x":1,"y":1,"z":1}},{"__type__":"cc.Node","_name":"content","_parent":{"__id__":81},"_children":[{"__id__":83},{"__id__":88},{"__id__":93},{"__id__":98}],"_components":[{"__type__":"cc.Widget","node":{"__id__":82},"alignMode":2,"_alignFlags":40,"_originalWidth":220},{"__type__":"cc.Layout","node":{"__id__":82},"_layoutSize":{"__type__":"cc.Size","width":750,"height":680},"_resize":1,"_N$layoutType":2,"_N$spacingY":20}],"_contentSize":{"__type__":"cc.Size","width":750,"height":680},"_anchorPoint":{"__type__":"cc.Vec2","x":0.5,"y":1},"_position":{"__type__":"cc.Vec3","y":351},"_scale":{"__type__":"cc.Vec3","x":1,"y":1,"z":1}},{"__type__":"cc.Node","_name":"Paraphrase","_parent":{"__id__":82},"_children":[{"__id__":84},{"__id__":86}],"_level":1,"_components":[{"__type__":"cc.Sprite","node":{"__id__":83},"_spriteFrame":{"__uuid__":"ba0jaHpGJMvJsJMj8UZrvh"},"_type":1,"_sizeMode":0},{"__type__":"cc.Layout","node":{"__id__":83},"_layoutSize":{"__type__":"cc.Size","width":705,"height":172},"_resize":1,"_N$layoutType":2,"_N$paddingTop":30,"_N$paddingBottom":30},{"__type__":"9f3c7VBUIJHub2wd3JpstXR","node":{"__id__":83},"item":{"__id__":83},"label":{"__id__":87}},{"__type__":"cc.Widget","node":{"__id__":83},"_alignFlags":40,"_left":0.03,"_right":0.03,"_isAbsLeft":false,"_isAbsRight":false,"_originalWidth":713}],"_contentSize":{"__type__":"cc.Size","width":705,"height":172},"_position":{"__type__":"cc.Vec3","y":-86},"_scale":{"__type__":"cc.Vec3","x":1,"y":1,"z":1}},{"__type__":"cc.Node","_name":"Label","_parent":{"__id__":83},"_children":[{"__id__":85}],"_level":2,"_components":[{"__type__":"cc.Label","node":{"__id__":84},"_srcBlendFactor":1,"_useOriginalSize":false,"_string":"释义","_N$string":"释义","_fontSize":26,"_N$horizontalAlign":1,"_N$verticalAlign":1},{"__type__":"cc.Widget","node":{"__id__":84},"_alignFlags":9,"_left":57.5,"_top":30}],"_color":{"__type__":"cc.Color","r":74,"g":74,"b":74},"_contentSize":{"__type__":"cc.Size","width":52,"height":40},"_position":{"__type__":"cc.Vec3","x":-269,"y":36},"_scale":{"__type__":"cc.Vec3","x":1,"y":1,"z":1}},{"__type__":"cc.Node","_name":"icon","_parent":{"__id__":84},"_level":3,"_components":[{"__type__":"cc.Sprite","node":{"__id__":85},"_spriteFrame":{"__uuid__":"e7rO2lL0tNPopPeaxaWxxP"},"_type":1,"_sizeMode":2}],"_contentSize":{"__type__":"cc.Size","width":13,"height":12},"_position":{"__type__":"cc.Vec3","x":-44,"y":2},"_scale":{"__type__":"cc.Vec3","x":1,"y":1,"z":1}},{"__type__":"cc.Node","_name":"ParaphraseContent","_parent":{"__id__":83},"_level":2,"_components":[{"__id__":87},{"__type__":"cc.Widget","node":{"__id__":86},"_alignFlags":40,"_left":0.05,"_right":0.08,"_isAbsLeft":false,"_isAbsRight":false,"_originalWidth":623}],"_color":{"__type__":"cc.Color"},"_contentSize":{"__type__":"cc.Size","width":613.35,"height":72},"_position":{"__type__":"cc.Vec3","x":-10.574999999999989,"y":-20},"_scale":{"__type__":"cc.Vec3","x":1,"y":1,"z":1}},{"__type__":"cc.Label","node":{"__id__":86},"_srcBlendFactor":1,"_useOriginalSize":false,"_string":"Label\nLabel","_N$string":"Label\nLabel","_fontSize":26,"_lineHeight":36,"_N$verticalAlign":1,"_N$overflow":3},{"__type__":"cc.Node","_name":"HelpNote","_parent":{"__id__":82},"_children":[{"__id__":89},{"__id__":91}],"_level":1,"_components":[{"__type__":"cc.Sprite","node":{"__id__":88},"_spriteFrame":{"__uuid__":"ba0jaHpGJMvJsJMj8UZrvh"},"_type":1,"_sizeMode":0},{"__type__":"cc.Layout","node":{"__id__":88},"_layoutSize":{"__type__":"cc.Size","width":705,"height":136},"_resize":1,"_N$layoutType":2,"_N$paddingTop":30,"_N$paddingBottom":30},{"__type__":"9f3c7VBUIJHub2wd3JpstXR","node":{"__id__":88},"item":{"__id__":88},"label":{"__id__":92}},{"__type__":"cc.Widget","node":{"__id__":88},"_alignFlags":40,"_left":0.03,"_right":0.03,"_isAbsLeft":false,"_isAbsRight":false,"_originalWidth":713}],"_contentSize":{"__type__":"cc.Size","width":705,"height":136},"_position":{"__type__":"cc.Vec3","y":-260},"_scale":{"__type__":"cc.Vec3","x":1,"y":1,"z":1}},{"__type__":"cc.Node","_name":"Label","_parent":{"__id__":88},"_children":[{"__id__":90}],"_level":2,"_components":[{"__type__":"cc.Label","node":{"__id__":89},"_srcBlendFactor":1,"_useOriginalSize":false,"_string":"考点助记","_N$string":"考点助记","_fontSize":26,"_N$horizontalAlign":1,"_N$verticalAlign":1},{"__type__":"cc.Widget","node":{"__id__":89},"_alignFlags":9,"_left":57.5,"_top":30}],"_color":{"__type__":"cc.Color","r":74,"g":74,"b":74},"_contentSize":{"__type__":"cc.Size","width":104,"height":40},"_position":{"__type__":"cc.Vec3","x":-243,"y":18},"_scale":{"__type__":"cc.Vec3","x":1,"y":1,"z":1}},{"__type__":"cc.Node","_name":"icon","_parent":{"__id__":89},"_level":3,"_components":[{"__type__":"cc.Sprite","node":{"__id__":90},"_spriteFrame":{"__uuid__":"39g1IeU+5Ovp6fQoqz8O27"},"_type":1,"_sizeMode":2}],"_contentSize":{"__type__":"cc.Size","width":13,"height":12},"_position":{"__type__":"cc.Vec3","x":-70,"y":1},"_scale":{"__type__":"cc.Vec3","x":1,"y":1,"z":1}},{"__type__":"cc.Node","_name":"Note","_parent":{"__id__":88},"_level":2,"_components":[{"__id__":92},{"__type__":"cc.Widget","node":{"__id__":91},"_alignFlags":40,"_left":0.05,"_right":0.08,"_isAbsLeft":false,"_isAbsRight":false,"_originalWidth":623}],"_color":{"__type__":"cc.Color"},"_contentSize":{"__type__":"cc.Size","width":613.35,"height":36},"_position":{"__type__":"cc.Vec3","x":-10.574999999999989,"y":-20},"_scale":{"__type__":"cc.Vec3","x":1,"y":1,"z":1}},{"__type__":"cc.Label","node":{"__id__":91},"_srcBlendFactor":1,"_useOriginalSize":false,"_string":"Label","_N$string":"Label","_fontSize":26,"_lineHeight":36,"_N$verticalAlign":1,"_N$overflow":3},{"__type__":"cc.Node","_name":"Match","_parent":{"__id__":82},"_children":[{"__id__":94},{"__id__":96}],"_level":1,"_components":[{"__type__":"cc.Sprite","node":{"__id__":93},"_spriteFrame":{"__uuid__":"ba0jaHpGJMvJsJMj8UZrvh"},"_type":1,"_sizeMode":0},{"__type__":"cc.Layout","node":{"__id__":93},"_layoutSize":{"__type__":"cc.Size","width":705,"height":136},"_resize":1,"_N$layoutType":2,"_N$paddingTop":30,"_N$paddingBottom":30},{"__type__":"9f3c7VBUIJHub2wd3JpstXR","node":{"__id__":93},"item":{"__id__":93},"label":{"__id__":97}},{"__type__":"cc.Widget","node":{"__id__":93},"_alignFlags":40,"_left":0.03,"_right":0.03,"_isAbsLeft":false,"_isAbsRight":false,"_originalWidth":713}],"_contentSize":{"__type__":"cc.Size","width":705,"height":136},"_position":{"__type__":"cc.Vec3","y":-416},"_scale":{"__type__":"cc.Vec3","x":1,"y":1,"z":1}},{"__type__":"cc.Node","_name":"Label","_parent":{"__id__":93},"_children":[{"__id__":95}],"_level":2,"_components":[{"__type__":"cc.Label","node":{"__id__":94},"_srcBlendFactor":1,"_useOriginalSize":false,"_string":"常考搭配","_N$string":"常考搭配","_fontSize":26,"_N$horizontalAlign":1,"_N$verticalAlign":1},{"__type__":"cc.Widget","node":{"__id__":94},"_alignFlags":9,"_left":58.5,"_top":30}],"_color":{"__type__":"cc.Color","r":74,"g":74,"b":74},"_contentSize":{"__type__":"cc.Size","width":104,"height":40},"_position":{"__type__":"cc.Vec3","x":-242,"y":18},"_scale":{"__type__":"cc.Vec3","x":1,"y":1,"z":1}},{"__type__":"cc.Node","_name":"icon","_parent":{"__id__":94},"_level":3,"_components":[{"__type__":"cc.Sprite","node":{"__id__":95},"_spriteFrame":{"__uuid__":"20q5VTTExAWrVzez4V5ZeR"},"_type":1,"_sizeMode":2}],"_contentSize":{"__type__":"cc.Size","width":13,"height":12},"_position":{"__type__":"cc.Vec3","x":-72},"_scale":{"__type__":"cc.Vec3","x":1,"y":1,"z":1}},{"__type__":"cc.Node","_name":"MatchLabel","_parent":{"__id__":93},"_level":2,"_components":[{"__id__":97},{"__type__":"cc.Widget","node":{"__id__":96},"_alignFlags":40,"_left":0.05,"_right":0.08,"_isAbsLeft":false,"_isAbsRight":false,"_originalWidth":623}],"_color":{"__type__":"cc.Color"},"_contentSize":{"__type__":"cc.Size","width":613.35,"height":36},"_position":{"__type__":"cc.Vec3","x":-10.574999999999989,"y":-20},"_scale":{"__type__":"cc.Vec3","x":1,"y":1,"z":1}},{"__type__":"cc.Label","node":{"__id__":96},"_srcBlendFactor":1,"_useOriginalSize":false,"_string":"Label","_N$string":"Label","_fontSize":26,"_lineHeight":36,"_N$verticalAlign":1,"_N$overflow":3},{"__type__":"cc.Node","_name":"HistoryTest","_parent":{"__id__":82},"_children":[{"__id__":99},{"__id__":101},{"__id__":105}],"_level":1,"_components":[{"__type__":"cc.Sprite","node":{"__id__":98},"_spriteFrame":{"__uuid__":"ba0jaHpGJMvJsJMj8UZrvh"},"_type":1,"_sizeMode":0},{"__type__":"cc.Layout","node":{"__id__":98},"_layoutSize":{"__type__":"cc.Size","width":705,"height":176},"_resize":1,"_N$layoutType":2,"_N$paddingTop":30,"_N$paddingBottom":30},{"__type__":"9f3c7VBUIJHub2wd3JpstXR","node":{"__id__":98},"item":{"__id__":98},"labelZh":{"__id__":106},"labelEn":{"__id__":104}},{"__type__":"cc.Widget","node":{"__id__":98},"_alignFlags":40,"_left":0.03,"_right":0.03,"_isAbsLeft":false,"_isAbsRight":false,"_originalWidth":713}],"_contentSize":{"__type__":"cc.Size","width":705,"height":176},"_position":{"__type__":"cc.Vec3","y":-592},"_scale":{"__type__":"cc.Vec3","x":1,"y":1,"z":1}},{"__type__":"cc.Node","_name":"Label","_parent":{"__id__":98},"_children":[{"__id__":100}],"_level":2,"_components":[{"__type__":"cc.Label","node":{"__id__":99},"_srcBlendFactor":1,"_useOriginalSize":false,"_string":"真题例句","_N$string":"真题例句","_fontSize":26,"_N$horizontalAlign":1,"_N$verticalAlign":1},{"__type__":"cc.Widget","node":{"__id__":99},"_alignFlags":9,"_left":57.5,"_top":30}],"_color":{"__type__":"cc.Color","r":74,"g":74,"b":74},"_contentSize":{"__type__":"cc.Size","width":104,"height":40},"_position":{"__type__":"cc.Vec3","x":-243,"y":38},"_scale":{"__type__":"cc.Vec3","x":1,"y":1,"z":1}},{"__type__":"cc.Node","_name":"icon","_parent":{"__id__":99},"_level":3,"_components":[{"__type__":"cc.Sprite","node":{"__id__":100},"_spriteFrame":{"__uuid__":"1eMlMQXOpFLYj81N1QjG6z"},"_type":2,"_sizeMode":0}],"_contentSize":{"__type__":"cc.Size","width":13,"height":12},"_position":{"__type__":"cc.Vec3","x":-70,"y":1},"_scale":{"__type__":"cc.Vec3","x":1,"y":1,"z":1}},{"__type__":"cc.Node","_name":"Test","_parent":{"__id__":98},"_children":[{"__id__":102},{"__id__":103}],"_level":2,"_components":[{"__id__":104}],"_color":{"__type__":"cc.Color"},"_contentSize":{"__type__":"cc.Size","width":99.69,"height":40},"_position":{"__type__":"cc.Vec3","x":-10.575000000000017,"y":-2},"_scale":{"__type__":"cc.Vec3","x":1,"y":1,"z":1}},{"__type__":"cc.PrivateNode","_name":"RICHTEXT_CHILD","_parent":{"__id__":101},"_level":3,"_components":[{"__type__":"cc.Label","node":{"__id__":102},"_srcBlendFactor":1,"_string":"Rich","_N$string":"Rich","_fontSize":26,"_N$verticalAlign":1}],"_color":{"__type__":"cc.Color","g":255},"_contentSize":{"__type__":"cc.Size","width":52.01,"height":40},"_anchorPoint":{"__type__":"cc.Vec2"},"_position":{"__type__":"cc.Vec3","x":-49.845,"y":-20},"_scale":{"__type__":"cc.Vec3","x":1,"y":1,"z":1}},{"__type__":"cc.PrivateNode","_name":"RICHTEXT_CHILD","_parent":{"__id__":101},"_level":3,"_components":[{"__type__":"cc.Label","node":{"__id__":103},"_srcBlendFactor":1,"_string":"Text","_N$string":"Text","_fontSize":26,"_N$verticalAlign":1}],"_color":{"__type__":"cc.Color","r":15,"g":255,"b":255},"_contentSize":{"__type__":"cc.Size","width":47.68,"height":40},"_anchorPoint":{"__type__":"cc.Vec2"},"_position":{"__type__":"cc.Vec3","x":2.164999999999999,"y":-20},"_scale":{"__type__":"cc.Vec3","x":1,"y":1,"z":1}},{"__type__":"cc.RichText","node":{"__id__":101},"_N$fontSize":26},{"__type__":"cc.Node","_name":"Testzh","_parent":{"__id__":98},"_level":2,"_components":[{"__id__":106},{"__type__":"cc.Widget","node":{"__id__":105},"alignMode":2,"_alignFlags":40,"_left":0.05,"_right":0.08,"_isAbsLeft":false,"_isAbsRight":false,"_originalWidth":623}],"_color":{"__type__":"cc.Color","r":121,"g":121,"b":121},"_contentSize":{"__type__":"cc.Size","width":613.35,"height":36},"_position":{"__type__":"cc.Vec3","x":-10.574999999999989,"y":-40},"_scale":{"__type__":"cc.Vec3","x":1,"y":1,"z":1}},{"__type__":"cc.Label","node":{"__id__":105},"_srcBlendFactor":1,"_useOriginalSize":false,"_string":"Labe","_N$string":"Labe","_fontSize":24,"_lineHeight":36,"_N$verticalAlign":1,"_N$overflow":3},{"__type__":"cc.Node","_name":"Mask","_parent":{"__id__":2},"_level":2,"_components":[{"__type__":"cc.Sprite","node":{"__id__":107},"_spriteFrame":{"__uuid__":"0aoLNsxKlM4qs77+3nCObU"},"_sizeMode":0},{"__type__":"cc.Widget","node":{"__id__":107},"_alignFlags":45,"_originalWidth":2,"_originalHeight":2}],"_opacity":0,"_color":{"__type__":"cc.Color"},"_contentSize":{"__type__":"cc.Size","width":750,"height":1334},"_scale":{"__type__":"cc.Vec3","x":1,"y":1,"z":1}}],{"__type__":"cc.AudioClip","_name":"star","_native":".mp3"},{"__type__":"cc.SpriteFrame","content":{"name":"starpart","texture":"77jXgzoMNCfKsI0ysngdLC","rect":[3,6,193,184],"offset":[-0.5,2],"originalSize":[200,200],"capInsets":[0,0,0,0]}},{"__type__":"cc.AudioClip","_name":"error","_native":".mp3"},{"__type__":"cc.SpriteFrame","content":{"name":"paraphrase","texture":"c4aw/yn2ZLlJ1MHiRgB3ga","rect":[0,0,13,12],"offset":[0,0],"originalSize":[13,12],"capInsets":[0,0,0,0]}},{"__type__":"cc.SpriteFrame","content":{"name":"star","texture":"e28Y9WlidKc69hnVwjqYAe","rect":[0,1,44,43],"offset":[0,0],"originalSize":[44,45],"capInsets":[0,0,0,0]}},{"__type__":"cc.SpriteFrame","content":{"name":"default_btn_pressed","texture":"b4P/PCArtIdIH38t6mlw8Y","rect":[0,0,40,40],"offset":[0,0],"originalSize":[40,40],"capInsets":[12,12,12,12]}},{"__type__":"cc.SpriteFrame","content":{"name":"default_btn_normal","texture":"e8Ueib+qJEhL6mXAHdnwbi","rect":[0,0,40,40],"offset":[0,0],"originalSize":[40,40],"capInsets":[12,12,12,12]}},{"__type__":"cc.LabelAtlas","_name":"LabelAtlas","spriteFrame":{"__uuid__":"62FXGoMPpBLqHdcT2ZVtJY"},"fontSize":66.88,"_fntConfig":{"commonHeight":76,"fontSize":66,"atlasName":"num","fontDefDictionary":{"48":{"rect":{"x":0,"y":0,"width":56,"height":76},"xOffset":0,"yOffset":0,"xAdvance":56},"49":{"rect":{"x":56,"y":0,"width":56,"height":76},"xOffset":0,"yOffset":0,"xAdvance":56},"50":{"rect":{"x":112,"y":0,"width":56,"height":76},"xOffset":0,"yOffset":0,"xAdvance":56},"51":{"rect":{"x":168,"y":0,"width":56,"height":76},"xOffset":0,"yOffset":0,"xAdvance":56},"52":{"rect":{"x":224,"y":0,"width":56,"height":76},"xOffset":0,"yOffset":0,"xAdvance":56},"53":{"rect":{"x":280,"y":0,"width":56,"height":76},"xOffset":0,"yOffset":0,"xAdvance":56},"54":{"rect":{"x":336,"y":0,"width":56,"height":76},"xOffset":0,"yOffset":0,"xAdvance":56},"55":{"rect":{"x":392,"y":0,"width":56,"height":76},"xOffset":0,"yOffset":0,"xAdvance":56},"56":{"rect":{"x":448,"y":0,"width":56,"height":76},"xOffset":0,"yOffset":0,"xAdvance":56},"57":{"rect":{"x":504,"y":0,"width":56,"height":76},"xOffset":0,"yOffset":0,"xAdvance":56}},"kerningDict":{}}}]