[{"__type__":"cc.SpriteFrame","content":{"name":"white_bg","texture":"11+MH+mEdPXZmm6UnzsvES","rect":[0,0,490,286],"offset":[0,0],"originalSize":[490,286],"capInsets":[0,0,0,0]}},{"__type__":"cc.SpriteFrame","content":{"name":"default_btn_disabled","texture":"71VhFCTINJM6/Ky3oX9nBT","rect":[0,0,40,40],"offset":[0,0],"originalSize":[40,40],"capInsets":[12,12,12,12]}},{"__type__":"cc.SpriteFrame","content":{"name":"back","texture":"0crVq4CiFGKJ6Q4VG57SZ9","rect":[0,0,20,34],"offset":[0,0],"originalSize":[20,34],"capInsets":[0,0,0,0]}},{"__type__":"cc.SpriteFrame","content":{"name":"default_panel","texture":"d8HsitJHxOYqo801xBk8ev","rect":[0,0,20,20],"offset":[0,0],"originalSize":[20,20],"capInsets":[6,6,6,6]}},[{"__type__":"cc.SceneAsset","_name":"ShopRule","scene":{"__id__":1},"asyncLoadAssets":null},{"__type__":"cc.Scene","_name":"New Node","_children":[{"__id__":2}],"_anchorPoint":{"__type__":"cc.Vec2"},"_scale":{"__type__":"cc.Vec3","x":0.3913043478260869,"y":0.3913043478260869,"z":1},"autoReleaseAssets":false},{"__type__":"cc.Node","_name":"Canvas","_parent":{"__id__":1},"_children":[{"__id__":3},{"__id__":4},{"__id__":8}],"_level":1,"_components":[{"__type__":"cc.Canvas","node":{"__id__":2},"_designResolution":{"__type__":"cc.Size","width":750,"height":1334}},{"__type__":"fe478+i1FNJrpPLA0EtAA7a","node":{"__id__":2}}],"_color":{"__type__":"cc.Color","r":252,"g":249,"b":238},"_contentSize":{"__type__":"cc.Size","width":750,"height":1334},"_position":{"__type__":"cc.Vec3","x":375,"y":667},"_scale":{"__type__":"cc.Vec3","x":1,"y":1,"z":1},"_id":"a7B8F8Md9JdJ4ztpLS5Ezx"},{"__type__":"cc.Node","_name":"Main Camera","_parent":{"__id__":2},"_level":2,"_components":[{"__type__":"cc.Camera","node":{"__id__":3},"_clearFlags":7,"_backgroundColor":{"__type__":"cc.Color","r":252,"g":249,"b":238},"_depth":-1}],"_color":{"__type__":"cc.Color","r":252,"g":249,"b":238},"_scale":{"__type__":"cc.Vec3","x":1,"y":1,"z":1}},{"__type__":"cc.Node","_name":"NavigationBar","_parent":{"__id__":2},"_children":[{"__id__":5},{"__id__":7}],"_level":2,"_components":[{"__type__":"cc.Sprite","node":{"__id__":4},"_spriteFrame":{"__uuid__":"16CnnZYYNM/o+1K8BpewH6"},"_sizeMode":0},{"__type__":"cc.Widget","node":{"__id__":4},"alignMode":2,"_alignFlags":41,"_originalWidth":40}],"_contentSize":{"__type__":"cc.Size","width":750,"height":128},"_position":{"__type__":"cc.Vec3","y":603},"_scale":{"__type__":"cc.Vec3","x":1,"y":1,"z":1}},{"__type__":"cc.Node","_name":"BackBtn","_parent":{"__id__":4},"_children":[{"__id__":6}],"_level":3,"_components":[{"__type__":"cc.Button","node":{"__id__":5},"pressedColor":{"__type__":"cc.Color","r":255,"g":255,"b":255},"clickEvents":[{"__type__":"cc.ClickEvent","target":{"__id__":2},"component":"ShopRule","handler":"backBtnClick","customEventData":"true"}],"_N$normalColor":{"__type__":"cc.Color","r":255,"g":255,"b":255},"_N$disabledColor":{"__type__":"cc.Color","r":255,"g":255,"b":255},"_N$pressedSprite":{"__uuid__":"e97GVMl6JHh5Ml5qEDdSGa"},"pressedSprite":{"__uuid__":"e97GVMl6JHh5Ml5qEDdSGa"},"_N$hoverSprite":{"__uuid__":"f0BIwQ8D5Ml7nTNQbh1YlS"},"hoverSprite":{"__uuid__":"f0BIwQ8D5Ml7nTNQbh1YlS"},"_N$disabledSprite":{"__uuid__":"29FYIk+N1GYaeWH/q1NxQO"},"_N$target":{"__id__":5}},{"__type__":"cc.Widget","node":{"__id__":5},"alignMode":2,"_alignFlags":9,"_left":20,"_top":55}],"_contentSize":{"__type__":"cc.Size","width":50,"height":50},"_position":{"__type__":"cc.Vec3","x":-330,"y":-16},"_scale":{"__type__":"cc.Vec3","x":1,"y":1,"z":1}},{"__type__":"cc.Node","_name":"Sprite","_parent":{"__id__":5},"_level":3,"_components":[{"__type__":"cc.Sprite","node":{"__id__":6},"_spriteFrame":{"__uuid__":"83jl2tL11O4KOcaqrDgUjB"}},{"__type__":"cc.Widget","node":{"__id__":6},"alignMode":2,"_alignFlags":18}],"_contentSize":{"__type__":"cc.Size","width":20,"height":34},"_scale":{"__type__":"cc.Vec3","x":1,"y":1,"z":1}},{"__type__":"cc.Node","_name":"TitleLabel","_parent":{"__id__":4},"_level":3,"_components":[{"__type__":"cc.Label","node":{"__id__":7},"_srcBlendFactor":1,"_useOriginalSize":false,"_string":"规则说明","_N$string":"规则说明","_fontSize":38,"_lineHeight":38,"_N$horizontalAlign":1,"_N$verticalAlign":1},{"__type__":"cc.Widget","node":{"__id__":7},"alignMode":2,"_alignFlags":17,"_top":62}],"_color":{"__type__":"cc.Color"},"_contentSize":{"__type__":"cc.Size","width":152,"height":38},"_position":{"__type__":"cc.Vec3","y":-17},"_scale":{"__type__":"cc.Vec3","x":1,"y":1,"z":1}},{"__type__":"cc.Node","_name":"ScrollView","_parent":{"__id__":2},"_children":[{"__id__":9}],"_level":2,"_components":[{"__type__":"cc.Sprite","node":{"__id__":8},"_spriteFrame":{"__uuid__":"9bvaMerUlDyary99mJa6xp"},"_type":1,"_sizeMode":0},{"__type__":"cc.ScrollView","node":{"__id__":8},"horizontal":false,"brake":0.75,"elastic":false,"bounceDuration":0.23,"_N$content":{"__id__":10},"content":{"__id__":10},"_N$horizontalScrollBar":null,"_N$verticalScrollBar":null},{"__type__":"cc.Widget","node":{"__id__":8},"alignMode":2,"_alignFlags":45,"_top":128,"_originalWidth":240,"_originalHeight":250}],"_contentSize":{"__type__":"cc.Size","width":750,"height":1206},"_position":{"__type__":"cc.Vec3","y":-64},"_scale":{"__type__":"cc.Vec3","x":1,"y":1,"z":1}},{"__type__":"cc.Node","_name":"view","_parent":{"__id__":8},"_children":[{"__id__":10}],"_components":[{"__type__":"cc.Mask","node":{"__id__":9}},{"__type__":"cc.Widget","node":{"__id__":9},"alignMode":2,"_alignFlags":45,"_originalWidth":240,"_originalHeight":250}],"_contentSize":{"__type__":"cc.Size","width":750,"height":1206},"_scale":{"__type__":"cc.Vec3","x":1,"y":1,"z":1}},{"__type__":"cc.Node","_name":"content","_parent":{"__id__":9},"_children":[{"__id__":11},{"__id__":16}],"_components":[{"__type__":"cc.Widget","node":{"__id__":10},"alignMode":2,"_alignFlags":40,"_originalWidth":220},{"__type__":"cc.Layout","node":{"__id__":10},"_layoutSize":{"__type__":"cc.Size","width":750,"height":1069},"_resize":1,"_N$layoutType":2,"_N$paddingTop":12,"_N$paddingBottom":12,"_N$spacingY":5}],"_contentSize":{"__type__":"cc.Size","width":750,"height":1069},"_anchorPoint":{"__type__":"cc.Vec2","x":0.5,"y":1},"_position":{"__type__":"cc.Vec3","y":603},"_scale":{"__type__":"cc.Vec3","x":1,"y":1,"z":1}},{"__type__":"cc.Node","_name":"Rule","_parent":{"__id__":10},"_children":[{"__id__":12},{"__id__":13},{"__id__":14},{"__id__":15}],"_level":1,"_components":[{"__type__":"cc.Sprite","node":{"__id__":11},"_type":1,"_sizeMode":0},{"__type__":"cc.Widget","node":{"__id__":11},"alignMode":2,"_alignFlags":40,"_left":20,"_right":20,"_top":12,"_originalWidth":40}],"_contentSize":{"__type__":"cc.Size","width":710,"height":520},"_position":{"__type__":"cc.Vec3","y":-272},"_scale":{"__type__":"cc.Vec3","x":1,"y":1,"z":1}},{"__type__":"cc.Node","_name":"UseTitleLabel","_parent":{"__id__":11},"_level":2,"_components":[{"__type__":"cc.Label","node":{"__id__":12},"_srcBlendFactor":1,"_useOriginalSize":false,"_string":"橙币如何使用","_N$string":"橙币如何使用","_fontSize":30,"_lineHeight":30,"_N$verticalAlign":1},{"__type__":"cc.Widget","node":{"__id__":12},"alignMode":2,"_alignFlags":9,"_left":45,"_top":60}],"_color":{"__type__":"cc.Color","r":74,"g":74,"b":74},"_contentSize":{"__type__":"cc.Size","width":180,"height":30},"_position":{"__type__":"cc.Vec3","x":-220,"y":185},"_scale":{"__type__":"cc.Vec3","x":1,"y":1,"z":1}},{"__type__":"cc.Node","_name":"UseDetailLabel","_parent":{"__id__":11},"_level":2,"_components":[{"__type__":"cc.Label","node":{"__id__":13},"_srcBlendFactor":1,"_useOriginalSize":false,"_string":"1.橙币可以橙啦全系列产品（橙啦APP、酷爱背单词）橙币商城使用。\n2.橙币可用于兑换实物商品、优惠券、购买课程减免等。\n3.100橙币价值为1人民币。","_N$string":"1.橙币可以橙啦全系列产品（橙啦APP、酷爱背单词）橙币商城使用。\n2.橙币可用于兑换实物商品、优惠券、购买课程减免等。\n3.100橙币价值为1人民币。","_fontSize":24,"_lineHeight":32,"_N$verticalAlign":1,"_N$overflow":3},{"__type__":"cc.Widget","node":{"__id__":13},"alignMode":2,"_alignFlags":41,"_left":45,"_right":45,"_top":110,"_originalWidth":740.04}],"_color":{"__type__":"cc.Color","r":164,"g":164,"b":164},"_contentSize":{"__type__":"cc.Size","width":620,"height":128},"_position":{"__type__":"cc.Vec3","y":86},"_scale":{"__type__":"cc.Vec3","x":1,"y":1,"z":1}},{"__type__":"cc.Node","_name":"GainTitleLabel","_parent":{"__id__":11},"_level":2,"_components":[{"__type__":"cc.Label","node":{"__id__":14},"_srcBlendFactor":1,"_useOriginalSize":false,"_string":"如何获得橙币","_N$string":"如何获得橙币","_fontSize":30,"_lineHeight":30,"_N$verticalAlign":1},{"__type__":"cc.Widget","node":{"__id__":14},"alignMode":2,"_alignFlags":9,"_left":45,"_top":280}],"_color":{"__type__":"cc.Color","r":74,"g":74,"b":74},"_contentSize":{"__type__":"cc.Size","width":180,"height":30},"_position":{"__type__":"cc.Vec3","x":-220,"y":-35},"_scale":{"__type__":"cc.Vec3","x":1,"y":1,"z":1}},{"__type__":"cc.Node","_name":"GainDetailLabel","_parent":{"__id__":11},"_level":2,"_components":[{"__type__":"cc.Label","node":{"__id__":15},"_srcBlendFactor":1,"_useOriginalSize":false,"_string":"1.用户每日完成闯关或复习任务获得橙币奖励，关卡星级不同橙币奖励不同。\n2.用户每日获得人气值，获得同等数量橙币奖励。\n3.用户每日前三次打卡分享获得橙币奖励。","_N$string":"1.用户每日完成闯关或复习任务获得橙币奖励，关卡星级不同橙币奖励不同。\n2.用户每日获得人气值，获得同等数量橙币奖励。\n3.用户每日前三次打卡分享获得橙币奖励。","_fontSize":24,"_lineHeight":32,"_N$verticalAlign":1,"_N$overflow":3},{"__type__":"cc.Widget","node":{"__id__":15},"alignMode":2,"_alignFlags":41,"_left":45,"_right":45,"_top":330,"_originalWidth":740.04}],"_color":{"__type__":"cc.Color","r":164,"g":164,"b":164},"_contentSize":{"__type__":"cc.Size","width":620,"height":128},"_position":{"__type__":"cc.Vec3","y":-134},"_scale":{"__type__":"cc.Vec3","x":1,"y":1,"z":1}},{"__type__":"cc.Node","_name":"Back","_parent":{"__id__":10},"_children":[{"__id__":17},{"__id__":18}],"_level":1,"_components":[{"__type__":"cc.Sprite","node":{"__id__":16},"_type":1,"_sizeMode":0},{"__type__":"cc.Widget","node":{"__id__":16},"alignMode":2,"_alignFlags":40,"_left":20,"_right":20,"_top":532,"_originalWidth":40}],"_contentSize":{"__type__":"cc.Size","width":710,"height":520},"_position":{"__type__":"cc.Vec3","y":-797},"_scale":{"__type__":"cc.Vec3","x":1,"y":1,"z":1}},{"__type__":"cc.Node","_name":"RuleTitleLabel","_parent":{"__id__":16},"_level":2,"_components":[{"__type__":"cc.Label","node":{"__id__":17},"_srcBlendFactor":1,"_useOriginalSize":false,"_string":"退还规则","_N$string":"退还规则","_fontSize":30,"_lineHeight":30,"_N$verticalAlign":1},{"__type__":"cc.Widget","node":{"__id__":17},"alignMode":2,"_alignFlags":9,"_left":45,"_top":60}],"_color":{"__type__":"cc.Color","r":253,"g":109,"b":39},"_contentSize":{"__type__":"cc.Size","width":120,"height":30},"_position":{"__type__":"cc.Vec3","x":-250,"y":185},"_scale":{"__type__":"cc.Vec3","x":1,"y":1,"z":1}},{"__type__":"cc.Node","_name":"RuleDetailLabel","_parent":{"__id__":16},"_level":2,"_components":[{"__type__":"cc.Label","node":{"__id__":18},"_srcBlendFactor":1,"_useOriginalSize":false,"_string":"1.橙币可以橙啦全系列产品（橙啦APP、酷爱背单词）橙币商城使用。\n2.橙币可用于兑换实物商品、优惠券、购买课程减免等。\n3.100橙币价值为1人民币。","_N$string":"1.橙币可以橙啦全系列产品（橙啦APP、酷爱背单词）橙币商城使用。\n2.橙币可用于兑换实物商品、优惠券、购买课程减免等。\n3.100橙币价值为1人民币。","_fontSize":24,"_lineHeight":32,"_N$verticalAlign":1,"_N$overflow":3},{"__type__":"cc.Widget","node":{"__id__":18},"alignMode":2,"_alignFlags":41,"_left":45,"_right":45,"_top":110,"_originalWidth":740.04}],"_color":{"__type__":"cc.Color","r":164,"g":164,"b":164},"_contentSize":{"__type__":"cc.Size","width":620,"height":128},"_position":{"__type__":"cc.Vec3","y":86},"_scale":{"__type__":"cc.Vec3","x":1,"y":1,"z":1}}],{"__type__":"cc.SpriteFrame","content":{"name":"default_btn_pressed","texture":"b4P/PCArtIdIH38t6mlw8Y","rect":[0,0,40,40],"offset":[0,0],"originalSize":[40,40],"capInsets":[12,12,12,12]}},{"__type__":"cc.SpriteFrame","content":{"name":"default_btn_normal","texture":"e8Ueib+qJEhL6mXAHdnwbi","rect":[0,0,40,40],"offset":[0,0],"originalSize":[40,40],"capInsets":[12,12,12,12]}}]