[{"__type__":"cc.AnimationClip","_name":"SetSwitchLeftAnimation","_duration":1,"sample":30,"speed":3,"curveData":{"props":{"x":[{"frame":0,"value":15.5},{"frame":0.16666666666666666,"value":10},{"frame":0.3333333333333333,"value":5},{"frame":0.5,"value":0},{"frame":0.6666666666666666,"value":-5},{"frame":0.8333333333333334,"value":-10},{"frame":1,"value":-16.5}]}}},{"__type__":"cc.AnimationClip","_name":"SetSwitchRightAnimation","_duration":0.5,"speed":3,"curveData":{"props":{"x":[{"frame":0,"value":-16.5},{"frame":0.08333333333333333,"value":-10},{"frame":0.16666666666666666,"value":-5},{"frame":0.25,"value":0},{"frame":0.3333333333333333,"value":5},{"frame":0.4166666666666667,"value":10},{"frame":0.5,"value":15.5}]}}}]