[{"__type__":"cc.SpriteFrame","content":{"name":"line","texture":"6dd/haCfBPnoHoBV+Hzz2K","rect":[0,29,60,2],"offset":[0,0],"originalSize":[60,60],"capInsets":[0,0,0,0]}},{"__type__":"cc.SpriteFrame","content":{"name":"study_add_review_bottom_bg","texture":"feDBeNDMdA9Zj5QRFDMRyP","rect":[0,0,705,35],"offset":[0,0],"originalSize":[705,35],"capInsets":[30,0,30,0]}},{"__type__":"cc.SpriteFrame","content":{"name":"default_btn_disabled","texture":"71VhFCTINJM6/Ky3oX9nBT","rect":[0,0,40,40],"offset":[0,0],"originalSize":[40,40],"capInsets":[12,12,12,12]}},{"__type__":"cc.SpriteFrame","content":{"name":"study_add_review_star","texture":"01gikVfdxOVZWRQK6aV15n","rect":[0,0,652,264],"offset":[0,0],"originalSize":[652,264],"capInsets":[0,0,0,0]}},{"__type__":"cc.SpriteFrame","content":{"name":"add_review_backhome_bg","texture":"a1Ql3RjRZH5IwEQQPu4vSI","rect":[0,0,750,123],"offset":[0,0],"originalSize":[750,123],"capInsets":[0,0,0,0]}},{"__type__":"cc.SpriteFrame","content":{"name":"study_add_review_unselect","texture":"95rvv/dI9IR6mNQYtx82c8","rect":[0,0,40,40],"offset":[0,0],"originalSize":[40,40],"capInsets":[0,0,0,0]}},{"__type__":"cc.SpriteFrame","content":{"name":"back","texture":"0crVq4CiFGKJ6Q4VG57SZ9","rect":[0,0,20,34],"offset":[0,0],"originalSize":[20,34],"capInsets":[0,0,0,0]}},{"__type__":"cc.SpriteFrame","content":{"name":"default_sprite_splash","texture":"02delMVqdBD70a/HSD99FK","rect":[0,0,2,2],"offset":[0,0],"originalSize":[2,2],"capInsets":[0,0,0,0]}},{"__type__":"cc.SpriteFrame","content":{"name":"study_add_review_top_bg","texture":"a7ARYElSVB3KiqgflovooU","rect":[0,0,705,34],"offset":[0,0],"originalSize":[705,34],"capInsets":[40,30,40,0]}},[{"__type__":"cc.Prefab","_name":"AddReviewListItem","data":{"__id__":1}},{"__type__":"cc.Node","_name":"AddReviewListItem","_children":[{"__id__":2},{"__id__":4},{"__id__":6},{"__id__":8},{"__id__":10}],"_level":1,"_components":[{"__type__":"cc.Sprite","node":{"__id__":1},"_spriteFrame":{"__uuid__":"c6WXJVHYZIdK+D5Rtnm5SS"},"_type":1,"_sizeMode":0},{"__type__":"cc.Button","node":{"__id__":1},"pressedColor":{"__type__":"cc.Color","r":255,"g":255,"b":255},"_N$normalColor":{"__type__":"cc.Color","r":255,"g":255,"b":255},"_N$disabledColor":{"__type__":"cc.Color","r":255,"g":255,"b":255},"_N$normalSprite":{"__uuid__":"f0BIwQ8D5Ml7nTNQbh1YlS"},"_N$pressedSprite":{"__uuid__":"e97GVMl6JHh5Ml5qEDdSGa"},"pressedSprite":{"__uuid__":"e97GVMl6JHh5Ml5qEDdSGa"},"_N$hoverSprite":{"__uuid__":"f0BIwQ8D5Ml7nTNQbh1YlS"},"hoverSprite":{"__uuid__":"f0BIwQ8D5Ml7nTNQbh1YlS"},"_N$disabledSprite":{"__uuid__":"29FYIk+N1GYaeWH/q1NxQO"},"_N$target":{"__id__":1}},{"__type__":"cc.Widget","node":{"__id__":1},"alignMode":2,"_alignFlags":40,"_originalWidth":100},{"__type__":"41c93oYBxBGHYeR/0nKEEdX","node":{"__id__":1},"titleLabel":{"__id__":3},"explainLabel":{"__id__":5},"errorLabel":{"__id__":7},"reviewBtn":{"__id__":9},"line":{"__id__":11},"unselectSP":{"__uuid__":"7fqVNekiNKO73dPeyAyklM"},"selectedSP":{"__uuid__":"dc0kfykNRJ7bg2+t7u498h"}}],"_prefab":{"__type__":"cc.PrefabInfo","root":{"__id__":1},"asset":{"__uuid__":"b4uAiuZSNO76CWElw0EWoe"},"fileId":"4aUUVX+jFFY5UnAdvgRXFK"},"_contentSize":{"__type__":"cc.Size","width":750,"height":120},"_position":{"__type__":"cc.Vec3","x":375,"y":353},"_scale":{"__type__":"cc.Vec3","x":1,"y":1,"z":1}},{"__type__":"cc.Node","_name":"Label","_parent":{"__id__":1},"_level":2,"_components":[{"__id__":3},{"__type__":"cc.Widget","node":{"__id__":2},"alignMode":2,"_alignFlags":9,"_left":40,"_top":30}],"_prefab":{"__type__":"cc.PrefabInfo","root":{"__id__":1},"asset":{"__uuid__":"b4uAiuZSNO76CWElw0EWoe"},"fileId":"8c4UXvlVRMjInhLfjoAKTA"},"_color":{"__type__":"cc.Color","r":74,"g":74,"b":74},"_contentSize":{"__type__":"cc.Size","width":72,"height":40},"_position":{"__type__":"cc.Vec3","x":-299,"y":10},"_scale":{"__type__":"cc.Vec3","x":1,"y":1,"z":1}},{"__type__":"cc.Label","node":{"__id__":2},"_srcBlendFactor":1,"_useOriginalSize":false,"_string":"单词","_N$string":"单词","_fontSize":36,"_N$horizontalAlign":1,"_N$verticalAlign":1},{"__type__":"cc.Node","_name":"Label","_parent":{"__id__":1},"_level":2,"_components":[{"__id__":5},{"__type__":"cc.Widget","node":{"__id__":4},"alignMode":2,"_alignFlags":44,"_left":40,"_right":240,"_bottom":20,"_originalWidth":48}],"_prefab":{"__type__":"cc.PrefabInfo","root":{"__id__":1},"asset":{"__uuid__":"b4uAiuZSNO76CWElw0EWoe"},"fileId":"c4VNKyxBBHJJQjKqw0X5dv"},"_color":{"__type__":"cc.Color","r":164,"g":164,"b":164},"_contentSize":{"__type__":"cc.Size","width":470,"height":26},"_position":{"__type__":"cc.Vec3","x":-100,"y":-27},"_scale":{"__type__":"cc.Vec3","x":1,"y":1,"z":1}},{"__type__":"cc.Label","node":{"__id__":4},"_srcBlendFactor":1,"_useOriginalSize":false,"_string":"释义","_N$string":"释义","_fontSize":24,"_lineHeight":26,"_enableWrapText":false,"_N$verticalAlign":1,"_N$overflow":1},{"__type__":"cc.Node","_name":"Label","_parent":{"__id__":1},"_level":2,"_components":[{"__id__":7},{"__type__":"cc.Widget","node":{"__id__":6},"alignMode":2,"_alignFlags":34,"_right":180}],"_prefab":{"__type__":"cc.PrefabInfo","root":{"__id__":1},"asset":{"__uuid__":"b4uAiuZSNO76CWElw0EWoe"},"fileId":"96a2Ot3MVJP4SiIzt4cVp7"},"_color":{"__type__":"cc.Color","r":253,"g":109,"b":39},"_contentSize":{"__type__":"cc.Size","width":16.68,"height":30},"_position":{"__type__":"cc.Vec3","x":186.66},"_scale":{"__type__":"cc.Vec3","x":1,"y":1,"z":1}},{"__type__":"cc.Label","node":{"__id__":6},"_srcBlendFactor":1,"_useOriginalSize":false,"_string":"0","_N$string":"0","_fontSize":30,"_lineHeight":30,"_N$horizontalAlign":1,"_N$verticalAlign":1},{"__type__":"cc.Node","_name":"Button","_parent":{"__id__":1},"_level":2,"_components":[{"__type__":"cc.Sprite","node":{"__id__":8},"_spriteFrame":{"__uuid__":"7fqVNekiNKO73dPeyAyklM"}},{"__id__":9},{"__type__":"cc.Widget","node":{"__id__":8},"alignMode":2,"_alignFlags":34,"_right":65}],"_prefab":{"__type__":"cc.PrefabInfo","root":{"__id__":1},"asset":{"__uuid__":"b4uAiuZSNO76CWElw0EWoe"},"fileId":"f9ByAZzWJCCKoiEsB9eZvq"},"_contentSize":{"__type__":"cc.Size","width":40,"height":40},"_position":{"__type__":"cc.Vec3","x":290},"_scale":{"__type__":"cc.Vec3","x":1,"y":1,"z":1}},{"__type__":"cc.Button","node":{"__id__":8},"transition":3,"pressedColor":{"__type__":"cc.Color","r":255,"g":255,"b":255},"zoomScale":1.02,"clickEvents":[{"__type__":"cc.ClickEvent","target":{"__id__":1},"component":"AddReviewListItem","handler":"reviewBtnClick"}],"_N$normalColor":{"__type__":"cc.Color","r":255,"g":255,"b":255},"_N$disabledColor":{"__type__":"cc.Color","r":255,"g":255,"b":255},"_N$normalSprite":{"__uuid__":"f0BIwQ8D5Ml7nTNQbh1YlS"},"_N$pressedSprite":{"__uuid__":"e97GVMl6JHh5Ml5qEDdSGa"},"pressedSprite":{"__uuid__":"e97GVMl6JHh5Ml5qEDdSGa"},"_N$hoverSprite":{"__uuid__":"f0BIwQ8D5Ml7nTNQbh1YlS"},"hoverSprite":{"__uuid__":"f0BIwQ8D5Ml7nTNQbh1YlS"},"_N$disabledSprite":{"__uuid__":"29FYIk+N1GYaeWH/q1NxQO"},"_N$target":{"__id__":8}},{"__type__":"cc.Node","_name":"Line","_parent":{"__id__":1},"_level":2,"_components":[{"__id__":11},{"__type__":"cc.Widget","node":{"__id__":10},"_alignFlags":44,"_left":35,"_right":55,"_originalWidth":60}],"_prefab":{"__type__":"cc.PrefabInfo","root":{"__id__":1},"asset":{"__uuid__":"b4uAiuZSNO76CWElw0EWoe"},"fileId":"99X7tuqH5M9oJLkC9LT3wJ"},"_opacity":102,"_color":{"__type__":"cc.Color","r":237,"g":237,"b":237},"_contentSize":{"__type__":"cc.Size","width":660,"height":1},"_position":{"__type__":"cc.Vec3","x":-10,"y":-59.5},"_scale":{"__type__":"cc.Vec3","x":1,"y":1,"z":1}},{"__type__":"cc.Sprite","node":{"__id__":10},"_spriteFrame":{"__uuid__":"02VHI1EG9OErub7VllKUNz"},"_type":1,"_sizeMode":0}],{"__type__":"cc.SpriteFrame","content":{"name":"study_add_review_header_bg","texture":"84CqZVeCZOA417R7BG6Cbw","rect":[0,0,708,156],"offset":[0,0],"originalSize":[708,156],"capInsets":[30,30,30,30]}},[{"__type__":"cc.Prefab","_name":"footer","data":{"__id__":1}},{"__type__":"cc.Node","_name":"footer","_children":[{"__id__":2},{"__id__":3}],"_level":1,"_components":[{"__type__":"cc.Widget","node":{"__id__":1},"_alignFlags":40}],"_prefab":{"__type__":"cc.PrefabInfo","root":{"__id__":1},"asset":{"__uuid__":"c6HdUfZPNJ4LRy5SA+cK2+"},"fileId":"d4FfE1aD9ELJ2xdHg9TcEV"},"_contentSize":{"__type__":"cc.Size","width":750,"height":155},"_position":{"__type__":"cc.Vec3","x":375},"_scale":{"__type__":"cc.Vec3","x":1,"y":1,"z":1}},{"__type__":"cc.Node","_name":"study_add_review_bottom_bg","_parent":{"__id__":1},"_level":3,"_components":[{"__type__":"cc.Sprite","node":{"__id__":2},"_spriteFrame":{"__uuid__":"0c7aMLjntArojQDWYuo4t0"},"_type":1,"_sizeMode":0},{"__type__":"cc.Widget","node":{"__id__":2},"_alignFlags":41,"_originalWidth":705}],"_prefab":{"__type__":"cc.PrefabInfo","root":{"__id__":1},"asset":{"__uuid__":"c6HdUfZPNJ4LRy5SA+cK2+"},"fileId":"323bUdlXRO2IsM0/ypSW2o"},"_contentSize":{"__type__":"cc.Size","width":750,"height":35},"_position":{"__type__":"cc.Vec3","y":60},"_scale":{"__type__":"cc.Vec3","x":1,"y":1,"z":1}},{"__type__":"cc.Node","_name":"cap","_parent":{"__id__":1},"_level":3,"_components":[{"__type__":"cc.Sprite","node":{"__id__":3},"_spriteFrame":{"__uuid__":"a2MjXRFdtLlYQ5ouAFv/+R"},"_sizeMode":0},{"__type__":"cc.Widget","node":{"__id__":3},"_alignFlags":41,"_top":35,"_originalWidth":100}],"_prefab":{"__type__":"cc.PrefabInfo","root":{"__id__":1},"asset":{"__uuid__":"c6HdUfZPNJ4LRy5SA+cK2+"},"fileId":"0cNfrfmMdPGr9QnskXVR5X"},"_opacity":0,"_contentSize":{"__type__":"cc.Size","width":750,"height":120},"_position":{"__type__":"cc.Vec3","y":-17.5},"_scale":{"__type__":"cc.Vec3","x":1,"y":1,"z":1}}],{"__type__":"cc.SpriteFrame","content":{"name":"study_add_review_center_bg","texture":"0ebk5oHBRF9qo5rmE4mwlX","rect":[0,0,705,38],"offset":[0,0],"originalSize":[705,38],"capInsets":[30,0,30,0]}},{"__type__":"cc.SpriteFrame","content":{"name":"study_add_review_selected","texture":"9ctPv0XwRDybzowsgE5Q0W","rect":[0,0,40,40],"offset":[0,0],"originalSize":[40,40],"capInsets":[0,0,0,0]}},{"__type__":"cc.SpriteFrame","content":{"name":"default_btn_pressed","texture":"b4P/PCArtIdIH38t6mlw8Y","rect":[0,0,40,40],"offset":[0,0],"originalSize":[40,40],"capInsets":[12,12,12,12]}},[{"__type__":"cc.SceneAsset","_name":"TollGateComplete","scene":{"__id__":1},"asyncLoadAssets":null},{"__type__":"cc.Scene","_name":"New Node","_children":[{"__id__":2}],"_anchorPoint":{"__type__":"cc.Vec2"},"_scale":{"__type__":"cc.Vec3","x":0.22938530734632684,"y":0.22938530734632684,"z":1},"autoReleaseAssets":false},{"__type__":"cc.Node","_name":"Canvas","_parent":{"__id__":1},"_children":[{"__id__":3},{"__id__":4},{"__id__":6},{"__id__":7},{"__id__":9},{"__id__":20},{"__id__":28}],"_level":1,"_components":[{"__type__":"cc.Canvas","node":{"__id__":2},"_designResolution":{"__type__":"cc.Size","width":750,"height":1334}},{"__type__":"31f0e4H6+FPtKjeQmKD2xsp","node":{"__id__":2},"titleLabel":{"__id__":8},"useTimeLabel":{"__id__":12},"maxRightLabel":{"__id__":15},"combatLabel":{"__id__":18},"markNode":{"__id__":23},"scrollView":{"__id__":27},"itemPrefab":{"__uuid__":"b4uAiuZSNO76CWElw0EWoe"},"footerPrefab":{"__uuid__":"c6HdUfZPNJ4LRy5SA+cK2+"},"backHomeBtn":{"__id__":31}}],"_contentSize":{"__type__":"cc.Size","width":750,"height":1334},"_position":{"__type__":"cc.Vec3","x":375,"y":667},"_scale":{"__type__":"cc.Vec3","x":1,"y":1,"z":1},"_id":"e6oscuOC5GZpQXIQoWrnVu"},{"__type__":"cc.Node","_name":"Main Camera","_parent":{"__id__":2},"_level":2,"_components":[{"__type__":"cc.Camera","node":{"__id__":3},"_clearFlags":7,"_backgroundColor":{"__type__":"cc.Color","r":252,"g":249,"b":238},"_depth":-1}],"_scale":{"__type__":"cc.Vec3","x":1,"y":1,"z":1}},{"__type__":"cc.Node","_name":"BackBtn","_parent":{"__id__":2},"_children":[{"__id__":5}],"_level":2,"_components":[{"__type__":"cc.Button","node":{"__id__":4},"pressedColor":{"__type__":"cc.Color","r":255,"g":255,"b":255},"clickEvents":[{"__type__":"cc.ClickEvent","target":{"__id__":2},"component":"TollGateComplete","handler":"backBtnClick","customEventData":"true"}],"_N$normalColor":{"__type__":"cc.Color","r":255,"g":255,"b":255},"_N$disabledColor":{"__type__":"cc.Color","r":255,"g":255,"b":255},"_N$pressedSprite":{"__uuid__":"e97GVMl6JHh5Ml5qEDdSGa"},"pressedSprite":{"__uuid__":"e97GVMl6JHh5Ml5qEDdSGa"},"_N$hoverSprite":{"__uuid__":"f0BIwQ8D5Ml7nTNQbh1YlS"},"hoverSprite":{"__uuid__":"f0BIwQ8D5Ml7nTNQbh1YlS"},"_N$disabledSprite":{"__uuid__":"29FYIk+N1GYaeWH/q1NxQO"},"_N$target":{"__id__":4}},{"__type__":"cc.Widget","node":{"__id__":4},"alignMode":2,"_alignFlags":9,"_left":20,"_top":55}],"_contentSize":{"__type__":"cc.Size","width":50,"height":50},"_position":{"__type__":"cc.Vec3","x":-330,"y":587},"_scale":{"__type__":"cc.Vec3","x":1,"y":1,"z":1}},{"__type__":"cc.Node","_name":"Sprite","_parent":{"__id__":4},"_level":4,"_components":[{"__type__":"cc.Sprite","node":{"__id__":5},"_spriteFrame":{"__uuid__":"83jl2tL11O4KOcaqrDgUjB"}},{"__type__":"cc.Widget","node":{"__id__":5},"alignMode":2,"_alignFlags":18}],"_contentSize":{"__type__":"cc.Size","width":20,"height":34},"_scale":{"__type__":"cc.Vec3","x":1,"y":1,"z":1}},{"__type__":"cc.Node","_name":"Sprite","_parent":{"__id__":2},"_level":2,"_components":[{"__type__":"cc.Sprite","node":{"__id__":6},"_spriteFrame":{"__uuid__":"67IeX/bjNN/aFy0h+gkE4D"},"_sizeMode":0},{"__type__":"cc.Widget","node":{"__id__":6},"alignMode":2,"_alignFlags":41,"_left":40,"_right":70,"_originalWidth":652}],"_contentSize":{"__type__":"cc.Size","width":640,"height":264},"_position":{"__type__":"cc.Vec3","x":-15,"y":535},"_scale":{"__type__":"cc.Vec3","x":1,"y":1,"z":1}},{"__type__":"cc.Node","_name":"TitleLabel","_parent":{"__id__":2},"_level":2,"_components":[{"__id__":8},{"__type__":"cc.Widget","node":{"__id__":7},"alignMode":2,"_alignFlags":41,"_left":200,"_right":200,"_top":150,"_originalWidth":240}],"_contentSize":{"__type__":"cc.Size","width":350,"height":40},"_position":{"__type__":"cc.Vec3","y":497},"_scale":{"__type__":"cc.Vec3","x":1,"y":1,"z":1}},{"__type__":"cc.Label","node":{"__id__":7},"_srcBlendFactor":1,"_useOriginalSize":false,"_string":"完成关卡挑战","_N$string":"完成关卡挑战","_enableWrapText":false,"_N$horizontalAlign":1,"_N$verticalAlign":1,"_N$overflow":2},{"__type__":"cc.Node","_name":"Top","_parent":{"__id__":2},"_children":[{"__id__":10},{"__id__":13},{"__id__":14},{"__id__":16},{"__id__":17},{"__id__":19}],"_level":2,"_components":[{"__type__":"cc.Sprite","node":{"__id__":9},"_spriteFrame":{"__uuid__":"b8Oz3NLMpA2rSTOHmxrl25"},"_type":1,"_sizeMode":0},{"__type__":"cc.Widget","node":{"__id__":9},"alignMode":2,"_alignFlags":41,"_left":30,"_right":30,"_top":195,"_originalWidth":708}],"_contentSize":{"__type__":"cc.Size","width":690,"height":156},"_position":{"__type__":"cc.Vec3","y":394},"_scale":{"__type__":"cc.Vec3","x":1,"y":1,"z":1}},{"__type__":"cc.Node","_name":"UseTimeLabel","_parent":{"__id__":9},"_children":[{"__id__":11}],"_level":3,"_components":[{"__id__":12},{"__type__":"cc.Widget","node":{"__id__":10},"alignMode":2,"_alignFlags":17,"_top":37,"_horizontalCenter":-0.25072463768115943,"_isAbsHorizontalCenter":false}],"_color":{"__type__":"cc.Color","r":246,"g":174,"b":9},"_contentSize":{"__type__":"cc.Size","width":22.25,"height":36},"_position":{"__type__":"cc.Vec3","x":-173,"y":23},"_scale":{"__type__":"cc.Vec3","x":1,"y":1,"z":1}},{"__type__":"cc.Node","_name":"Label","_parent":{"__id__":10},"_level":4,"_components":[{"__type__":"cc.Label","node":{"__id__":11},"_srcBlendFactor":1,"_useOriginalSize":false,"_string":"s","_N$string":"s","_fontSize":30,"_lineHeight":36,"_N$horizontalAlign":1,"_N$verticalAlign":2},{"__type__":"cc.Widget","node":{"__id__":11},"alignMode":2,"_alignFlags":36,"_right":-16,"_bottom":-1}],"_color":{"__type__":"cc.Color","r":246,"g":174,"b":9},"_contentSize":{"__type__":"cc.Size","width":15,"height":36},"_position":{"__type__":"cc.Vec3","x":19.625,"y":-1},"_scale":{"__type__":"cc.Vec3","x":1,"y":1,"z":1}},{"__type__":"cc.Label","node":{"__id__":10},"_srcBlendFactor":1,"_useOriginalSize":false,"_string":"0","_N$string":"0","_lineHeight":36,"_N$horizontalAlign":1,"_N$verticalAlign":1},{"__type__":"cc.Node","_name":"UseTimeMarkLabel","_parent":{"__id__":9},"_level":3,"_components":[{"__type__":"cc.Label","node":{"__id__":13},"_srcBlendFactor":1,"_useOriginalSize":false,"_string":"闯关用时","_N$string":"闯关用时","_fontSize":24,"_lineHeight":24,"_N$horizontalAlign":1,"_N$verticalAlign":1},{"__type__":"cc.Widget","node":{"__id__":13},"alignMode":2,"_alignFlags":20,"_bottom":30,"_horizontalCenter":-0.25,"_isAbsHorizontalCenter":false}],"_color":{"__type__":"cc.Color","r":121,"g":121,"b":121},"_contentSize":{"__type__":"cc.Size","width":96,"height":24},"_position":{"__type__":"cc.Vec3","x":-172.5,"y":-36},"_scale":{"__type__":"cc.Vec3","x":1,"y":1,"z":1}},{"__type__":"cc.Node","_name":"MaxRightLabel","_parent":{"__id__":9},"_level":3,"_components":[{"__id__":15},{"__type__":"cc.Widget","node":{"__id__":14},"alignMode":2,"_alignFlags":17,"_top":37}],"_color":{"__type__":"cc.Color","r":246,"g":174,"b":9},"_contentSize":{"__type__":"cc.Size","width":22.25,"height":36},"_position":{"__type__":"cc.Vec3","y":23},"_scale":{"__type__":"cc.Vec3","x":1,"y":1,"z":1}},{"__type__":"cc.Label","node":{"__id__":14},"_srcBlendFactor":1,"_useOriginalSize":false,"_string":"0","_N$string":"0","_lineHeight":36,"_N$horizontalAlign":1,"_N$verticalAlign":1},{"__type__":"cc.Node","_name":"MaxRightMarkLabel","_parent":{"__id__":9},"_level":3,"_components":[{"__type__":"cc.Label","node":{"__id__":16},"_srcBlendFactor":1,"_useOriginalSize":false,"_string":"最高连对 ","_N$string":"最高连对 ","_fontSize":24,"_lineHeight":24,"_N$horizontalAlign":1,"_N$verticalAlign":1},{"__type__":"cc.Widget","node":{"__id__":16},"alignMode":2,"_alignFlags":20,"_bottom":30}],"_color":{"__type__":"cc.Color","r":121,"g":121,"b":121},"_contentSize":{"__type__":"cc.Size","width":102.67,"height":24},"_position":{"__type__":"cc.Vec3","y":-36},"_scale":{"__type__":"cc.Vec3","x":1,"y":1,"z":1}},{"__type__":"cc.Node","_name":"CombatLabel","_parent":{"__id__":9},"_level":3,"_components":[{"__id__":18},{"__type__":"cc.Widget","node":{"__id__":17},"alignMode":2,"_alignFlags":17,"_top":37,"_horizontalCenter":0.24927536231884057,"_isAbsHorizontalCenter":false}],"_color":{"__type__":"cc.Color","r":246,"g":174,"b":9},"_contentSize":{"__type__":"cc.Size","width":22.25,"height":36},"_position":{"__type__":"cc.Vec3","x":172,"y":23},"_scale":{"__type__":"cc.Vec3","x":1,"y":1,"z":1}},{"__type__":"cc.Label","node":{"__id__":17},"_srcBlendFactor":1,"_useOriginalSize":false,"_string":"0","_N$string":"0","_lineHeight":36,"_N$horizontalAlign":1,"_N$verticalAlign":1},{"__type__":"cc.Node","_name":"CombatMarkLabel","_parent":{"__id__":9},"_level":3,"_components":[{"__type__":"cc.Label","node":{"__id__":19},"_srcBlendFactor":1,"_useOriginalSize":false,"_string":"战力值","_N$string":"战力值","_fontSize":24,"_lineHeight":24,"_N$horizontalAlign":1,"_N$verticalAlign":1},{"__type__":"cc.Widget","node":{"__id__":19},"alignMode":2,"_alignFlags":20,"_bottom":30,"_horizontalCenter":0.25,"_isAbsHorizontalCenter":false}],"_color":{"__type__":"cc.Color","r":121,"g":121,"b":121},"_contentSize":{"__type__":"cc.Size","width":72,"height":24},"_position":{"__type__":"cc.Vec3","x":172.5,"y":-36},"_scale":{"__type__":"cc.Vec3","x":1,"y":1,"z":1}},{"__type__":"cc.Node","_name":"ScrollView","_parent":{"__id__":2},"_children":[{"__id__":21}],"_level":2,"_components":[{"__type__":"cc.Sprite","node":{"__id__":20},"_enabled":false,"_spriteFrame":{"__uuid__":"c6WXJVHYZIdK+D5Rtnm5SS"},"_type":1,"_sizeMode":0},{"__id__":27},{"__type__":"cc.Widget","node":{"__id__":20},"alignMode":2,"_alignFlags":45,"_left":30,"_right":30,"_top":350,"_originalWidth":240,"_originalHeight":250}],"_contentSize":{"__type__":"cc.Size","width":690,"height":984},"_position":{"__type__":"cc.Vec3","y":-175},"_scale":{"__type__":"cc.Vec3","x":1,"y":1,"z":1}},{"__type__":"cc.Node","_name":"view","_parent":{"__id__":20},"_children":[{"__id__":22}],"_components":[{"__type__":"cc.Mask","node":{"__id__":21}},{"__type__":"cc.Widget","node":{"__id__":21},"alignMode":2,"_alignFlags":45,"_originalWidth":240,"_originalHeight":250}],"_contentSize":{"__type__":"cc.Size","width":690,"height":984},"_scale":{"__type__":"cc.Vec3","x":1,"y":1,"z":1}},{"__type__":"cc.Node","_name":"content","_parent":{"__id__":21},"_children":[{"__id__":23}],"_components":[{"__type__":"cc.Widget","node":{"__id__":22},"alignMode":2,"_alignFlags":40,"_originalWidth":220},{"__type__":"cc.Layout","node":{"__id__":22},"_layoutSize":{"__type__":"cc.Size","width":690,"height":65},"_resize":1,"_N$layoutType":2}],"_contentSize":{"__type__":"cc.Size","width":690,"height":65},"_anchorPoint":{"__type__":"cc.Vec2","x":0.5,"y":1},"_position":{"__type__":"cc.Vec3","y":492},"_scale":{"__type__":"cc.Vec3","x":1,"y":1,"z":1}},{"__type__":"cc.Node","_name":"Mark","_parent":{"__id__":22},"_children":[{"__id__":24},{"__id__":25},{"__id__":26}],"_level":1,"_components":[{"__type__":"cc.Widget","node":{"__id__":23},"alignMode":2,"_alignFlags":41},{"__type__":"cc.Sprite","node":{"__id__":23},"_spriteFrame":{"__uuid__":"aes5c/dpxF47V1wcd8LjQm"},"_type":1,"_sizeMode":0}],"_contentSize":{"__type__":"cc.Size","width":690,"height":65},"_position":{"__type__":"cc.Vec3","y":-32.5},"_scale":{"__type__":"cc.Vec3","x":1,"y":1,"z":1}},{"__type__":"cc.Node","_name":"Label","_parent":{"__id__":23},"_level":3,"_components":[{"__type__":"cc.Label","node":{"__id__":24},"_srcBlendFactor":1,"_useOriginalSize":false,"_string":"单词","_N$string":"单词","_fontSize":24,"_lineHeight":24,"_N$horizontalAlign":1,"_N$verticalAlign":1},{"__type__":"cc.Widget","node":{"__id__":24},"alignMode":2,"_alignFlags":12,"_left":82,"_bottom":5}],"_color":{"__type__":"cc.Color","r":74,"g":74,"b":74},"_contentSize":{"__type__":"cc.Size","width":48,"height":24},"_position":{"__type__":"cc.Vec3","x":-239,"y":-15.5},"_scale":{"__type__":"cc.Vec3","x":1,"y":1,"z":1}},{"__type__":"cc.Node","_name":"Label","_parent":{"__id__":23},"_level":3,"_components":[{"__type__":"cc.Label","node":{"__id__":25},"_srcBlendFactor":1,"_useOriginalSize":false,"_string":"错误次数","_N$string":"错误次数","_fontSize":24,"_lineHeight":24,"_N$horizontalAlign":1,"_N$verticalAlign":1},{"__type__":"cc.Widget","node":{"__id__":25},"alignMode":2,"_alignFlags":36,"_left":58,"_right":140,"_bottom":5}],"_color":{"__type__":"cc.Color","r":74,"g":74,"b":74},"_contentSize":{"__type__":"cc.Size","width":96,"height":24},"_position":{"__type__":"cc.Vec3","x":157,"y":-15.5},"_scale":{"__type__":"cc.Vec3","x":1,"y":1,"z":1}},{"__type__":"cc.Node","_name":"Label","_parent":{"__id__":23},"_level":3,"_components":[{"__type__":"cc.Label","node":{"__id__":26},"_srcBlendFactor":1,"_useOriginalSize":false,"_string":"待复习","_N$string":"待复习","_fontSize":24,"_lineHeight":24,"_N$horizontalAlign":1,"_N$verticalAlign":1},{"__type__":"cc.Widget","node":{"__id__":26},"alignMode":2,"_alignFlags":36,"_left":70,"_right":50,"_bottom":5}],"_color":{"__type__":"cc.Color","r":74,"g":74,"b":74},"_contentSize":{"__type__":"cc.Size","width":72,"height":24},"_position":{"__type__":"cc.Vec3","x":259,"y":-15.5},"_scale":{"__type__":"cc.Vec3","x":1,"y":1,"z":1}},{"__type__":"cc.ScrollView","node":{"__id__":20},"horizontal":false,"brake":0.75,"elastic":false,"bounceDuration":0.23,"_N$content":{"__id__":22},"content":{"__id__":22},"_N$horizontalScrollBar":null,"_N$verticalScrollBar":null},{"__type__":"cc.Node","_name":"BackHomeButton","_parent":{"__id__":2},"_children":[{"__id__":29},{"__id__":30}],"_active":false,"_level":2,"_components":[{"__type__":"cc.Sprite","node":{"__id__":28},"_spriteFrame":{"__uuid__":"7cwWNqu1hEwqhSZ+9DFxA/"},"_type":1,"_sizeMode":0},{"__id__":31},{"__type__":"cc.Widget","node":{"__id__":28},"alignMode":2,"_alignFlags":40,"_left":45,"_right":45,"_top":1334,"_originalWidth":100}],"_contentSize":{"__type__":"cc.Size","width":660,"height":120},"_position":{"__type__":"cc.Vec3","y":-727},"_scale":{"__type__":"cc.Vec3","x":1,"y":1,"z":1}},{"__type__":"cc.Node","_name":"Sprite","_parent":{"__id__":28},"_level":3,"_components":[{"__type__":"cc.Sprite","node":{"__id__":29},"_spriteFrame":{"__uuid__":"fcI21TnCJC6qajuSGq0wiY"},"_sizeMode":0},{"__type__":"cc.Widget","node":{"__id__":29},"alignMode":2,"_alignFlags":45,"_left":20,"_right":20,"_originalWidth":620,"_originalHeight":120}],"_contentSize":{"__type__":"cc.Size","width":620,"height":120},"_scale":{"__type__":"cc.Vec3","x":1,"y":1,"z":1}},{"__type__":"cc.Node","_name":"Label","_parent":{"__id__":28},"_components":[{"__type__":"cc.Label","node":{"__id__":30},"_srcBlendFactor":1,"_useOriginalSize":false,"_string":"返回首页","_N$string":"返回首页","_enableWrapText":false,"_N$horizontalAlign":1,"_N$verticalAlign":1,"_N$overflow":1},{"__type__":"cc.Widget","node":{"__id__":30},"alignMode":2,"_alignFlags":45,"_originalWidth":100,"_originalHeight":40}],"_contentSize":{"__type__":"cc.Size","width":660,"height":120},"_scale":{"__type__":"cc.Vec3","x":1,"y":1,"z":1}},{"__type__":"cc.Button","node":{"__id__":28},"transition":3,"pressedColor":{"__type__":"cc.Color","r":255,"g":255,"b":255},"zoomScale":1.02,"clickEvents":[{"__type__":"cc.ClickEvent","target":{"__id__":2},"component":"TollGateComplete","handler":"backHomeBtnClick"}],"_N$normalColor":{"__type__":"cc.Color","r":255,"g":255,"b":255},"_N$disabledColor":{"__type__":"cc.Color","r":255,"g":255,"b":255},"_N$normalSprite":{"__uuid__":"fcI21TnCJC6qajuSGq0wiY"},"_N$pressedSprite":{"__uuid__":"e97GVMl6JHh5Ml5qEDdSGa"},"pressedSprite":{"__uuid__":"e97GVMl6JHh5Ml5qEDdSGa"},"_N$hoverSprite":{"__uuid__":"f0BIwQ8D5Ml7nTNQbh1YlS"},"hoverSprite":{"__uuid__":"f0BIwQ8D5Ml7nTNQbh1YlS"},"_N$disabledSprite":{"__uuid__":"29FYIk+N1GYaeWH/q1NxQO"},"_N$target":{"__id__":28}}],{"__type__":"cc.SpriteFrame","content":{"name":"default_btn_normal","texture":"e8Ueib+qJEhL6mXAHdnwbi","rect":[0,0,40,40],"offset":[0,0],"originalSize":[40,40],"capInsets":[12,12,12,12]}},{"__type__":"cc.SpriteFrame","content":{"name":"study_award_btn_bg","texture":"9dg6amvRpJx4sU/u0DN8+O","rect":[0,0,620,120],"offset":[0,0],"originalSize":[620,120],"capInsets":[0,0,0,0]}}]