[{"__type__":"cc.SpriteFrame","content":{"name":"white_bg","texture":"11+MH+mEdPXZmm6UnzsvES","rect":[0,0,490,286],"offset":[0,0],"originalSize":[490,286],"capInsets":[0,0,0,0]}},{"__type__":"cc.SpriteFrame","content":{"name":"default_btn_disabled","texture":"71VhFCTINJM6/Ky3oX9nBT","rect":[0,0,40,40],"offset":[0,0],"originalSize":[40,40],"capInsets":[12,12,12,12]}},{"__type__":"cc.SpriteFrame","content":{"name":"rank_rule_gray","texture":"88GzA39LBFBb+84oQzOaBp","rect":[0,0,66,66],"offset":[0,0],"originalSize":[66,66],"capInsets":[0,0,0,0]}},{"__type__":"cc.SpriteFrame","content":{"name":"rank_rule_title_bg","texture":"7bP7Z6V/xMcKONG5G9ykhB","rect":[0,0,292,56],"offset":[0,0],"originalSize":[292,56],"capInsets":[0,0,0,0]}},{"__type__":"cc.SpriteFrame","content":{"name":"rank_rule_deep_orange","texture":"74AXyEmUVLDZsYIfp1ervn","rect":[0,0,66,66],"offset":[0,0],"originalSize":[66,66],"capInsets":[0,0,0,0]}},{"__type__":"cc.SpriteFrame","content":{"name":"back","texture":"0crVq4CiFGKJ6Q4VG57SZ9","rect":[0,0,20,34],"offset":[0,0],"originalSize":[20,34],"capInsets":[0,0,0,0]}},{"__type__":"cc.SpriteFrame","content":{"name":"default_sprite","texture":"6eBWFz0oVHPLIGQKf/9Thu","rect":[0,2,40,36],"offset":[0,0],"originalSize":[40,40],"capInsets":[0,0,0,0]}},{"__type__":"cc.SpriteFrame","content":{"name":"default_panel","texture":"d8HsitJHxOYqo801xBk8ev","rect":[0,0,20,20],"offset":[0,0],"originalSize":[20,20],"capInsets":[6,6,6,6]}},[{"__type__":"cc.SceneAsset","_name":"RankRule","scene":{"__id__":1},"asyncLoadAssets":null},{"__type__":"cc.Scene","_name":"New Node","_children":[{"__id__":2}],"_anchorPoint":{"__type__":"cc.Vec2"},"_scale":{"__type__":"cc.Vec3","x":0.33993537133614055,"y":0.33993537133614055,"z":1},"autoReleaseAssets":false},{"__type__":"cc.Node","_name":"Canvas","_parent":{"__id__":1},"_children":[{"__id__":3},{"__id__":4},{"__id__":8}],"_level":1,"_components":[{"__type__":"cc.Canvas","node":{"__id__":2},"_designResolution":{"__type__":"cc.Size","width":750,"height":1334}},{"__type__":"65751xlDXVC+J1pAcz848ZB","node":{"__id__":2},"combatPrizeFirstSprite":{"__id__":17},"combatPrizeSecondSprite":{"__id__":21},"combatPrizeThirdSprite":{"__id__":25},"ZanPrizeFirstSprite":{"__id__":31},"ZanPrizeSecondSprite":{"__id__":35},"ZanPrizeThirdSprite":{"__id__":39}}],"_contentSize":{"__type__":"cc.Size","width":750,"height":1334},"_position":{"__type__":"cc.Vec3","x":375,"y":667},"_scale":{"__type__":"cc.Vec3","x":1,"y":1,"z":1},"_id":"b8Sn36cRNLu4+EfTMgiRLg"},{"__type__":"cc.Node","_name":"Main Camera","_parent":{"__id__":2},"_level":2,"_components":[{"__type__":"cc.Camera","node":{"__id__":3},"_clearFlags":7,"_backgroundColor":{"__type__":"cc.Color","r":252,"g":249,"b":238},"_depth":-1}],"_scale":{"__type__":"cc.Vec3","x":1,"y":1,"z":1}},{"__type__":"cc.Node","_name":"NavigationBar","_parent":{"__id__":2},"_children":[{"__id__":5},{"__id__":7}],"_level":2,"_components":[{"__type__":"cc.Sprite","node":{"__id__":4},"_spriteFrame":{"__uuid__":"16CnnZYYNM/o+1K8BpewH6"},"_sizeMode":0},{"__type__":"cc.Widget","node":{"__id__":4},"alignMode":2,"_alignFlags":41,"_originalWidth":40}],"_contentSize":{"__type__":"cc.Size","width":750,"height":128},"_position":{"__type__":"cc.Vec3","y":603},"_scale":{"__type__":"cc.Vec3","x":1,"y":1,"z":1}},{"__type__":"cc.Node","_name":"BackBtn","_parent":{"__id__":4},"_children":[{"__id__":6}],"_level":3,"_components":[{"__type__":"cc.Button","node":{"__id__":5},"pressedColor":{"__type__":"cc.Color","r":255,"g":255,"b":255},"clickEvents":[{"__type__":"cc.ClickEvent","target":{"__id__":2},"component":"RankRule","handler":"backBtnClick","customEventData":"true"}],"_N$normalColor":{"__type__":"cc.Color","r":255,"g":255,"b":255},"_N$disabledColor":{"__type__":"cc.Color","r":255,"g":255,"b":255},"_N$pressedSprite":{"__uuid__":"e97GVMl6JHh5Ml5qEDdSGa"},"pressedSprite":{"__uuid__":"e97GVMl6JHh5Ml5qEDdSGa"},"_N$hoverSprite":{"__uuid__":"f0BIwQ8D5Ml7nTNQbh1YlS"},"hoverSprite":{"__uuid__":"f0BIwQ8D5Ml7nTNQbh1YlS"},"_N$disabledSprite":{"__uuid__":"29FYIk+N1GYaeWH/q1NxQO"},"_N$target":{"__id__":5}},{"__type__":"cc.Widget","node":{"__id__":5},"alignMode":2,"_alignFlags":9,"_left":20,"_top":55}],"_contentSize":{"__type__":"cc.Size","width":50,"height":50},"_position":{"__type__":"cc.Vec3","x":-330,"y":-16},"_scale":{"__type__":"cc.Vec3","x":1,"y":1,"z":1}},{"__type__":"cc.Node","_name":"Sprite","_parent":{"__id__":5},"_level":3,"_components":[{"__type__":"cc.Sprite","node":{"__id__":6},"_spriteFrame":{"__uuid__":"83jl2tL11O4KOcaqrDgUjB"}},{"__type__":"cc.Widget","node":{"__id__":6},"alignMode":2,"_alignFlags":18}],"_contentSize":{"__type__":"cc.Size","width":20,"height":34},"_scale":{"__type__":"cc.Vec3","x":1,"y":1,"z":1}},{"__type__":"cc.Node","_name":"TitleLabel","_parent":{"__id__":4},"_level":3,"_components":[{"__type__":"cc.Label","node":{"__id__":7},"_srcBlendFactor":1,"_useOriginalSize":false,"_string":"活动规则","_N$string":"活动规则","_fontSize":38,"_lineHeight":38,"_N$horizontalAlign":1,"_N$verticalAlign":1},{"__type__":"cc.Widget","node":{"__id__":7},"alignMode":2,"_alignFlags":17,"_top":62}],"_color":{"__type__":"cc.Color"},"_contentSize":{"__type__":"cc.Size","width":152,"height":38},"_position":{"__type__":"cc.Vec3","y":-17},"_scale":{"__type__":"cc.Vec3","x":1,"y":1,"z":1}},{"__type__":"cc.Node","_name":"ScrollView","_parent":{"__id__":2},"_children":[{"__id__":9}],"_level":2,"_components":[{"__type__":"cc.Sprite","node":{"__id__":8},"_spriteFrame":{"__uuid__":"9bvaMerUlDyary99mJa6xp"},"_type":1,"_sizeMode":0},{"__type__":"cc.ScrollView","node":{"__id__":8},"horizontal":false,"brake":0.75,"elastic":false,"bounceDuration":0.23,"_N$content":{"__id__":10},"content":{"__id__":10},"_N$horizontalScrollBar":null,"_N$verticalScrollBar":null},{"__type__":"cc.Widget","node":{"__id__":8},"alignMode":2,"_alignFlags":45,"_top":128,"_originalWidth":240,"_originalHeight":250}],"_contentSize":{"__type__":"cc.Size","width":750,"height":1206},"_position":{"__type__":"cc.Vec3","y":-64},"_scale":{"__type__":"cc.Vec3","x":1,"y":1,"z":1}},{"__type__":"cc.Node","_name":"view","_parent":{"__id__":8},"_children":[{"__id__":10}],"_components":[{"__type__":"cc.Mask","node":{"__id__":9}},{"__type__":"cc.Widget","node":{"__id__":9},"alignMode":2,"_alignFlags":45,"_originalWidth":240,"_originalHeight":250}],"_contentSize":{"__type__":"cc.Size","width":750,"height":1206},"_scale":{"__type__":"cc.Vec3","x":1,"y":1,"z":1}},{"__type__":"cc.Node","_name":"content","_parent":{"__id__":9},"_children":[{"__id__":11},{"__id__":40},{"__id__":41},{"__id__":42},{"__id__":43}],"_components":[{"__type__":"cc.Widget","node":{"__id__":10},"alignMode":2,"_alignFlags":40,"_originalWidth":220}],"_contentSize":{"__type__":"cc.Size","width":750,"height":1390},"_anchorPoint":{"__type__":"cc.Vec2","x":0.5,"y":1},"_position":{"__type__":"cc.Vec3","y":603},"_scale":{"__type__":"cc.Vec3","x":1,"y":1,"z":1}},{"__type__":"cc.Node","_name":"Header","_parent":{"__id__":10},"_children":[{"__id__":12},{"__id__":14},{"__id__":18},{"__id__":22},{"__id__":26},{"__id__":28},{"__id__":32},{"__id__":36}],"_level":1,"_components":[{"__type__":"cc.Sprite","node":{"__id__":11},"_spriteFrame":{"__uuid__":"f4PvFn6ppNYYjCgDm9zLyn"},"_type":1},{"__type__":"cc.Widget","node":{"__id__":11},"alignMode":2,"_alignFlags":41,"_originalWidth":750}],"_contentSize":{"__type__":"cc.Size","width":750,"height":650},"_position":{"__type__":"cc.Vec3","y":-325},"_scale":{"__type__":"cc.Vec3","x":1,"y":1,"z":1}},{"__type__":"cc.Node","_name":"CombatTitleSprite","_parent":{"__id__":11},"_children":[{"__id__":13}],"_level":3,"_components":[{"__type__":"cc.Sprite","node":{"__id__":12},"_spriteFrame":{"__uuid__":"49BJXaBbpCgI4NggnPrVDJ"}},{"__type__":"cc.Widget","node":{"__id__":12},"alignMode":2,"_alignFlags":17,"_top":27}],"_contentSize":{"__type__":"cc.Size","width":292,"height":56},"_position":{"__type__":"cc.Vec3","y":270},"_scale":{"__type__":"cc.Vec3","x":1,"y":1,"z":1}},{"__type__":"cc.Node","_name":"Label","_parent":{"__id__":12},"_level":4,"_components":[{"__type__":"cc.Label","node":{"__id__":13},"_srcBlendFactor":1,"_useOriginalSize":false,"_string":"战力榜奖品","_N$string":"战力榜奖品","_fontSize":30,"_lineHeight":30,"_N$horizontalAlign":1,"_N$verticalAlign":1},{"__type__":"cc.Widget","node":{"__id__":13},"alignMode":2,"_alignFlags":18}],"_contentSize":{"__type__":"cc.Size","width":150,"height":30},"_scale":{"__type__":"cc.Vec3","x":1,"y":1,"z":1}},{"__type__":"cc.Node","_name":"CombatPrizeFirstSprite","_parent":{"__id__":11},"_children":[{"__id__":15}],"_level":3,"_components":[{"__id__":17},{"__type__":"cc.Widget","node":{"__id__":14},"alignMode":2,"_alignFlags":9,"_left":25,"_top":100}],"_contentSize":{"__type__":"cc.Size","width":219,"height":219},"_position":{"__type__":"cc.Vec3","x":-240.5,"y":115.5},"_scale":{"__type__":"cc.Vec3","x":1,"y":1,"z":1}},{"__type__":"cc.Node","_name":"MarkSprite","_parent":{"__id__":14},"_children":[{"__id__":16}],"_level":4,"_components":[{"__type__":"cc.Sprite","node":{"__id__":15},"_spriteFrame":{"__uuid__":"ceG97DEf1AoJEtfz8w2yFH"}},{"__type__":"cc.Widget","node":{"__id__":15},"alignMode":2,"_alignFlags":9}],"_contentSize":{"__type__":"cc.Size","width":66,"height":66},"_position":{"__type__":"cc.Vec3","x":-76.5,"y":76.5},"_scale":{"__type__":"cc.Vec3","x":1,"y":1,"z":1}},{"__type__":"cc.Node","_name":"Label","_parent":{"__id__":15},"_level":5,"_components":[{"__type__":"cc.Label","node":{"__id__":16},"_srcBlendFactor":1,"_useOriginalSize":false,"_string":"1","_N$string":"1","_fontSize":30,"_lineHeight":30,"_N$horizontalAlign":1,"_N$verticalAlign":1,"_N$overflow":2},{"__type__":"cc.Widget","node":{"__id__":16},"alignMode":2,"_alignFlags":45,"_right":0.5,"_bottom":0.5,"_verticalCenter":10,"_horizontalCenter":-16.5,"_isAbsRight":false,"_isAbsBottom":false,"_originalWidth":33,"_originalHeight":33}],"_contentSize":{"__type__":"cc.Size","width":33,"height":33},"_position":{"__type__":"cc.Vec3","x":-16.5,"y":16.5},"_scale":{"__type__":"cc.Vec3","x":1,"y":1,"z":1}},{"__type__":"cc.Sprite","node":{"__id__":14},"_spriteFrame":{"__uuid__":"8c20Sso/ZEn7NUfNSM+EBh"},"_sizeMode":0},{"__type__":"cc.Node","_name":"CombatPrizeSecondSprite","_parent":{"__id__":11},"_children":[{"__id__":19}],"_level":3,"_components":[{"__id__":21},{"__type__":"cc.Widget","node":{"__id__":18},"alignMode":2,"_alignFlags":17,"_left":25,"_top":100}],"_contentSize":{"__type__":"cc.Size","width":219,"height":219},"_position":{"__type__":"cc.Vec3","y":115.5},"_scale":{"__type__":"cc.Vec3","x":1,"y":1,"z":1}},{"__type__":"cc.Node","_name":"MarkSprite","_parent":{"__id__":18},"_children":[{"__id__":20}],"_level":4,"_components":[{"__type__":"cc.Sprite","node":{"__id__":19},"_spriteFrame":{"__uuid__":"36sD95ZtlHN4SprrNiNYgG"}},{"__type__":"cc.Widget","node":{"__id__":19},"alignMode":2,"_alignFlags":9}],"_contentSize":{"__type__":"cc.Size","width":66,"height":66},"_position":{"__type__":"cc.Vec3","x":-76.5,"y":76.5},"_scale":{"__type__":"cc.Vec3","x":1,"y":1,"z":1}},{"__type__":"cc.Node","_name":"Label","_parent":{"__id__":19},"_level":5,"_components":[{"__type__":"cc.Label","node":{"__id__":20},"_srcBlendFactor":1,"_useOriginalSize":false,"_string":"2","_N$string":"2","_fontSize":30,"_lineHeight":30,"_N$horizontalAlign":1,"_N$verticalAlign":1,"_N$overflow":2},{"__type__":"cc.Widget","node":{"__id__":20},"alignMode":2,"_alignFlags":45,"_right":0.5,"_bottom":0.5,"_verticalCenter":10,"_horizontalCenter":-16.5,"_isAbsRight":false,"_isAbsBottom":false,"_originalWidth":33,"_originalHeight":33}],"_contentSize":{"__type__":"cc.Size","width":33,"height":33},"_position":{"__type__":"cc.Vec3","x":-16.5,"y":16.5},"_scale":{"__type__":"cc.Vec3","x":1,"y":1,"z":1}},{"__type__":"cc.Sprite","node":{"__id__":18},"_spriteFrame":{"__uuid__":"8c20Sso/ZEn7NUfNSM+EBh"},"_sizeMode":0},{"__type__":"cc.Node","_name":"CombatPrizeThirdSprite","_parent":{"__id__":11},"_children":[{"__id__":23}],"_level":3,"_components":[{"__id__":25},{"__type__":"cc.Widget","node":{"__id__":22},"alignMode":2,"_alignFlags":33,"_left":25,"_right":25,"_top":100,"_originalWidth":219}],"_contentSize":{"__type__":"cc.Size","width":219,"height":219},"_position":{"__type__":"cc.Vec3","x":240.5,"y":115.5},"_scale":{"__type__":"cc.Vec3","x":1,"y":1,"z":1}},{"__type__":"cc.Node","_name":"MarkSprite","_parent":{"__id__":22},"_children":[{"__id__":24}],"_level":4,"_components":[{"__type__":"cc.Sprite","node":{"__id__":23},"_spriteFrame":{"__uuid__":"5aCIysH4hP6bQhJsXmdKdO"}},{"__type__":"cc.Widget","node":{"__id__":23},"alignMode":2,"_alignFlags":9}],"_contentSize":{"__type__":"cc.Size","width":66,"height":66},"_position":{"__type__":"cc.Vec3","x":-76.5,"y":76.5},"_scale":{"__type__":"cc.Vec3","x":1,"y":1,"z":1}},{"__type__":"cc.Node","_name":"Label","_parent":{"__id__":23},"_level":5,"_components":[{"__type__":"cc.Label","node":{"__id__":24},"_srcBlendFactor":1,"_useOriginalSize":false,"_string":"3","_N$string":"3","_fontSize":30,"_lineHeight":30,"_N$horizontalAlign":1,"_N$verticalAlign":1,"_N$overflow":2},{"__type__":"cc.Widget","node":{"__id__":24},"alignMode":2,"_alignFlags":45,"_right":0.5,"_bottom":0.5,"_verticalCenter":10,"_horizontalCenter":-16.5,"_isAbsRight":false,"_isAbsBottom":false,"_originalWidth":33,"_originalHeight":33}],"_contentSize":{"__type__":"cc.Size","width":33,"height":33},"_position":{"__type__":"cc.Vec3","x":-16.5,"y":16.5},"_scale":{"__type__":"cc.Vec3","x":1,"y":1,"z":1}},{"__type__":"cc.Sprite","node":{"__id__":22},"_spriteFrame":{"__uuid__":"8c20Sso/ZEn7NUfNSM+EBh"},"_sizeMode":0},{"__type__":"cc.Node","_name":"ZanTitleSprite","_parent":{"__id__":11},"_children":[{"__id__":27}],"_level":3,"_components":[{"__type__":"cc.Sprite","node":{"__id__":26},"_spriteFrame":{"__uuid__":"49BJXaBbpCgI4NggnPrVDJ"}},{"__type__":"cc.Widget","node":{"__id__":26},"alignMode":2,"_alignFlags":17,"_top":340}],"_contentSize":{"__type__":"cc.Size","width":292,"height":56},"_position":{"__type__":"cc.Vec3","y":-43},"_scale":{"__type__":"cc.Vec3","x":1,"y":1,"z":1}},{"__type__":"cc.Node","_name":"Label","_parent":{"__id__":26},"_level":4,"_components":[{"__type__":"cc.Label","node":{"__id__":27},"_srcBlendFactor":1,"_useOriginalSize":false,"_string":"人气榜奖品","_N$string":"人气榜奖品","_fontSize":30,"_lineHeight":30,"_N$horizontalAlign":1,"_N$verticalAlign":1},{"__type__":"cc.Widget","node":{"__id__":27},"alignMode":2,"_alignFlags":18}],"_contentSize":{"__type__":"cc.Size","width":150,"height":30},"_scale":{"__type__":"cc.Vec3","x":1,"y":1,"z":1}},{"__type__":"cc.Node","_name":"ZanPrizeFirstSprite","_parent":{"__id__":11},"_children":[{"__id__":29}],"_level":3,"_components":[{"__id__":31},{"__type__":"cc.Widget","node":{"__id__":28},"alignMode":2,"_alignFlags":9,"_left":25,"_top":410}],"_contentSize":{"__type__":"cc.Size","width":219,"height":219},"_position":{"__type__":"cc.Vec3","x":-240.5,"y":-194.5},"_scale":{"__type__":"cc.Vec3","x":1,"y":1,"z":1}},{"__type__":"cc.Node","_name":"MarkSprite","_parent":{"__id__":28},"_children":[{"__id__":30}],"_level":4,"_components":[{"__type__":"cc.Sprite","node":{"__id__":29},"_spriteFrame":{"__uuid__":"ceG97DEf1AoJEtfz8w2yFH"}},{"__type__":"cc.Widget","node":{"__id__":29},"alignMode":2,"_alignFlags":9}],"_contentSize":{"__type__":"cc.Size","width":66,"height":66},"_position":{"__type__":"cc.Vec3","x":-76.5,"y":76.5},"_scale":{"__type__":"cc.Vec3","x":1,"y":1,"z":1}},{"__type__":"cc.Node","_name":"Label","_parent":{"__id__":29},"_level":5,"_components":[{"__type__":"cc.Label","node":{"__id__":30},"_srcBlendFactor":1,"_useOriginalSize":false,"_string":"1","_N$string":"1","_fontSize":30,"_lineHeight":30,"_N$horizontalAlign":1,"_N$verticalAlign":1,"_N$overflow":2},{"__type__":"cc.Widget","node":{"__id__":30},"alignMode":2,"_alignFlags":45,"_right":0.5,"_bottom":0.5,"_verticalCenter":10,"_horizontalCenter":-16.5,"_isAbsRight":false,"_isAbsBottom":false,"_originalWidth":33,"_originalHeight":33}],"_contentSize":{"__type__":"cc.Size","width":33,"height":33},"_position":{"__type__":"cc.Vec3","x":-16.5,"y":16.5},"_scale":{"__type__":"cc.Vec3","x":1,"y":1,"z":1}},{"__type__":"cc.Sprite","node":{"__id__":28},"_spriteFrame":{"__uuid__":"8c20Sso/ZEn7NUfNSM+EBh"},"_sizeMode":0},{"__type__":"cc.Node","_name":"ZanPrizeSecondSprite","_parent":{"__id__":11},"_children":[{"__id__":33}],"_level":3,"_components":[{"__id__":35},{"__type__":"cc.Widget","node":{"__id__":32},"alignMode":2,"_alignFlags":17,"_left":25,"_top":410}],"_contentSize":{"__type__":"cc.Size","width":219,"height":219},"_position":{"__type__":"cc.Vec3","y":-194.5},"_scale":{"__type__":"cc.Vec3","x":1,"y":1,"z":1}},{"__type__":"cc.Node","_name":"MarkSprite","_parent":{"__id__":32},"_children":[{"__id__":34}],"_level":4,"_components":[{"__type__":"cc.Sprite","node":{"__id__":33},"_spriteFrame":{"__uuid__":"36sD95ZtlHN4SprrNiNYgG"}},{"__type__":"cc.Widget","node":{"__id__":33},"alignMode":2,"_alignFlags":9}],"_contentSize":{"__type__":"cc.Size","width":66,"height":66},"_position":{"__type__":"cc.Vec3","x":-76.5,"y":76.5},"_scale":{"__type__":"cc.Vec3","x":1,"y":1,"z":1}},{"__type__":"cc.Node","_name":"Label","_parent":{"__id__":33},"_level":5,"_components":[{"__type__":"cc.Label","node":{"__id__":34},"_srcBlendFactor":1,"_useOriginalSize":false,"_string":"2","_N$string":"2","_fontSize":30,"_lineHeight":30,"_N$horizontalAlign":1,"_N$verticalAlign":1,"_N$overflow":2},{"__type__":"cc.Widget","node":{"__id__":34},"alignMode":2,"_alignFlags":45,"_right":0.5,"_bottom":0.5,"_verticalCenter":10,"_horizontalCenter":-16.5,"_isAbsRight":false,"_isAbsBottom":false,"_originalWidth":33,"_originalHeight":33}],"_contentSize":{"__type__":"cc.Size","width":33,"height":33},"_position":{"__type__":"cc.Vec3","x":-16.5,"y":16.5},"_scale":{"__type__":"cc.Vec3","x":1,"y":1,"z":1}},{"__type__":"cc.Sprite","node":{"__id__":32},"_spriteFrame":{"__uuid__":"8c20Sso/ZEn7NUfNSM+EBh"},"_sizeMode":0},{"__type__":"cc.Node","_name":"ZanPrizeThirdSprite","_parent":{"__id__":11},"_children":[{"__id__":37}],"_level":3,"_components":[{"__id__":39},{"__type__":"cc.Widget","node":{"__id__":36},"alignMode":2,"_alignFlags":33,"_left":25,"_right":25,"_top":410,"_originalWidth":219}],"_contentSize":{"__type__":"cc.Size","width":219,"height":219},"_position":{"__type__":"cc.Vec3","x":240.5,"y":-194.5},"_scale":{"__type__":"cc.Vec3","x":1,"y":1,"z":1}},{"__type__":"cc.Node","_name":"MarkSprite","_parent":{"__id__":36},"_children":[{"__id__":38}],"_level":4,"_components":[{"__type__":"cc.Sprite","node":{"__id__":37},"_spriteFrame":{"__uuid__":"5aCIysH4hP6bQhJsXmdKdO"}},{"__type__":"cc.Widget","node":{"__id__":37},"alignMode":2,"_alignFlags":9}],"_contentSize":{"__type__":"cc.Size","width":66,"height":66},"_position":{"__type__":"cc.Vec3","x":-76.5,"y":76.5},"_scale":{"__type__":"cc.Vec3","x":1,"y":1,"z":1}},{"__type__":"cc.Node","_name":"Label","_parent":{"__id__":37},"_level":5,"_components":[{"__type__":"cc.Label","node":{"__id__":38},"_srcBlendFactor":1,"_useOriginalSize":false,"_string":"3","_N$string":"3","_fontSize":30,"_lineHeight":30,"_N$horizontalAlign":1,"_N$verticalAlign":1,"_N$overflow":2},{"__type__":"cc.Widget","node":{"__id__":38},"alignMode":2,"_alignFlags":45,"_right":0.5,"_bottom":0.5,"_verticalCenter":10,"_horizontalCenter":-16.5,"_isAbsRight":false,"_isAbsBottom":false,"_originalWidth":33,"_originalHeight":33}],"_contentSize":{"__type__":"cc.Size","width":33,"height":33},"_position":{"__type__":"cc.Vec3","x":-16.5,"y":16.5},"_scale":{"__type__":"cc.Vec3","x":1,"y":1,"z":1}},{"__type__":"cc.Sprite","node":{"__id__":36},"_spriteFrame":{"__uuid__":"8c20Sso/ZEn7NUfNSM+EBh"},"_sizeMode":0},{"__type__":"cc.Node","_name":"RankRuleTitleLabel","_parent":{"__id__":10},"_level":1,"_components":[{"__type__":"cc.Label","node":{"__id__":40},"_srcBlendFactor":1,"_useOriginalSize":false,"_string":"排行榜规则","_N$string":"排行榜规则","_fontSize":30,"_lineHeight":48,"_N$horizontalAlign":1,"_N$verticalAlign":1},{"__type__":"cc.Widget","node":{"__id__":40},"alignMode":2,"_alignFlags":9,"_left":65,"_top":697}],"_color":{"__type__":"cc.Color","r":253,"g":109,"b":39},"_contentSize":{"__type__":"cc.Size","width":150,"height":48},"_position":{"__type__":"cc.Vec3","x":-235,"y":-721},"_scale":{"__type__":"cc.Vec3","x":1,"y":1,"z":1}},{"__type__":"cc.Node","_name":"RankRuleDetailLabel","_parent":{"__id__":10},"_level":1,"_components":[{"__type__":"cc.Label","node":{"__id__":41},"_srcBlendFactor":1,"_useOriginalSize":false,"_string":"1.排行榜显示当天战力值和人气值排名，不包括历史记录。\n2.排行榜每10分钟更新一次，每日更新截止时间为23时59分59秒。\n3.战力值通过开始闯关和复习单词获得。\n4.人气值通过分享好友点赞获得，同一个用户同一天只能为同一个好友点赞一次。同一个用户同一天可为不同好友点赞。","_N$string":"1.排行榜显示当天战力值和人气值排名，不包括历史记录。\n2.排行榜每10分钟更新一次，每日更新截止时间为23时59分59秒。\n3.战力值通过开始闯关和复习单词获得。\n4.人气值通过分享好友点赞获得，同一个用户同一天只能为同一个好友点赞一次。同一个用户同一天可为不同好友点赞。","_fontSize":24,"_lineHeight":32,"_N$verticalAlign":1,"_N$overflow":3},{"__type__":"cc.Widget","node":{"__id__":41},"alignMode":2,"_alignFlags":41,"_left":65,"_right":65,"_top":745,"_originalWidth":2113.36}],"_color":{"__type__":"cc.Color","r":164,"g":164,"b":164},"_contentSize":{"__type__":"cc.Size","width":620,"height":256},"_position":{"__type__":"cc.Vec3","y":-873},"_scale":{"__type__":"cc.Vec3","x":1,"y":1,"z":1}},{"__type__":"cc.Node","_name":"ActivityRuleTitleLabel","_parent":{"__id__":10},"_level":1,"_components":[{"__type__":"cc.Label","node":{"__id__":42},"_srcBlendFactor":1,"_useOriginalSize":false,"_string":"活动规则","_N$string":"活动规则","_fontSize":30,"_lineHeight":48,"_N$horizontalAlign":1,"_N$verticalAlign":1},{"__type__":"cc.Widget","node":{"__id__":42},"alignMode":2,"_alignFlags":9,"_left":65,"_top":1005}],"_color":{"__type__":"cc.Color","r":253,"g":109,"b":39},"_contentSize":{"__type__":"cc.Size","width":120,"height":48},"_position":{"__type__":"cc.Vec3","x":-250,"y":-1029},"_scale":{"__type__":"cc.Vec3","x":1,"y":1,"z":1}},{"__type__":"cc.Node","_name":"ActivityRuleDetailLabel","_parent":{"__id__":10},"_level":1,"_components":[{"__type__":"cc.Label","node":{"__id__":43},"_srcBlendFactor":1,"_useOriginalSize":false,"_string":"1.每日两个排行榜前三名均可获得相应奖励。\n2.排行榜每日更新截止时间为23时59分59秒。\n3.次日上午9点，微信服务通知告知开奖结果。\n3.得知获奖后请加橙啦活动官方微信chengla666，核对本人信息。\n4.实物商品在核对获奖人信息后三个工作日内发送。\n5.获奖人员获奖结果公布后三个工作日内，未与橙啦取得联系，橙啦有权取消其奖励。\n6.本活动最终解释权归酷爱背单词所有。","_N$string":"1.每日两个排行榜前三名均可获得相应奖励。\n2.排行榜每日更新截止时间为23时59分59秒。\n3.次日上午9点，微信服务通知告知开奖结果。\n3.得知获奖后请加橙啦活动官方微信chengla666，核对本人信息。\n4.实物商品在核对获奖人信息后三个工作日内发送。\n5.获奖人员获奖结果公布后三个工作日内，未与橙啦取得联系，橙啦有权取消其奖励。\n6.本活动最终解释权归酷爱背单词所有。","_fontSize":24,"_lineHeight":32,"_N$verticalAlign":1,"_N$overflow":3},{"__type__":"cc.Widget","node":{"__id__":43},"alignMode":2,"_alignFlags":41,"_left":65,"_right":65,"_top":1055,"_originalWidth":2113.36}],"_color":{"__type__":"cc.Color","r":164,"g":164,"b":164},"_contentSize":{"__type__":"cc.Size","width":620,"height":288},"_position":{"__type__":"cc.Vec3","y":-1199},"_scale":{"__type__":"cc.Vec3","x":1,"y":1,"z":1}}],{"__type__":"cc.SpriteFrame","content":{"name":"rank_rule_orange","texture":"edh6XbQGZCur1aLSAiAzFf","rect":[0,0,66,66],"offset":[0,0],"originalSize":[66,66],"capInsets":[0,0,0,0]}},{"__type__":"cc.SpriteFrame","content":{"name":"default_btn_pressed","texture":"b4P/PCArtIdIH38t6mlw8Y","rect":[0,0,40,40],"offset":[0,0],"originalSize":[40,40],"capInsets":[12,12,12,12]}},{"__type__":"cc.SpriteFrame","content":{"name":"default_btn_normal","texture":"e8Ueib+qJEhL6mXAHdnwbi","rect":[0,0,40,40],"offset":[0,0],"originalSize":[40,40],"capInsets":[12,12,12,12]}},{"__type__":"cc.SpriteFrame","content":{"name":"rank_rule_bg","texture":"8f+P7K6QlL45l7rNIhOpzU","rect":[0,0,750,650],"offset":[0,0],"originalSize":[750,650],"capInsets":[0,0,0,0]}}]