[{"__type__":"cc.SpriteFrame","content":{"name":"recommendation_marks","texture":"56BZEIzstD1ZPFWNtiDHue","rect":[0,0,50,44],"offset":[0,0],"originalSize":[50,44],"capInsets":[0,0,0,0]}},[{"__type__":"cc.Prefab","_name":"BookListItem","data":{"__id__":1}},{"__type__":"cc.Node","_name":"BookListItem","_children":[{"__id__":2},{"__id__":6},{"__id__":8}],"_level":1,"_components":[{"__type__":"cc.Sprite","node":{"__id__":1},"_spriteFrame":{"__uuid__":"a0/kvERk1GxYMMm209DRER"},"_sizeMode":0},{"__type__":"cc.Widget","node":{"__id__":1},"_alignFlags":40,"_originalWidth":713},{"__type__":"cc.Button","node":{"__id__":1},"clickEvents":[{"__type__":"cc.ClickEvent","target":{"__id__":1},"component":"BookListItem","handler":"selectBook"}],"_N$target":{"__id__":1}},{"__type__":"fa253VVmmxN4qb+mes/liK7","node":{"__id__":1},"bookName":{"__id__":11},"wordNumbers":{"__id__":13},"bookIntroduction":{"__id__":15},"bookicon":{"__id__":5},"bookicons":[{"__uuid__":"f2WhLTI6JP17iLoX5nqSIe"},{"__uuid__":"5daKquhExPw60QxGEqHbFf"},{"__uuid__":"ddFy1jJSFPGaqS014OSjDe"}],"selectIcon":{"__id__":4},"selectIcons":[{"__uuid__":"59bZh7MDJJaIgfAA7qC27x"}],"recommendation":{"__id__":7},"recommendations":[{"__uuid__":"07VSDLPrROOa5yoaoBP7i/"}]}],"_prefab":{"__type__":"cc.PrefabInfo","root":{"__id__":1},"asset":{"__uuid__":"24XEFN9LlINqxpqjjIIxJ4"},"fileId":"74hJfbWsVEsJvrZT+3d9AY"},"_contentSize":{"__type__":"cc.Size","width":750,"height":210},"_position":{"__type__":"cc.Vec3","x":375,"y":-115},"_scale":{"__type__":"cc.Vec3","x":1,"y":1,"z":1}},{"__type__":"cc.Node","_name":"BookIcon","_parent":{"__id__":1},"_children":[{"__id__":3}],"_level":2,"_components":[{"__id__":5},{"__type__":"cc.Widget","node":{"__id__":2},"_alignFlags":9,"_left":35,"_top":42}],"_prefab":{"__type__":"cc.PrefabInfo","root":{"__id__":1},"asset":{"__uuid__":"24XEFN9LlINqxpqjjIIxJ4"},"fileId":"c5dXOLh8hFDbyqMaiwkpoj"},"_contentSize":{"__type__":"cc.Size","width":95,"height":118},"_position":{"__type__":"cc.Vec3","x":-292.5,"y":4},"_scale":{"__type__":"cc.Vec3","x":1,"y":1,"z":1}},{"__type__":"cc.Node","_name":"SelectIcon","_parent":{"__id__":2},"_level":3,"_components":[{"__id__":4},{"__type__":"cc.Widget","node":{"__id__":3},"_alignFlags":9,"_left":-5,"_top":91}],"_prefab":{"__type__":"cc.PrefabInfo","root":{"__id__":1},"asset":{"__uuid__":"24XEFN9LlINqxpqjjIIxJ4"},"fileId":"a7oHlSwxZIZKuDnN7O8pwD"},"_contentSize":{"__type__":"cc.Size","width":50,"height":50},"_position":{"__type__":"cc.Vec3","x":-27.5,"y":-57},"_scale":{"__type__":"cc.Vec3","x":1,"y":1,"z":1}},{"__type__":"cc.Sprite","node":{"__id__":3}},{"__type__":"cc.Sprite","node":{"__id__":2},"_spriteFrame":{"__uuid__":"f2WhLTI6JP17iLoX5nqSIe"}},{"__type__":"cc.Node","_name":"Recommendation","_parent":{"__id__":1},"_level":2,"_components":[{"__id__":7},{"__type__":"cc.Widget","node":{"__id__":6},"_alignFlags":33,"_right":66.5,"_top":6}],"_prefab":{"__type__":"cc.PrefabInfo","root":{"__id__":1},"asset":{"__uuid__":"24XEFN9LlINqxpqjjIIxJ4"},"fileId":"8dfEyPluRNRrurPXrXrKRw"},"_contentSize":{"__type__":"cc.Size","width":50,"height":44},"_position":{"__type__":"cc.Vec3","x":283.5,"y":77},"_scale":{"__type__":"cc.Vec3","x":1,"y":1,"z":1}},{"__type__":"cc.Sprite","node":{"__id__":6},"_spriteFrame":{"__uuid__":"07VSDLPrROOa5yoaoBP7i/"},"_sizeMode":0},{"__type__":"cc.Node","_name":"content","_parent":{"__id__":1},"_children":[{"__id__":9},{"__id__":14}],"_level":2,"_components":[{"__type__":"cc.Layout","node":{"__id__":8},"_layoutSize":{"__type__":"cc.Size","width":505,"height":140},"_resize":1,"_N$layoutType":2,"_N$spacingY":20},{"__type__":"cc.Widget","node":{"__id__":8},"alignMode":2,"_alignFlags":41,"_left":165,"_right":80,"_top":40,"_originalWidth":300}],"_prefab":{"__type__":"cc.PrefabInfo","root":{"__id__":1},"asset":{"__uuid__":"24XEFN9LlINqxpqjjIIxJ4"},"fileId":"ddpQBkZY5Ag61Rz8MMX92n"},"_contentSize":{"__type__":"cc.Size","width":505,"height":140},"_position":{"__type__":"cc.Vec3","x":42.5,"y":-5},"_scale":{"__type__":"cc.Vec3","x":1,"y":1,"z":1}},{"__type__":"cc.Node","_name":"Book","_parent":{"__id__":8},"_children":[{"__id__":10},{"__id__":12}],"_level":3,"_components":[{"__type__":"cc.Widget","node":{"__id__":9},"_alignFlags":40,"_bottom":36},{"__type__":"cc.Layout","node":{"__id__":9},"_layoutSize":{"__type__":"cc.Size","width":505,"height":30},"_N$layoutType":1,"_N$spacingX":20}],"_prefab":{"__type__":"cc.PrefabInfo","root":{"__id__":1},"asset":{"__uuid__":"24XEFN9LlINqxpqjjIIxJ4"},"fileId":"66asfTsnRMO7YpagH1s/bu"},"_contentSize":{"__type__":"cc.Size","width":505,"height":30},"_position":{"__type__":"cc.Vec3","y":55},"_scale":{"__type__":"cc.Vec3","x":1,"y":1,"z":1}},{"__type__":"cc.Node","_name":"BookName","_parent":{"__id__":9},"_level":4,"_components":[{"__id__":11}],"_prefab":{"__type__":"cc.PrefabInfo","root":{"__id__":1},"asset":{"__uuid__":"24XEFN9LlINqxpqjjIIxJ4"},"fileId":"31e+tFEYND8YBkz9U62v5r"},"_color":{"__type__":"cc.Color","r":74,"g":74,"b":74},"_contentSize":{"__type__":"cc.Size","width":180,"height":30},"_position":{"__type__":"cc.Vec3","x":-162.5},"_scale":{"__type__":"cc.Vec3","x":1,"y":1,"z":1}},{"__type__":"cc.Label","node":{"__id__":10},"_srcBlendFactor":1,"_useOriginalSize":false,"_string":"四级核心救命","_N$string":"四级核心救命","_fontSize":30,"_lineHeight":30,"_enableWrapText":false,"_N$verticalAlign":1},{"__type__":"cc.Node","_name":"WordNumbers","_parent":{"__id__":9},"_level":4,"_components":[{"__id__":13}],"_prefab":{"__type__":"cc.PrefabInfo","root":{"__id__":1},"asset":{"__uuid__":"24XEFN9LlINqxpqjjIIxJ4"},"fileId":"58wdRoLidEy4Tm0yIv73TR"},"_color":{"__type__":"cc.Color","r":255,"g":144},"_contentSize":{"__type__":"cc.Size","width":101.39,"height":24},"_position":{"__type__":"cc.Vec3","x":-1.8049999999999997},"_scale":{"__type__":"cc.Vec3","x":1,"y":1,"z":1}},{"__type__":"cc.Label","node":{"__id__":12},"_srcBlendFactor":1,"_useOriginalSize":false,"_string":"共1000词","_N$string":"共1000词","_fontSize":24,"_lineHeight":24,"_enableWrapText":false,"_N$verticalAlign":1},{"__type__":"cc.Node","_name":"BookIntroduction","_parent":{"__id__":8},"_level":3,"_components":[{"__id__":15},{"__type__":"cc.Widget","node":{"__id__":14},"alignMode":2,"_alignFlags":41,"_top":50,"_originalWidth":386}],"_prefab":{"__type__":"cc.PrefabInfo","root":{"__id__":1},"asset":{"__uuid__":"24XEFN9LlINqxpqjjIIxJ4"},"fileId":"9dnlWiOw9FpoS9/BTFKwzd"},"_color":{"__type__":"cc.Color","r":165,"g":165,"b":165},"_contentSize":{"__type__":"cc.Size","width":505,"height":90},"_position":{"__type__":"cc.Vec3","y":-25},"_scale":{"__type__":"cc.Vec3","x":1,"y":1,"z":1}},{"__type__":"cc.Label","node":{"__id__":14},"_srcBlendFactor":1,"_string":"介等书内容简介等","_N$string":"介等书内容简介等","_fontSize":24,"_lineHeight":30,"_N$verticalAlign":1,"_N$overflow":1}],{"__type__":"cc.SpriteFrame","content":{"name":"selected","texture":"c8rBMl+6pLzp3kvUNcdYCw","rect":[0,0,50,50],"offset":[0,0],"originalSize":[50,50],"capInsets":[0,0,0,0]}},{"__type__":"cc.SpriteFrame","content":{"name":"six_level_words","texture":"82GT6924JKrIRItwvDYFAx","rect":[1,1,94,117],"offset":[0.5,-0.5],"originalSize":[95,118],"capInsets":[0,0,0,0]}},{"__type__":"cc.SpriteFrame","content":{"name":"back","texture":"0crVq4CiFGKJ6Q4VG57SZ9","rect":[0,0,20,34],"offset":[0,0],"originalSize":[20,34],"capInsets":[0,0,0,0]}},{"__type__":"cc.SpriteFrame","content":{"name":"book_item_bg","texture":"5bv1vkCV1J85BzF2pD/O55","rect":[0,0,713,229],"offset":[0,0],"originalSize":[713,229],"capInsets":[33,28,38,36]}},[{"__type__":"cc.SceneAsset","_name":"SelectBook","scene":{"__id__":1},"asyncLoadAssets":null},{"__type__":"cc.Scene","_name":"New Node","_children":[{"__id__":2}],"_anchorPoint":{"__type__":"cc.Vec2"},"_scale":{"__type__":"cc.Vec3","x":0.37448367662184917,"y":0.37448367662184917,"z":1},"autoReleaseAssets":false},{"__type__":"cc.Node","_name":"Canvas","_parent":{"__id__":1},"_children":[{"__id__":3},{"__id__":4},{"__id__":11}],"_level":1,"_components":[{"__type__":"cc.Canvas","node":{"__id__":2},"_designResolution":{"__type__":"cc.Size","width":750,"height":1334},"_fitWidth":true,"_fitHeight":false},{"__type__":"48832u+qYdHapV5L+kY3V6N","node":{"__id__":2},"welCome":{"__id__":8}}],"_color":{"__type__":"cc.Color","r":253,"g":249,"b":239},"_contentSize":{"__type__":"cc.Size","width":750,"height":1334},"_position":{"__type__":"cc.Vec3","x":375,"y":667},"_scale":{"__type__":"cc.Vec3","x":1,"y":1,"z":1},"_id":"bfMiwNc29O4Ll1ZYb1xf18"},{"__type__":"cc.Node","_name":"Main Camera","_parent":{"__id__":2},"_level":1,"_components":[{"__type__":"cc.Camera","node":{"__id__":3},"_clearFlags":7,"_backgroundColor":{"__type__":"cc.Color","r":253,"g":249,"b":239},"_depth":-1}],"_color":{"__type__":"cc.Color","r":253,"g":249,"b":239},"_scale":{"__type__":"cc.Vec3","x":1,"y":1,"z":1}},{"__type__":"cc.Node","_name":"HeadView","_parent":{"__id__":2},"_children":[{"__id__":5},{"__id__":6},{"__id__":8}],"_level":1,"_components":[{"__type__":"cc.Widget","node":{"__id__":4},"_alignFlags":41,"_originalWidth":40}],"_contentSize":{"__type__":"cc.Size","width":750,"height":36},"_position":{"__type__":"cc.Vec3","y":649},"_scale":{"__type__":"cc.Vec3","x":1,"y":1,"z":1}},{"__type__":"cc.Node","_name":"Title","_parent":{"__id__":4},"_level":2,"_components":[{"__type__":"cc.Label","node":{"__id__":5},"_srcBlendFactor":1,"_useOriginalSize":false,"_string":"选择单词书","_N$string":"选择单词书","_fontSize":38,"_lineHeight":45},{"__type__":"cc.Widget","node":{"__id__":5},"_alignFlags":17,"_left":-26.490000000000002,"_top":80}],"_color":{"__type__":"cc.Color"},"_contentSize":{"__type__":"cc.Size","width":190,"height":45},"_position":{"__type__":"cc.Vec3","y":-84.5},"_scale":{"__type__":"cc.Vec3","x":1,"y":1,"z":1}},{"__type__":"cc.Node","_name":"back","_parent":{"__id__":4},"_children":[{"__id__":7}],"_level":2,"_components":[{"__type__":"cc.Sprite","node":{"__id__":6}},{"__type__":"cc.Widget","node":{"__id__":6},"_alignFlags":9,"_left":20,"_top":72},{"__type__":"cc.Button","node":{"__id__":6},"clickEvents":[{"__type__":"cc.ClickEvent","target":{"__id__":2},"component":"ShowHeadView","handler":"back"}],"_N$target":{"__id__":6}}],"_contentSize":{"__type__":"cc.Size","width":50,"height":50},"_position":{"__type__":"cc.Vec3","x":-330,"y":-79},"_scale":{"__type__":"cc.Vec3","x":1,"y":1,"z":1}},{"__type__":"cc.Node","_name":"Sprite","_parent":{"__id__":6},"_level":3,"_components":[{"__type__":"cc.Sprite","node":{"__id__":7},"_spriteFrame":{"__uuid__":"83jl2tL11O4KOcaqrDgUjB"},"_sizeMode":0},{"__type__":"cc.Widget","node":{"__id__":7},"_alignFlags":18}],"_contentSize":{"__type__":"cc.Size","width":20,"height":34},"_scale":{"__type__":"cc.Vec3","x":1,"y":1,"z":1}},{"__type__":"cc.Node","_name":"Welcome","_parent":{"__id__":4},"_children":[{"__id__":9},{"__id__":10}],"_level":2,"_components":[{"__type__":"cc.Label","node":{"__id__":8},"_srcBlendFactor":1,"_useOriginalSize":false,"_string":"选择单词书","_N$string":"选择单词书","_fontSize":48,"_lineHeight":48,"_N$horizontalAlign":1,"_N$verticalAlign":1},{"__type__":"cc.Widget","node":{"__id__":8},"_alignFlags":9,"_left":105,"_top":215}],"_color":{"__type__":"cc.Color","r":74,"g":74,"b":74},"_contentSize":{"__type__":"cc.Size","width":240,"height":48},"_position":{"__type__":"cc.Vec3","x":-150,"y":-221},"_scale":{"__type__":"cc.Vec3","x":1,"y":1,"z":1}},{"__type__":"cc.Node","_name":"ChooseWords","_parent":{"__id__":8},"_level":3,"_components":[{"__type__":"cc.Label","node":{"__id__":9},"_srcBlendFactor":1,"_useOriginalSize":false,"_string":"开启蜕变之旅！","_N$string":"开启蜕变之旅！","_N$horizontalAlign":1,"_N$verticalAlign":1},{"__type__":"cc.Widget","node":{"__id__":9},"_alignFlags":33,"_right":-35,"_top":57}],"_color":{"__type__":"cc.Color","r":74,"g":74,"b":74},"_contentSize":{"__type__":"cc.Size","width":280,"height":40},"_position":{"__type__":"cc.Vec3","x":15,"y":-53},"_scale":{"__type__":"cc.Vec3","x":1,"y":1,"z":1}},{"__type__":"cc.Node","_name":"SpriteBg","_parent":{"__id__":8},"_level":3,"_components":[{"__type__":"cc.Sprite","node":{"__id__":10},"_spriteFrame":{"__uuid__":"d6iAI3N2RGx7aBHBVbIOsK"}},{"__type__":"cc.Widget","node":{"__id__":10},"_alignFlags":9,"_left":280.5,"_top":-75}],"_contentSize":{"__type__":"cc.Size","width":309,"height":228},"_position":{"__type__":"cc.Vec3","x":315,"y":-15},"_scale":{"__type__":"cc.Vec3","x":1,"y":1,"z":1}},{"__type__":"cc.Node","_name":"SelectBookList","_parent":{"__id__":2},"_children":[{"__id__":12}],"_level":1,"_components":[{"__type__":"cc.Sprite","node":{"__id__":11},"_type":1,"_sizeMode":0},{"__id__":14},{"__type__":"cc.Widget","node":{"__id__":11},"_alignFlags":45,"_left":30,"_right":30,"_top":355,"_originalWidth":240,"_originalHeight":989},{"__type__":"8156fKPvSlJ7ZE/nUN7pO2V","node":{"__id__":11},"bookItem":{"__uuid__":"24XEFN9LlINqxpqjjIIxJ4"},"bookScrollview":{"__id__":14},"bookcount":4,"selectAudio":{"__uuid__":"f3G6EP8jBKHJvOkE47Ww9Y"}}],"_contentSize":{"__type__":"cc.Size","width":690,"height":979},"_position":{"__type__":"cc.Vec3","y":-177.5},"_scale":{"__type__":"cc.Vec3","x":1,"y":1,"z":1}},{"__type__":"cc.Node","_name":"view","_parent":{"__id__":11},"_children":[{"__id__":13}],"_components":[{"__type__":"cc.Mask","node":{"__id__":12}},{"__type__":"cc.Widget","node":{"__id__":12},"_alignFlags":45,"_originalWidth":240,"_originalHeight":250}],"_contentSize":{"__type__":"cc.Size","width":690,"height":979},"_scale":{"__type__":"cc.Vec3","x":1,"y":1,"z":1}},{"__type__":"cc.Node","_name":"content","_parent":{"__id__":12},"_components":[{"__type__":"cc.Widget","node":{"__id__":13},"_alignFlags":41,"_originalWidth":220},{"__type__":"cc.Layout","node":{"__id__":13},"_layoutSize":{"__type__":"cc.Size","width":690,"height":210},"_resize":1,"_N$layoutType":2,"_N$spacingY":10}],"_contentSize":{"__type__":"cc.Size","width":690,"height":210},"_anchorPoint":{"__type__":"cc.Vec2","x":0.5,"y":1},"_position":{"__type__":"cc.Vec3","y":489.5},"_scale":{"__type__":"cc.Vec3","x":1,"y":1,"z":1}},{"__type__":"cc.ScrollView","node":{"__id__":11},"horizontal":false,"brake":0.75,"bounceDuration":0.23,"_N$content":{"__id__":13},"content":{"__id__":13},"_N$horizontalScrollBar":null,"_N$verticalScrollBar":null}],{"__type__":"cc.SpriteFrame","content":{"name":"orange_sprite","texture":"0fOeFmSlpK34Dulp+4ZSVj","rect":[0,0,309,228],"offset":[0,0],"originalSize":[309,228],"capInsets":[0,0,0,0]}},{"__type__":"cc.SpriteFrame","content":{"name":"postgraduate_words","texture":"62xTCHBtJJjqgStdI1jDVX","rect":[1,1,94,117],"offset":[0.5,-0.5],"originalSize":[95,118],"capInsets":[0,0,0,0]}},{"__type__":"cc.SpriteFrame","content":{"name":"four_level_words","texture":"47TNj2QFJB0ZWNb1cks7MD","rect":[0,0,95,118],"offset":[0,0],"originalSize":[95,118],"capInsets":[0,0,0,0]}}]