[{"__type__":"cc.SpriteFrame","content":{"name":"default_btn_disabled","texture":"71VhFCTINJM6/Ky3oX9nBT","rect":[0,0,40,40],"offset":[0,0],"originalSize":[40,40],"capInsets":[12,12,12,12]}},[{"__type__":"cc.Prefab","_name":"ExchangeVirtualListItem","data":{"__id__":1}},{"__type__":"cc.Node","_name":"ExchangeVirtualListItem","_children":[{"__id__":2}],"_level":2,"_components":[{"__type__":"cc.Widget","node":{"__id__":1},"alignMode":2,"_alignFlags":40},{"__type__":"1806fQA0fZE7ovfm6qbY9w5","node":{"__id__":1},"orderLabel":{"__id__":5},"nameLabel":{"__id__":7},"timeLabel":{"__id__":9},"countLabel":{"__id__":11}}],"_prefab":{"__type__":"cc.PrefabInfo","root":{"__id__":1},"asset":{"__id__":0},"fileId":"a74+Hw+9BAr5+GmAupc/3b"},"_color":{"__type__":"cc.Color","r":254,"g":249,"b":238},"_contentSize":{"__type__":"cc.Size","width":750,"height":235},"_scale":{"__type__":"cc.Vec3","x":1,"y":1,"z":1}},{"__type__":"cc.Node","_name":"Bg","_parent":{"__id__":1},"_children":[{"__id__":3},{"__id__":6},{"__id__":8},{"__id__":10}],"_level":3,"_components":[{"__type__":"cc.Sprite","node":{"__id__":2},"_spriteFrame":{"__uuid__":"d95e9Z/15JZZbZW1JnwwvB"},"_type":1,"_sizeMode":0},{"__type__":"cc.Widget","node":{"__id__":2},"alignMode":2,"_alignFlags":45,"_left":20,"_right":20,"_top":5,"_bottom":5,"_originalWidth":40,"_originalHeight":36}],"_prefab":{"__type__":"cc.PrefabInfo","root":{"__id__":1},"asset":{"__id__":0},"fileId":"9425L9wZNLmpcdkjlDH0+w"},"_contentSize":{"__type__":"cc.Size","width":710,"height":225},"_scale":{"__type__":"cc.Vec3","x":1,"y":1,"z":1}},{"__type__":"cc.Node","_name":"OrderLabel","_parent":{"__id__":2},"_children":[{"__id__":4}],"_level":4,"_components":[{"__type__":"cc.Label","node":{"__id__":3},"_srcBlendFactor":1,"_useOriginalSize":false,"_string":"订单号：","_N$string":"订单号：","_fontSize":30,"_lineHeight":35,"_enableWrapText":false,"_N$verticalAlign":1,"_N$overflow":2},{"__type__":"cc.Widget","node":{"__id__":3},"alignMode":2,"_alignFlags":41,"_left":45,"_right":45,"_top":45,"_originalWidth":120}],"_prefab":{"__type__":"cc.PrefabInfo","root":{"__id__":1},"asset":{"__id__":0},"fileId":"27LFxSLhBDOKTMlxBP/Vpa"},"_color":{"__type__":"cc.Color","r":74,"g":74,"b":74},"_contentSize":{"__type__":"cc.Size","width":620,"height":35},"_position":{"__type__":"cc.Vec3","y":50},"_scale":{"__type__":"cc.Vec3","x":1,"y":1,"z":1}},{"__type__":"cc.Node","_name":"Label","_parent":{"__id__":3},"_level":5,"_components":[{"__id__":5},{"__type__":"cc.Widget","node":{"__id__":4},"alignMode":2,"_alignFlags":45,"_left":100,"_originalWidth":73.4,"_originalHeight":30}],"_prefab":{"__type__":"cc.PrefabInfo","root":{"__id__":1},"asset":{"__id__":0},"fileId":"158GCQUhJOXLUv9kN1mUQ7"},"_color":{"__type__":"cc.Color","r":253,"g":109,"b":39},"_contentSize":{"__type__":"cc.Size","width":520,"height":35},"_position":{"__type__":"cc.Vec3","x":50},"_scale":{"__type__":"cc.Vec3","x":1,"y":1,"z":1}},{"__type__":"cc.Label","node":{"__id__":4},"_srcBlendFactor":1,"_useOriginalSize":false,"_string":"1234567890","_N$string":"1234567890","_fontSize":30,"_lineHeight":30,"_enableWrapText":false,"_N$verticalAlign":1,"_N$overflow":2},{"__type__":"cc.Node","_name":"NameLabel","_parent":{"__id__":2},"_level":4,"_components":[{"__id__":7},{"__type__":"cc.Widget","node":{"__id__":6},"alignMode":2,"_alignFlags":41,"_left":45,"_right":45,"_top":80,"_verticalCenter":-10,"_originalWidth":120}],"_prefab":{"__type__":"cc.PrefabInfo","root":{"__id__":1},"asset":{"__id__":0},"fileId":"fbjqx4CDpNJ5nMBSqbOZSW"},"_color":{"__type__":"cc.Color","r":74,"g":74,"b":74},"_contentSize":{"__type__":"cc.Size","width":620,"height":35},"_position":{"__type__":"cc.Vec3","y":15},"_scale":{"__type__":"cc.Vec3","x":1,"y":1,"z":1}},{"__type__":"cc.Label","node":{"__id__":6},"_srcBlendFactor":1,"_useOriginalSize":false,"_string":"商品名称：","_N$string":"商品名称：","_fontSize":30,"_lineHeight":35,"_enableWrapText":false,"_N$verticalAlign":1,"_N$overflow":2},{"__type__":"cc.Node","_name":"TimeLabel","_parent":{"__id__":2},"_level":4,"_components":[{"__id__":9},{"__type__":"cc.Widget","node":{"__id__":8},"alignMode":2,"_alignFlags":41,"_left":45,"_right":45,"_top":115,"_originalWidth":120}],"_prefab":{"__type__":"cc.PrefabInfo","root":{"__id__":1},"asset":{"__id__":0},"fileId":"24/IIAckhI6rctOOHbexe/"},"_color":{"__type__":"cc.Color","r":74,"g":74,"b":74},"_contentSize":{"__type__":"cc.Size","width":620,"height":35},"_position":{"__type__":"cc.Vec3","y":-20},"_scale":{"__type__":"cc.Vec3","x":1,"y":1,"z":1}},{"__type__":"cc.Label","node":{"__id__":8},"_srcBlendFactor":1,"_useOriginalSize":false,"_string":"兑换时间：xxxx-xx-xx xx：xx","_N$string":"兑换时间：xxxx-xx-xx xx：xx","_fontSize":30,"_lineHeight":35,"_enableWrapText":false,"_N$verticalAlign":1,"_N$overflow":2},{"__type__":"cc.Node","_name":"CountLabel","_parent":{"__id__":2},"_level":4,"_components":[{"__id__":11},{"__type__":"cc.Widget","node":{"__id__":10},"alignMode":2,"_alignFlags":41,"_left":45,"_right":45,"_top":150,"_originalWidth":120}],"_prefab":{"__type__":"cc.PrefabInfo","root":{"__id__":1},"asset":{"__id__":0},"fileId":"0dHxs+/V9HQ45kOFBO5jOm"},"_color":{"__type__":"cc.Color","r":74,"g":74,"b":74},"_contentSize":{"__type__":"cc.Size","width":620,"height":35},"_position":{"__type__":"cc.Vec3","y":-55},"_scale":{"__type__":"cc.Vec3","x":1,"y":1,"z":1}},{"__type__":"cc.Label","node":{"__id__":10},"_srcBlendFactor":1,"_useOriginalSize":false,"_string":"兑换数量：0","_N$string":"兑换数量：0","_fontSize":30,"_lineHeight":35,"_enableWrapText":false,"_N$verticalAlign":1,"_N$overflow":2}],[{"__type__":"cc.Prefab","_name":"ExchangeListItem","data":{"__id__":1}},{"__type__":"cc.Node","_name":"ExchangeListItem","_children":[{"__id__":2}],"_level":1,"_components":[{"__type__":"cc.Widget","node":{"__id__":1},"alignMode":2,"_alignFlags":40},{"__type__":"1806fQA0fZE7ovfm6qbY9w5","node":{"__id__":1},"orderLabel":{"__id__":5},"nameLabel":{"__id__":12},"timeLabel":{"__id__":8},"countLabel":{"__id__":10},"phoneLabel":{"__id__":14},"addressLabel":{"__id__":17},"expressCompanyLabel":{"__id__":19},"expressOrderLabel":{"__id__":21}}],"_prefab":{"__type__":"cc.PrefabInfo","root":{"__id__":1},"asset":{"__uuid__":"791y/iQ6lIZrnGTXAE5Dfd"},"fileId":"74vh81op9BnL99jI2OQPlJ"},"_color":{"__type__":"cc.Color","r":254,"g":249,"b":238},"_contentSize":{"__type__":"cc.Size","width":750,"height":510},"_position":{"__type__":"cc.Vec3","x":375,"y":582},"_scale":{"__type__":"cc.Vec3","x":1,"y":1,"z":1}},{"__type__":"cc.Node","_name":"Bg","_parent":{"__id__":1},"_children":[{"__id__":3},{"__id__":6},{"__id__":7},{"__id__":9},{"__id__":11},{"__id__":13},{"__id__":15},{"__id__":18},{"__id__":20}],"_level":3,"_components":[{"__type__":"cc.Sprite","node":{"__id__":2},"_spriteFrame":{"__uuid__":"d95e9Z/15JZZbZW1JnwwvB"},"_type":1,"_sizeMode":0},{"__type__":"cc.Widget","node":{"__id__":2},"alignMode":2,"_alignFlags":45,"_left":20,"_right":20,"_top":5,"_bottom":5,"_originalWidth":40,"_originalHeight":36}],"_prefab":{"__type__":"cc.PrefabInfo","root":{"__id__":1},"asset":{"__uuid__":"791y/iQ6lIZrnGTXAE5Dfd"},"fileId":"8cMcGyJgpAxIQ8jcgn9OjM"},"_contentSize":{"__type__":"cc.Size","width":710,"height":500},"_scale":{"__type__":"cc.Vec3","x":1,"y":1,"z":1}},{"__type__":"cc.Node","_name":"OrderLabel","_parent":{"__id__":2},"_children":[{"__id__":4}],"_level":4,"_components":[{"__type__":"cc.Label","node":{"__id__":3},"_srcBlendFactor":1,"_useOriginalSize":false,"_string":"订单号：","_N$string":"订单号：","_fontSize":30,"_lineHeight":35,"_enableWrapText":false,"_N$verticalAlign":1,"_N$overflow":2},{"__type__":"cc.Widget","node":{"__id__":3},"alignMode":2,"_alignFlags":41,"_left":45,"_right":45,"_top":55,"_originalWidth":120}],"_prefab":{"__type__":"cc.PrefabInfo","root":{"__id__":1},"asset":{"__uuid__":"791y/iQ6lIZrnGTXAE5Dfd"},"fileId":"6c30LgQuJKLoXZW6atPigg"},"_color":{"__type__":"cc.Color","r":74,"g":74,"b":74},"_contentSize":{"__type__":"cc.Size","width":620,"height":35},"_position":{"__type__":"cc.Vec3","y":177.5},"_scale":{"__type__":"cc.Vec3","x":1,"y":1,"z":1}},{"__type__":"cc.Node","_name":"Label","_parent":{"__id__":3},"_level":5,"_components":[{"__id__":5},{"__type__":"cc.Widget","node":{"__id__":4},"alignMode":2,"_alignFlags":45,"_left":100,"_originalWidth":73.4,"_originalHeight":30}],"_prefab":{"__type__":"cc.PrefabInfo","root":{"__id__":1},"asset":{"__uuid__":"791y/iQ6lIZrnGTXAE5Dfd"},"fileId":"1bZkOkctFMRrlVoobkwpKg"},"_color":{"__type__":"cc.Color","r":253,"g":109,"b":39},"_contentSize":{"__type__":"cc.Size","width":520,"height":35},"_position":{"__type__":"cc.Vec3","x":50},"_scale":{"__type__":"cc.Vec3","x":1,"y":1,"z":1}},{"__type__":"cc.Label","node":{"__id__":4},"_srcBlendFactor":1,"_useOriginalSize":false,"_string":"1234567890","_N$string":"1234567890","_fontSize":30,"_lineHeight":30,"_enableWrapText":false,"_N$verticalAlign":1,"_N$overflow":2},{"__type__":"cc.Node","_name":"NameLabel","_parent":{"__id__":2},"_level":4,"_components":[{"__type__":"cc.Label","node":{"__id__":6},"_srcBlendFactor":1,"_useOriginalSize":false,"_string":"商品名称：","_N$string":"商品名称：","_fontSize":30,"_lineHeight":35,"_enableWrapText":false,"_N$verticalAlign":1,"_N$overflow":2},{"__type__":"cc.Widget","node":{"__id__":6},"alignMode":2,"_alignFlags":41,"_left":45,"_right":45,"_top":90,"_originalWidth":120}],"_prefab":{"__type__":"cc.PrefabInfo","root":{"__id__":1},"asset":{"__uuid__":"791y/iQ6lIZrnGTXAE5Dfd"},"fileId":"caZ/5YWqFKJJdbvR4FwEx0"},"_color":{"__type__":"cc.Color","r":74,"g":74,"b":74},"_contentSize":{"__type__":"cc.Size","width":620,"height":35},"_position":{"__type__":"cc.Vec3","y":142.5},"_scale":{"__type__":"cc.Vec3","x":1,"y":1,"z":1}},{"__type__":"cc.Node","_name":"TimeLabel","_parent":{"__id__":2},"_level":4,"_components":[{"__id__":8},{"__type__":"cc.Widget","node":{"__id__":7},"alignMode":2,"_alignFlags":41,"_left":45,"_right":45,"_top":125,"_originalWidth":120}],"_prefab":{"__type__":"cc.PrefabInfo","root":{"__id__":1},"asset":{"__uuid__":"791y/iQ6lIZrnGTXAE5Dfd"},"fileId":"3670TfelFKHZspHnwSvPVO"},"_color":{"__type__":"cc.Color","r":74,"g":74,"b":74},"_contentSize":{"__type__":"cc.Size","width":620,"height":35},"_position":{"__type__":"cc.Vec3","y":107.5},"_scale":{"__type__":"cc.Vec3","x":1,"y":1,"z":1}},{"__type__":"cc.Label","node":{"__id__":7},"_srcBlendFactor":1,"_useOriginalSize":false,"_string":"兑换时间：xxxx-xx-xx xx：xx","_N$string":"兑换时间：xxxx-xx-xx xx：xx","_fontSize":30,"_lineHeight":35,"_enableWrapText":false,"_N$verticalAlign":1,"_N$overflow":2},{"__type__":"cc.Node","_name":"CountLabel","_parent":{"__id__":2},"_level":4,"_components":[{"__id__":10},{"__type__":"cc.Widget","node":{"__id__":9},"alignMode":2,"_alignFlags":41,"_left":45,"_right":45,"_top":160,"_originalWidth":120}],"_prefab":{"__type__":"cc.PrefabInfo","root":{"__id__":1},"asset":{"__uuid__":"791y/iQ6lIZrnGTXAE5Dfd"},"fileId":"1dnFEgbthF/ZK/QNL3aW7A"},"_color":{"__type__":"cc.Color","r":74,"g":74,"b":74},"_contentSize":{"__type__":"cc.Size","width":620,"height":35},"_position":{"__type__":"cc.Vec3","y":72.5},"_scale":{"__type__":"cc.Vec3","x":1,"y":1,"z":1}},{"__type__":"cc.Label","node":{"__id__":9},"_srcBlendFactor":1,"_useOriginalSize":false,"_string":"兑换数量：0","_N$string":"兑换数量：0","_fontSize":30,"_lineHeight":35,"_enableWrapText":false,"_N$verticalAlign":1,"_N$overflow":2},{"__type__":"cc.Node","_name":"UserNameLabel","_parent":{"__id__":2},"_level":4,"_components":[{"__id__":12},{"__type__":"cc.Widget","node":{"__id__":11},"alignMode":2,"_alignFlags":42,"_left":45,"_right":45,"_top":205,"_verticalCenter":10,"_originalWidth":120}],"_prefab":{"__type__":"cc.PrefabInfo","root":{"__id__":1},"asset":{"__uuid__":"791y/iQ6lIZrnGTXAE5Dfd"},"fileId":"42mn7/CmdOaL/gqrptzylp"},"_color":{"__type__":"cc.Color","r":74,"g":74,"b":74},"_contentSize":{"__type__":"cc.Size","width":620,"height":35},"_position":{"__type__":"cc.Vec3","y":10},"_scale":{"__type__":"cc.Vec3","x":1,"y":1,"z":1}},{"__type__":"cc.Label","node":{"__id__":11},"_srcBlendFactor":1,"_useOriginalSize":false,"_string":"收件人：","_N$string":"收件人：","_fontSize":30,"_lineHeight":35,"_enableWrapText":false,"_N$verticalAlign":1,"_N$overflow":2},{"__type__":"cc.Node","_name":"PhoneLabel","_parent":{"__id__":2},"_level":4,"_components":[{"__id__":14},{"__type__":"cc.Widget","node":{"__id__":13},"alignMode":2,"_alignFlags":42,"_left":45,"_right":45,"_top":245,"_verticalCenter":-25,"_originalWidth":120}],"_prefab":{"__type__":"cc.PrefabInfo","root":{"__id__":1},"asset":{"__uuid__":"791y/iQ6lIZrnGTXAE5Dfd"},"fileId":"51OclD2ABJza617MKTfQAR"},"_color":{"__type__":"cc.Color","r":74,"g":74,"b":74},"_contentSize":{"__type__":"cc.Size","width":620,"height":35},"_position":{"__type__":"cc.Vec3","y":-25},"_scale":{"__type__":"cc.Vec3","x":1,"y":1,"z":1}},{"__type__":"cc.Label","node":{"__id__":13},"_srcBlendFactor":1,"_useOriginalSize":false,"_string":"手机号：","_N$string":"手机号：","_fontSize":30,"_lineHeight":35,"_enableWrapText":false,"_N$verticalAlign":1,"_N$overflow":2},{"__type__":"cc.Node","_name":"AddressLabel","_parent":{"__id__":2},"_children":[{"__id__":16}],"_level":4,"_components":[{"__type__":"cc.Label","node":{"__id__":15},"_srcBlendFactor":1,"_useOriginalSize":false,"_string":"邮寄地址：","_N$string":"邮寄地址：","_fontSize":30,"_lineHeight":35,"_N$verticalAlign":1,"_N$overflow":2},{"__type__":"cc.Widget","node":{"__id__":15},"alignMode":2,"_alignFlags":42,"_left":45,"_right":45,"_top":285,"_verticalCenter":-60,"_originalWidth":120}],"_prefab":{"__type__":"cc.PrefabInfo","root":{"__id__":1},"asset":{"__uuid__":"791y/iQ6lIZrnGTXAE5Dfd"},"fileId":"eaQhKUtI1PXJ0y+c8ZI62y"},"_color":{"__type__":"cc.Color","r":74,"g":74,"b":74},"_contentSize":{"__type__":"cc.Size","width":620,"height":35},"_position":{"__type__":"cc.Vec3","y":-60},"_scale":{"__type__":"cc.Vec3","x":1,"y":1,"z":1}},{"__type__":"cc.Node","_name":"Label","_parent":{"__id__":15},"_level":5,"_components":[{"__id__":17},{"__type__":"cc.Widget","node":{"__id__":16},"alignMode":2,"_alignFlags":41,"_left":140,"_originalWidth":73.4,"_originalHeight":30}],"_prefab":{"__type__":"cc.PrefabInfo","root":{"__id__":1},"asset":{"__uuid__":"791y/iQ6lIZrnGTXAE5Dfd"},"fileId":"a8SJkCtINI2578lp4Eeta4"},"_color":{"__type__":"cc.Color","r":74,"g":74,"b":74},"_contentSize":{"__type__":"cc.Size","width":480,"height":35},"_position":{"__type__":"cc.Vec3","x":70},"_scale":{"__type__":"cc.Vec3","x":1,"y":1,"z":1}},{"__type__":"cc.Label","node":{"__id__":16},"_srcBlendFactor":1,"_useOriginalSize":false,"_fontSize":30,"_lineHeight":35,"_N$verticalAlign":1,"_N$overflow":3},{"__type__":"cc.Node","_name":"ExpressCompanyLabel","_parent":{"__id__":2},"_level":4,"_components":[{"__id__":19},{"__type__":"cc.Widget","node":{"__id__":18},"alignMode":2,"_alignFlags":44,"_left":45,"_right":45,"_top":65,"_bottom":90,"_originalWidth":120}],"_prefab":{"__type__":"cc.PrefabInfo","root":{"__id__":1},"asset":{"__uuid__":"791y/iQ6lIZrnGTXAE5Dfd"},"fileId":"83inOmephDZbdcuyy+DdW1"},"_color":{"__type__":"cc.Color","r":74,"g":74,"b":74},"_contentSize":{"__type__":"cc.Size","width":620,"height":35},"_position":{"__type__":"cc.Vec3","y":-142.5},"_scale":{"__type__":"cc.Vec3","x":1,"y":1,"z":1}},{"__type__":"cc.Label","node":{"__id__":18},"_srcBlendFactor":1,"_useOriginalSize":false,"_string":"快递公司：","_N$string":"快递公司：","_fontSize":30,"_lineHeight":35,"_enableWrapText":false,"_N$verticalAlign":1,"_N$overflow":2},{"__type__":"cc.Node","_name":"ExpressOrderLabel","_parent":{"__id__":2},"_level":4,"_components":[{"__id__":21},{"__type__":"cc.Widget","node":{"__id__":20},"alignMode":2,"_alignFlags":44,"_left":45,"_right":45,"_top":65,"_bottom":55,"_originalWidth":120}],"_prefab":{"__type__":"cc.PrefabInfo","root":{"__id__":1},"asset":{"__uuid__":"791y/iQ6lIZrnGTXAE5Dfd"},"fileId":"5fabgrOTNDKo04xl42U6vr"},"_color":{"__type__":"cc.Color","r":74,"g":74,"b":74},"_contentSize":{"__type__":"cc.Size","width":620,"height":35},"_position":{"__type__":"cc.Vec3","y":-177.5},"_scale":{"__type__":"cc.Vec3","x":1,"y":1,"z":1}},{"__type__":"cc.Label","node":{"__id__":20},"_srcBlendFactor":1,"_useOriginalSize":false,"_string":"快递单号：","_N$string":"快递单号：","_fontSize":30,"_lineHeight":35,"_enableWrapText":false,"_N$verticalAlign":1,"_N$overflow":2}],{"__type__":"cc.SpriteFrame","content":{"name":"back","texture":"0crVq4CiFGKJ6Q4VG57SZ9","rect":[0,0,20,34],"offset":[0,0],"originalSize":[20,34],"capInsets":[0,0,0,0]}},{"__type__":"cc.SpriteFrame","content":{"name":"default_panel","texture":"d8HsitJHxOYqo801xBk8ev","rect":[0,0,20,20],"offset":[0,0],"originalSize":[20,20],"capInsets":[6,6,6,6]}},{"__type__":"cc.SpriteFrame","content":{"name":"shop_confirm_detail_bg","texture":"2ckoBkP05BXLS4H0rUrY5z","rect":[0,0,710,520],"offset":[0,0],"originalSize":[710,520],"capInsets":[25,30,25,30]}},{"__type__":"cc.SpriteFrame","content":{"name":"default_btn_pressed","texture":"b4P/PCArtIdIH38t6mlw8Y","rect":[0,0,40,40],"offset":[0,0],"originalSize":[40,40],"capInsets":[12,12,12,12]}},{"__type__":"cc.SpriteFrame","content":{"name":"default_btn_normal","texture":"e8Ueib+qJEhL6mXAHdnwbi","rect":[0,0,40,40],"offset":[0,0],"originalSize":[40,40],"capInsets":[12,12,12,12]}},[{"__type__":"cc.SceneAsset","_name":"ExchangeInfo","scene":{"__id__":1},"asyncLoadAssets":null},{"__type__":"cc.Scene","_name":"New Node","_children":[{"__id__":2}],"_anchorPoint":{"__type__":"cc.Vec2"},"_scale":{"__type__":"cc.Vec3","x":0.4362818590704648,"y":0.4362818590704648,"z":1},"autoReleaseAssets":false},{"__type__":"cc.Node","_name":"Canvas","_parent":{"__id__":1},"_children":[{"__id__":3},{"__id__":4},{"__id__":6},{"__id__":7}],"_level":1,"_components":[{"__type__":"cc.Canvas","node":{"__id__":2},"_designResolution":{"__type__":"cc.Size","width":750,"height":1334}},{"__type__":"bf409zUPmJNNqbA61CMXMNS","node":{"__id__":2},"scrollView":{"__id__":10},"itemPrefab":{"__uuid__":"791y/iQ6lIZrnGTXAE5Dfd"},"VirtualItemPrefab":{"__uuid__":"43e2QJpflClp9+HxjSYurt"},"emptyPrefab":{"__uuid__":"8afTPOvytCnZBVTRsqFax/"}}],"_color":{"__type__":"cc.Color","r":254,"g":249,"b":238},"_contentSize":{"__type__":"cc.Size","width":750,"height":1334},"_position":{"__type__":"cc.Vec3","x":375,"y":667},"_scale":{"__type__":"cc.Vec3","x":1,"y":1,"z":1},"_id":"df/9f/TAJMWbsCkyCAhyOH"},{"__type__":"cc.Node","_name":"Main Camera","_parent":{"__id__":2},"_level":2,"_components":[{"__type__":"cc.Camera","node":{"__id__":3},"_clearFlags":7,"_backgroundColor":{"__type__":"cc.Color","r":254,"g":249,"b":238},"_depth":-1}],"_color":{"__type__":"cc.Color","r":254,"g":249,"b":238},"_scale":{"__type__":"cc.Vec3","x":1,"y":1,"z":1}},{"__type__":"cc.Node","_name":"BackBtn","_parent":{"__id__":2},"_children":[{"__id__":5}],"_level":2,"_components":[{"__type__":"cc.Button","node":{"__id__":4},"pressedColor":{"__type__":"cc.Color","r":255,"g":255,"b":255},"clickEvents":[{"__type__":"cc.ClickEvent","target":{"__id__":2},"component":"ExchangeInfo","handler":"backBtnClick","customEventData":"true"}],"_N$normalColor":{"__type__":"cc.Color","r":255,"g":255,"b":255},"_N$disabledColor":{"__type__":"cc.Color","r":255,"g":255,"b":255},"_N$pressedSprite":{"__uuid__":"e97GVMl6JHh5Ml5qEDdSGa"},"pressedSprite":{"__uuid__":"e97GVMl6JHh5Ml5qEDdSGa"},"_N$hoverSprite":{"__uuid__":"f0BIwQ8D5Ml7nTNQbh1YlS"},"hoverSprite":{"__uuid__":"f0BIwQ8D5Ml7nTNQbh1YlS"},"_N$disabledSprite":{"__uuid__":"29FYIk+N1GYaeWH/q1NxQO"},"_N$target":{"__id__":4}},{"__type__":"cc.Widget","node":{"__id__":4},"alignMode":2,"_alignFlags":9,"_left":20,"_top":55}],"_contentSize":{"__type__":"cc.Size","width":50,"height":50},"_position":{"__type__":"cc.Vec3","x":-330,"y":587},"_scale":{"__type__":"cc.Vec3","x":1,"y":1,"z":1}},{"__type__":"cc.Node","_name":"Sprite","_parent":{"__id__":4},"_level":3,"_components":[{"__type__":"cc.Sprite","node":{"__id__":5},"_spriteFrame":{"__uuid__":"83jl2tL11O4KOcaqrDgUjB"}},{"__type__":"cc.Widget","node":{"__id__":5},"alignMode":2,"_alignFlags":18}],"_contentSize":{"__type__":"cc.Size","width":20,"height":34},"_scale":{"__type__":"cc.Vec3","x":1,"y":1,"z":1}},{"__type__":"cc.Node","_name":"TitleLabel","_parent":{"__id__":2},"_level":2,"_components":[{"__type__":"cc.Label","node":{"__id__":6},"_srcBlendFactor":1,"_useOriginalSize":false,"_string":"兑换信息","_N$string":"兑换信息","_fontSize":38,"_lineHeight":38,"_N$horizontalAlign":1,"_N$verticalAlign":1},{"__type__":"cc.Widget","node":{"__id__":6},"alignMode":2,"_alignFlags":17,"_top":62}],"_color":{"__type__":"cc.Color"},"_contentSize":{"__type__":"cc.Size","width":152,"height":38},"_position":{"__type__":"cc.Vec3","y":586},"_scale":{"__type__":"cc.Vec3","x":1,"y":1,"z":1}},{"__type__":"cc.Node","_name":"ScrollView","_parent":{"__id__":2},"_children":[{"__id__":8}],"_level":2,"_components":[{"__type__":"cc.Sprite","node":{"__id__":7},"_spriteFrame":{"__uuid__":"9bvaMerUlDyary99mJa6xp"},"_type":1,"_sizeMode":0},{"__id__":10},{"__type__":"cc.Widget","node":{"__id__":7},"alignMode":2,"_alignFlags":45,"_top":128,"_originalWidth":240,"_originalHeight":250}],"_color":{"__type__":"cc.Color","r":254,"g":249,"b":238},"_contentSize":{"__type__":"cc.Size","width":750,"height":1206},"_position":{"__type__":"cc.Vec3","y":-64},"_scale":{"__type__":"cc.Vec3","x":1,"y":1,"z":1}},{"__type__":"cc.Node","_name":"view","_parent":{"__id__":7},"_children":[{"__id__":9}],"_components":[{"__type__":"cc.Mask","node":{"__id__":8}},{"__type__":"cc.Widget","node":{"__id__":8},"alignMode":2,"_alignFlags":45,"_originalWidth":240,"_originalHeight":250}],"_color":{"__type__":"cc.Color","r":254,"g":249,"b":238},"_contentSize":{"__type__":"cc.Size","width":750,"height":1206},"_scale":{"__type__":"cc.Vec3","x":1,"y":1,"z":1}},{"__type__":"cc.Node","_name":"content","_parent":{"__id__":8},"_components":[{"__type__":"cc.Widget","node":{"__id__":9},"alignMode":2,"_alignFlags":40,"_originalWidth":220},{"__type__":"cc.Layout","node":{"__id__":9},"_resize":1,"_N$layoutType":2,"_N$paddingTop":15,"_N$paddingBottom":15}],"_color":{"__type__":"cc.Color","r":254,"g":249,"b":238},"_contentSize":{"__type__":"cc.Size","width":750,"height":400},"_anchorPoint":{"__type__":"cc.Vec2","x":0.5,"y":1},"_position":{"__type__":"cc.Vec3","y":115.31},"_scale":{"__type__":"cc.Vec3","x":1,"y":1,"z":1}},{"__type__":"cc.ScrollView","node":{"__id__":7},"horizontal":false,"brake":0.75,"elastic":false,"bounceDuration":0.23,"_N$content":{"__id__":9},"content":{"__id__":9},"_N$horizontalScrollBar":null,"_N$verticalScrollBar":null}]]