[{"__type__":"cc.SpriteFrame","content":{"name":"rank_tool_select_right_bg","texture":"b05/6RarpPhb+YFE0unfPO","rect":[0,2,179,62],"offset":[-1,0.5],"originalSize":[181,67],"capInsets":[0,0,30,0]}},{"__type__":"cc.SpriteFrame","content":{"name":"line","texture":"6dd/haCfBPnoHoBV+Hzz2K","rect":[0,29,60,2],"offset":[0,0],"originalSize":[60,60],"capInsets":[0,0,0,0]}},{"__type__":"cc.SpriteFrame","content":{"name":"rank_sword","texture":"f4pATEWyRNU7PHyj5yknru","rect":[4,2,34,36],"offset":[0.5,0.5],"originalSize":[41,41],"capInsets":[0,0,0,0]}},{"__type__":"cc.SpriteFrame","content":{"name":"white_bg","texture":"11+MH+mEdPXZmm6UnzsvES","rect":[0,0,490,286],"offset":[0,0],"originalSize":[490,286],"capInsets":[0,0,0,0]}},{"__type__":"cc.SpriteFrame","content":{"name":"default_btn_disabled","texture":"71VhFCTINJM6/Ky3oX9nBT","rect":[0,0,40,40],"offset":[0,0],"originalSize":[40,40],"capInsets":[12,12,12,12]}},{"__type__":"cc.SpriteFrame","content":{"name":"rank_tool_select_animation_bg","texture":"0764VWK+dBNJTLaPeEDY35","rect":[1,2,178,62],"offset":[-0.5,0.5],"originalSize":[181,67],"capInsets":[30,0,30,0]}},[{"__type__":"cc.Prefab","_name":"RankListItem","data":{"__id__":1}},{"__type__":"cc.Node","_name":"RankListItem","_children":[{"__id__":2},{"__id__":4},{"__id__":7},{"__id__":9},{"__id__":10},{"__id__":11}],"_level":1,"_components":[{"__type__":"cc.Sprite","node":{"__id__":1},"_spriteFrame":{"__uuid__":"16CnnZYYNM/o+1K8BpewH6"},"_type":1,"_sizeMode":0},{"__type__":"cc.Button","node":{"__id__":1},"pressedColor":{"__type__":"cc.Color","r":255,"g":255,"b":255},"_N$normalColor":{"__type__":"cc.Color","r":255,"g":255,"b":255},"_N$disabledColor":{"__type__":"cc.Color","r":255,"g":255,"b":255},"_N$normalSprite":{"__uuid__":"f0BIwQ8D5Ml7nTNQbh1YlS"},"_N$pressedSprite":{"__uuid__":"e97GVMl6JHh5Ml5qEDdSGa"},"pressedSprite":{"__uuid__":"e97GVMl6JHh5Ml5qEDdSGa"},"_N$hoverSprite":{"__uuid__":"f0BIwQ8D5Ml7nTNQbh1YlS"},"hoverSprite":{"__uuid__":"f0BIwQ8D5Ml7nTNQbh1YlS"},"_N$disabledSprite":{"__uuid__":"29FYIk+N1GYaeWH/q1NxQO"},"_N$target":{"__id__":1}},{"__type__":"cc.Widget","node":{"__id__":1},"alignMode":2,"_alignFlags":40,"_originalWidth":640},{"__type__":"4f859CDCxdFRIZNIdwYc/Pn","node":{"__id__":1},"rankBtn":{"__id__":2},"iconSprite":{"__id__":6},"userNameLabel":{"__id__":8},"scoreLabel":{"__id__":9},"zanBtn":{"__id__":10},"zanSP":{"__uuid__":"83Z5aJTLBNmJdtze2L7vmt"},"zanUnselectSP":{"__uuid__":"b7ZNAIfgpEC54L/JiR5Ufn"}}],"_prefab":{"__type__":"cc.PrefabInfo","root":{"__id__":1},"asset":{"__uuid__":"3eTT38Ka1PKJ8c3OWlBTEL"},"fileId":"c1Bj07SAJF7LFK0VCUpoxh"},"_color":{"__type__":"cc.Color","r":245,"g":239,"b":226},"_contentSize":{"__type__":"cc.Size","width":750,"height":140},"_anchorPoint":{"__type__":"cc.Vec2","y":0.5},"_position":{"__type__":"cc.Vec3","y":-70},"_scale":{"__type__":"cc.Vec3","x":1,"y":1,"z":1}},{"__type__":"cc.Node","_name":"RankBtn","_parent":{"__id__":1},"_children":[{"__id__":3}],"_level":3,"_components":[{"__type__":"cc.Sprite","node":{"__id__":2},"_spriteFrame":{"__uuid__":"a2mmUxmGNHTagH3dKGLEwe"},"_sizeMode":0},{"__type__":"cc.Button","node":{"__id__":2},"pressedColor":{"__type__":"cc.Color","r":255,"g":255,"b":255},"_N$interactable":false,"_N$normalColor":{"__type__":"cc.Color","r":255,"g":255,"b":255},"_N$disabledColor":{"__type__":"cc.Color","r":255,"g":255,"b":255},"_N$normalSprite":{"__uuid__":"f0BIwQ8D5Ml7nTNQbh1YlS"},"_N$pressedSprite":{"__uuid__":"e97GVMl6JHh5Ml5qEDdSGa"},"pressedSprite":{"__uuid__":"e97GVMl6JHh5Ml5qEDdSGa"},"_N$hoverSprite":{"__uuid__":"f0BIwQ8D5Ml7nTNQbh1YlS"},"hoverSprite":{"__uuid__":"f0BIwQ8D5Ml7nTNQbh1YlS"},"_N$disabledSprite":{"__uuid__":"29FYIk+N1GYaeWH/q1NxQO"},"_N$target":{"__id__":2}},{"__type__":"cc.Widget","node":{"__id__":2},"alignMode":2,"_alignFlags":10,"_left":56}],"_prefab":{"__type__":"cc.PrefabInfo","root":{"__id__":1},"asset":{"__uuid__":"3eTT38Ka1PKJ8c3OWlBTEL"},"fileId":"c3WHdDqZBPLLeQMMDsy5FB"},"_contentSize":{"__type__":"cc.Size","width":51,"height":65},"_position":{"__type__":"cc.Vec3","x":81.5},"_scale":{"__type__":"cc.Vec3","x":1,"y":1,"z":1}},{"__type__":"cc.Node","_name":"Label","_parent":{"__id__":2},"_components":[{"__type__":"cc.Label","node":{"__id__":3},"_srcBlendFactor":1,"_useOriginalSize":false,"_fontSize":30,"_lineHeight":30,"_enableWrapText":false,"_N$horizontalAlign":1,"_N$verticalAlign":1,"_N$overflow":1},{"__type__":"cc.Widget","node":{"__id__":3},"alignMode":2,"_alignFlags":45,"_left":5,"_right":5,"_originalWidth":100,"_originalHeight":40}],"_prefab":{"__type__":"cc.PrefabInfo","root":{"__id__":1},"asset":{"__uuid__":"3eTT38Ka1PKJ8c3OWlBTEL"},"fileId":"ebsamMYDZKdZEngpg2izog"},"_color":{"__type__":"cc.Color","r":74,"g":74,"b":74},"_contentSize":{"__type__":"cc.Size","width":41,"height":65},"_scale":{"__type__":"cc.Vec3","x":1,"y":1,"z":1}},{"__type__":"cc.Node","_name":"IconImage","_parent":{"__id__":1},"_children":[{"__id__":5}],"_level":3,"_components":[{"__type__":"cc.Widget","node":{"__id__":4},"alignMode":2,"_alignFlags":10,"_left":142},{"__type__":"cc.Mask","node":{"__id__":4},"_type":1,"_segments":45}],"_prefab":{"__type__":"cc.PrefabInfo","root":{"__id__":1},"asset":{"__uuid__":"3eTT38Ka1PKJ8c3OWlBTEL"},"fileId":"13Y1fcZHNLD43YuEWLOLZe"},"_contentSize":{"__type__":"cc.Size","width":90,"height":90},"_position":{"__type__":"cc.Vec3","x":187},"_scale":{"__type__":"cc.Vec3","x":1,"y":1,"z":1}},{"__type__":"cc.Node","_name":"Sprite","_parent":{"__id__":4},"_level":4,"_components":[{"__id__":6},{"__type__":"cc.Widget","node":{"__id__":5},"alignMode":2,"_alignFlags":45,"_originalWidth":140,"_originalHeight":140}],"_prefab":{"__type__":"cc.PrefabInfo","root":{"__id__":1},"asset":{"__uuid__":"3eTT38Ka1PKJ8c3OWlBTEL"},"fileId":"7da8oOStdMUocVwYZvymKI"},"_contentSize":{"__type__":"cc.Size","width":90,"height":90},"_scale":{"__type__":"cc.Vec3","x":1,"y":1,"z":1}},{"__type__":"cc.Sprite","node":{"__id__":5},"_spriteFrame":{"__uuid__":"714G2r3Y9GkpeMvdBBmfMs"},"_sizeMode":0},{"__type__":"cc.Node","_name":"NameLabel","_parent":{"__id__":1},"_level":3,"_components":[{"__id__":8},{"__type__":"cc.Widget","node":{"__id__":7},"alignMode":2,"_alignFlags":10,"_left":259}],"_prefab":{"__type__":"cc.PrefabInfo","root":{"__id__":1},"asset":{"__uuid__":"3eTT38Ka1PKJ8c3OWlBTEL"},"fileId":"46KERdWY9Jr5rX7VDmsxTi"},"_color":{"__type__":"cc.Color","r":74,"g":74,"b":74},"_contentSize":{"__type__":"cc.Size","width":84,"height":34},"_position":{"__type__":"cc.Vec3","x":301},"_scale":{"__type__":"cc.Vec3","x":1,"y":1,"z":1}},{"__type__":"cc.Label","node":{"__id__":7},"_srcBlendFactor":1,"_useOriginalSize":false,"_string":"小橙子","_N$string":"小橙子","_fontSize":28,"_lineHeight":34,"_N$horizontalAlign":1,"_N$verticalAlign":1},{"__type__":"cc.Node","_name":"ScoreLabel","_parent":{"__id__":1},"_level":3,"_components":[{"__type__":"cc.Label","node":{"__id__":9},"_srcBlendFactor":1,"_useOriginalSize":false,"_string":"0","_N$string":"0","_N$horizontalAlign":1,"_N$verticalAlign":1},{"__type__":"cc.Widget","node":{"__id__":9},"alignMode":2,"_alignFlags":34,"_right":130,"_horizontalCenter":0.28,"_isAbsHorizontalCenter":false}],"_prefab":{"__type__":"cc.PrefabInfo","root":{"__id__":1},"asset":{"__uuid__":"3eTT38Ka1PKJ8c3OWlBTEL"},"fileId":"6cu82xlvBAeID+Y+6JPJ04"},"_color":{"__type__":"cc.Color","r":255,"g":193,"b":27},"_contentSize":{"__type__":"cc.Size","width":22.25,"height":40},"_position":{"__type__":"cc.Vec3","x":608.875},"_scale":{"__type__":"cc.Vec3","x":1,"y":1,"z":1}},{"__type__":"cc.Node","_name":"zanBtn","_parent":{"__id__":1},"_level":2,"_components":[{"__type__":"cc.Sprite","node":{"__id__":10},"_type":1,"_sizeMode":0},{"__type__":"cc.Button","node":{"__id__":10},"transition":3,"pressedColor":{"__type__":"cc.Color","r":255,"g":255,"b":255},"clickEvents":[{"__type__":"cc.ClickEvent","target":{"__id__":1},"component":"RankListItem","handler":"zanBtnClick","customEventData":"true"}],"_N$normalColor":{"__type__":"cc.Color","r":255,"g":255,"b":255},"_N$disabledColor":{"__type__":"cc.Color","r":255,"g":255,"b":255},"_N$pressedSprite":{"__uuid__":"e97GVMl6JHh5Ml5qEDdSGa"},"pressedSprite":{"__uuid__":"e97GVMl6JHh5Ml5qEDdSGa"},"_N$hoverSprite":{"__uuid__":"f0BIwQ8D5Ml7nTNQbh1YlS"},"hoverSprite":{"__uuid__":"f0BIwQ8D5Ml7nTNQbh1YlS"},"_N$disabledSprite":{"__uuid__":"29FYIk+N1GYaeWH/q1NxQO"},"_N$target":{"__id__":10}},{"__type__":"cc.Widget","node":{"__id__":10},"alignMode":2,"_alignFlags":34,"_right":55,"_verticalCenter":8,"_horizontalCenter":0.415,"_isAbsHorizontalCenter":false}],"_prefab":{"__type__":"cc.PrefabInfo","root":{"__id__":1},"asset":{"__uuid__":"3eTT38Ka1PKJ8c3OWlBTEL"},"fileId":"898+0pYHxIjLUo2BuM6Xrr"},"_contentSize":{"__type__":"cc.Size","width":40,"height":40},"_position":{"__type__":"cc.Vec3","x":675,"y":8},"_scale":{"__type__":"cc.Vec3","x":1,"y":1,"z":1}},{"__type__":"cc.Node","_name":"Line","_parent":{"__id__":1},"_level":2,"_components":[{"__type__":"cc.Sprite","node":{"__id__":11},"_srcBlendFactor":1,"_dstBlendFactor":774,"_spriteFrame":{"__uuid__":"02VHI1EG9OErub7VllKUNz"},"_type":1,"_sizeMode":0},{"__type__":"cc.Widget","node":{"__id__":11},"_alignFlags":44,"_bottom":1,"_originalWidth":100}],"_prefab":{"__type__":"cc.PrefabInfo","root":{"__id__":1},"asset":{"__uuid__":"3eTT38Ka1PKJ8c3OWlBTEL"},"fileId":"8fd53//rFPkKRNm80JXX2S"},"_color":{"__type__":"cc.Color"},"_contentSize":{"__type__":"cc.Size","width":750,"height":1},"_position":{"__type__":"cc.Vec3","x":375,"y":-68.5},"_scale":{"__type__":"cc.Vec3","x":1,"y":1,"z":1}}],{"__type__":"cc.AnimationClip","_name":"RankToolSelectLeft","_duration":1.0333333333333334,"sample":30,"speed":2.5,"curveData":{"props":{"x":[{"frame":0,"value":0},{"frame":0.16666666666666666,"value":-60},{"frame":0.3333333333333333,"value":-120},{"frame":0.5,"value":-181}],"width":[{"frame":0,"value":181},{"frame":0.16666666666666666,"value":240},{"frame":0.3333333333333333,"value":300},{"frame":0.5,"value":362},{"frame":0.6666666666666666,"value":300},{"frame":0.8333333333333334,"value":240},{"frame":1,"value":181}]},"comps":{"cc.Sprite":{"spriteFrame":[{"frame":0,"value":{"__uuid__":"01Rpf74P1FtYML4sUCwZGb"}},{"frame":0.03333333333333333,"value":{"__uuid__":"38YAIp9i1IRYMk4WF8tJN7"}},{"frame":1,"value":{"__uuid__":"d8e+9b/5hHeZXwWAw9RKM8"}}]}}},"events":[{"frame":1,"func":"animationComplete","params":[true]}]},{"__type__":"cc.SpriteFrame","content":{"name":"default_icon","texture":"8dqeGcpelK+IeVtCbWWss4","rect":[0,0,140,140],"offset":[0,0],"originalSize":[140,140],"capInsets":[0,0,0,0]}},{"__type__":"cc.SpriteFrame","content":{"name":"rank_second","texture":"e7uDbQCjhIqL32G/nKmZQz","rect":[0,0,51,66],"offset":[0,0],"originalSize":[51,66],"capInsets":[0,0,0,0]}},{"__type__":"cc.SpriteFrame","content":{"name":"rank_share","texture":"adQNuI8qZM4aqFToXAlHPO","rect":[0,0,160,80],"offset":[0,0],"originalSize":[160,80],"capInsets":[40,0,40,0]}},{"__type__":"cc.SpriteFrame","content":{"name":"rank_zan_enable","texture":"b2XNCSlOpPRZVYAsNfJ+pE","rect":[0,1,40,40],"offset":[-0.5,-0.5],"originalSize":[41,41],"capInsets":[0,0,0,0]}},{"__type__":"cc.SpriteFrame","content":{"name":"back","texture":"0crVq4CiFGKJ6Q4VG57SZ9","rect":[0,0,20,34],"offset":[0,0],"originalSize":[20,34],"capInsets":[0,0,0,0]}},{"__type__":"cc.SpriteFrame","content":{"name":"default_sprite","texture":"6eBWFz0oVHPLIGQKf/9Thu","rect":[0,2,40,36],"offset":[0,0],"originalSize":[40,40],"capInsets":[0,0,0,0]}},{"__type__":"cc.SpriteFrame","content":{"name":"rank_tool_bg","texture":"c2IkZAef9PfqX/UYSsTH4p","rect":[1,0,360,64],"offset":[0,0],"originalSize":[362,64],"capInsets":[30,0,30,0]}},{"__type__":"cc.SpriteFrame","content":{"name":"rank_first","texture":"236cVSf9xJzr2oJdqe6lfC","rect":[0,0,51,66],"offset":[0,0],"originalSize":[51,66],"capInsets":[0,0,0,0]}},{"__type__":"cc.SpriteFrame","content":{"name":"rank_third","texture":"5bx6U+6rdMoZo08XjEhhWZ","rect":[0,0,51,65],"offset":[0,0],"originalSize":[51,65],"capInsets":[0,0,0,0]}},{"__type__":"cc.SpriteFrame","content":{"name":"rank_zan_disable","texture":"eeIy1XsF1CmoG3aO5y7pLq","rect":[0,1,40,40],"offset":[-0.5,-0.5],"originalSize":[41,41],"capInsets":[0,0,0,0]}},[{"__type__":"cc.SceneAsset","_name":"Rank","scene":{"__id__":1},"asyncLoadAssets":null},{"__type__":"cc.Scene","_name":"New Node","_children":[{"__id__":2}],"_anchorPoint":{"__type__":"cc.Vec2"},"_scale":{"__type__":"cc.Vec3","x":0.4137931034482759,"y":0.4137931034482759,"z":1},"autoReleaseAssets":false},{"__type__":"cc.Node","_name":"Canvas","_parent":{"__id__":1},"_children":[{"__id__":3},{"__id__":4},{"__id__":8},{"__id__":10}],"_level":1,"_components":[{"__type__":"cc.Canvas","node":{"__id__":2},"_designResolution":{"__type__":"cc.Size","width":750,"height":1334}},{"__type__":"c7cc7GQ/6xM9IOWfRhyde/M","node":{"__id__":2},"adBtn":{"__id__":9},"combatSP":{"__uuid__":"0d4qfqOylBZZyv5U4gd7HC"},"zanSP":{"__uuid__":"83Z5aJTLBNmJdtze2L7vmt"},"rankLabel":{"__id__":23},"iconSprite":{"__id__":26},"nameLabel":{"__id__":28},"scoreLabel":{"__id__":35},"typeSprite":{"__id__":34},"shareBtn":{"__id__":31},"rankScrollView":{"__id__":36},"rankFirstSP":{"__uuid__":"a2mmUxmGNHTagH3dKGLEwe"},"rankSecondSP":{"__uuid__":"76blOQZLRIFoSM7fozV0SZ"},"rankThirdSP":{"__uuid__":"a5rytvSKlH0KzCNbS3Ptg5"},"prefab":{"__uuid__":"3eTT38Ka1PKJ8c3OWlBTEL"},"emptyPrefab":{"__uuid__":"8afTPOvytCnZBVTRsqFax/"}}],"_contentSize":{"__type__":"cc.Size","width":750,"height":1334},"_position":{"__type__":"cc.Vec3","x":375,"y":667},"_scale":{"__type__":"cc.Vec3","x":1,"y":1,"z":1},"_id":"41bS3vy/NHn4VpTNrBV+Dv"},{"__type__":"cc.Node","_name":"Main Camera","_parent":{"__id__":2},"_level":2,"_components":[{"__type__":"cc.Camera","node":{"__id__":3},"_clearFlags":7,"_backgroundColor":{"__type__":"cc.Color","r":245,"g":239,"b":226},"_depth":-1}],"_scale":{"__type__":"cc.Vec3","x":1,"y":1,"z":1}},{"__type__":"cc.Node","_name":"NavigationBar","_parent":{"__id__":2},"_children":[{"__id__":5},{"__id__":7}],"_level":2,"_components":[{"__type__":"cc.Sprite","node":{"__id__":4},"_spriteFrame":{"__uuid__":"16CnnZYYNM/o+1K8BpewH6"},"_sizeMode":0},{"__type__":"cc.Widget","node":{"__id__":4},"alignMode":2,"_alignFlags":41,"_originalWidth":40}],"_contentSize":{"__type__":"cc.Size","width":750,"height":128},"_position":{"__type__":"cc.Vec3","y":603},"_scale":{"__type__":"cc.Vec3","x":1,"y":1,"z":1}},{"__type__":"cc.Node","_name":"BackBtn","_parent":{"__id__":4},"_children":[{"__id__":6}],"_level":3,"_components":[{"__type__":"cc.Button","node":{"__id__":5},"pressedColor":{"__type__":"cc.Color","r":255,"g":255,"b":255},"clickEvents":[{"__type__":"cc.ClickEvent","target":{"__id__":2},"component":"Rank","handler":"backBtnClick","customEventData":"true"}],"_N$normalColor":{"__type__":"cc.Color","r":255,"g":255,"b":255},"_N$disabledColor":{"__type__":"cc.Color","r":255,"g":255,"b":255},"_N$pressedSprite":{"__uuid__":"e97GVMl6JHh5Ml5qEDdSGa"},"pressedSprite":{"__uuid__":"e97GVMl6JHh5Ml5qEDdSGa"},"_N$hoverSprite":{"__uuid__":"f0BIwQ8D5Ml7nTNQbh1YlS"},"hoverSprite":{"__uuid__":"f0BIwQ8D5Ml7nTNQbh1YlS"},"_N$disabledSprite":{"__uuid__":"29FYIk+N1GYaeWH/q1NxQO"},"_N$target":{"__id__":5}},{"__type__":"cc.Widget","node":{"__id__":5},"alignMode":2,"_alignFlags":9,"_left":20,"_top":55}],"_contentSize":{"__type__":"cc.Size","width":50,"height":50},"_position":{"__type__":"cc.Vec3","x":-330,"y":-16},"_scale":{"__type__":"cc.Vec3","x":1,"y":1,"z":1}},{"__type__":"cc.Node","_name":"Sprite","_parent":{"__id__":5},"_level":3,"_components":[{"__type__":"cc.Sprite","node":{"__id__":6},"_spriteFrame":{"__uuid__":"83jl2tL11O4KOcaqrDgUjB"}},{"__type__":"cc.Widget","node":{"__id__":6},"alignMode":2,"_alignFlags":18}],"_contentSize":{"__type__":"cc.Size","width":20,"height":34},"_scale":{"__type__":"cc.Vec3","x":1,"y":1,"z":1}},{"__type__":"cc.Node","_name":"TitleLabel","_parent":{"__id__":4},"_level":3,"_components":[{"__type__":"cc.Label","node":{"__id__":7},"_srcBlendFactor":1,"_useOriginalSize":false,"_string":"排行榜","_N$string":"排行榜","_fontSize":38,"_lineHeight":38,"_N$horizontalAlign":1,"_N$verticalAlign":1},{"__type__":"cc.Widget","node":{"__id__":7},"alignMode":2,"_alignFlags":17,"_top":62}],"_color":{"__type__":"cc.Color"},"_contentSize":{"__type__":"cc.Size","width":114,"height":38},"_position":{"__type__":"cc.Vec3","y":-17},"_scale":{"__type__":"cc.Vec3","x":1,"y":1,"z":1}},{"__type__":"cc.Node","_name":"ADSprite","_parent":{"__id__":2},"_active":false,"_level":2,"_components":[{"__type__":"cc.Sprite","node":{"__id__":8},"_spriteFrame":{"__uuid__":"8c20Sso/ZEn7NUfNSM+EBh"},"_sizeMode":0},{"__type__":"cc.Widget","node":{"__id__":8},"alignMode":2,"_alignFlags":41,"_top":128,"_originalWidth":40},{"__id__":9}],"_contentSize":{"__type__":"cc.Size","width":750,"height":280},"_position":{"__type__":"cc.Vec3","y":399},"_scale":{"__type__":"cc.Vec3","x":1,"y":1,"z":1}},{"__type__":"cc.Button","node":{"__id__":8},"clickEvents":[{"__type__":"cc.ClickEvent","target":{"__id__":2},"component":"Rank","handler":"adBtnClick","customEventData":"true"}],"_N$target":{"__id__":8}},{"__type__":"cc.Node","_name":"RankScrollList","_parent":{"__id__":2},"_children":[{"__id__":11}],"_level":2,"_components":[{"__id__":36},{"__type__":"cc.Widget","node":{"__id__":10},"alignMode":2,"_alignFlags":45,"_top":128,"_originalWidth":240,"_originalHeight":250}],"_contentSize":{"__type__":"cc.Size","width":750,"height":1206},"_position":{"__type__":"cc.Vec3","y":-64},"_scale":{"__type__":"cc.Vec3","x":1,"y":1,"z":1}},{"__type__":"cc.Node","_name":"view","_parent":{"__id__":10},"_children":[{"__id__":12}],"_components":[{"__type__":"cc.Mask","node":{"__id__":11}},{"__type__":"cc.Widget","node":{"__id__":11},"alignMode":2,"_alignFlags":45,"_originalWidth":240,"_originalHeight":250}],"_contentSize":{"__type__":"cc.Size","width":750,"height":1206},"_scale":{"__type__":"cc.Vec3","x":1,"y":1,"z":1}},{"__type__":"cc.Node","_name":"content","_parent":{"__id__":11},"_children":[{"__id__":13}],"_components":[{"__type__":"cc.Widget","node":{"__id__":12},"alignMode":2,"_alignFlags":40,"_bottom":190,"_originalWidth":220,"_originalHeight":400},{"__type__":"cc.Layout","node":{"__id__":12},"_layoutSize":{"__type__":"cc.Size","width":750,"height":272},"_resize":1,"_N$layoutType":2}],"_contentSize":{"__type__":"cc.Size","width":750,"height":272},"_anchorPoint":{"__type__":"cc.Vec2","x":0.5,"y":1},"_position":{"__type__":"cc.Vec3","y":295},"_scale":{"__type__":"cc.Vec3","x":1,"y":1,"z":1}},{"__type__":"cc.Node","_name":"RankHeadView","_parent":{"__id__":12},"_children":[{"__id__":14},{"__id__":20},{"__id__":21},{"__id__":24},{"__id__":27},{"__id__":29},{"__id__":32}],"_level":1,"_components":[{"__type__":"cc.Widget","node":{"__id__":13},"alignMode":2,"_alignFlags":41},{"__type__":"cc.Sprite","node":{"__id__":13},"_spriteFrame":{"__uuid__":"16CnnZYYNM/o+1K8BpewH6"},"_type":1,"_sizeMode":0}],"_contentSize":{"__type__":"cc.Size","width":750,"height":272},"_position":{"__type__":"cc.Vec3","y":-136},"_scale":{"__type__":"cc.Vec3","x":1,"y":1,"z":1}},{"__type__":"cc.Node","_name":"ToolView","_parent":{"__id__":13},"_children":[{"__id__":15},{"__id__":16},{"__id__":18}],"_level":3,"_components":[{"__type__":"cc.Sprite","node":{"__id__":14},"_spriteFrame":{"__uuid__":"97iTqSKuNMy64LKyfgJzDf"},"_type":1,"_sizeMode":0},{"__type__":"cc.Widget","node":{"__id__":14},"alignMode":2,"_alignFlags":17,"_top":5}],"_color":{"__type__":"cc.Color","r":249,"g":249,"b":249},"_contentSize":{"__type__":"cc.Size","width":360,"height":67},"_position":{"__type__":"cc.Vec3","y":97.5},"_scale":{"__type__":"cc.Vec3","x":1,"y":1,"z":1}},{"__type__":"cc.Node","_name":"SelectView","_parent":{"__id__":14},"_level":4,"_components":[{"__type__":"cc.Sprite","node":{"__id__":15},"_spriteFrame":{"__uuid__":"d8e+9b/5hHeZXwWAw9RKM8"},"_type":1,"_sizeMode":0},{"__type__":"cc.Animation","node":{"__id__":15},"_defaultClip":{"__uuid__":"6eoaKtyjlD3reSQIPd9LQD"},"_clips":[{"__uuid__":"feM9yq0sZCPJO5u2lZgh+J"},{"__uuid__":"6eoaKtyjlD3reSQIPd9LQD"}]},{"__type__":"e02d4LSoQZIrZ5/kBbDeql7","node":{"__id__":15},"selectView":{"__id__":15},"combatBtn":{"__id__":16},"zanBtn":{"__id__":18}}],"_contentSize":{"__type__":"cc.Size","width":181,"height":67},"_anchorPoint":{"__type__":"cc.Vec2","y":0.5},"_position":{"__type__":"cc.Vec3","x":-181},"_scale":{"__type__":"cc.Vec3","x":1,"y":1,"z":1}},{"__type__":"cc.Node","_name":"CombatBtn","_parent":{"__id__":14},"_children":[{"__id__":17}],"_level":4,"_components":[{"__type__":"cc.Button","node":{"__id__":16},"pressedColor":{"__type__":"cc.Color","r":255,"g":255,"b":255},"clickEvents":[{"__type__":"cc.ClickEvent","target":{"__id__":15},"component":"RankToolSelectView","handler":"combatBtnClick","customEventData":"true"}],"_N$normalColor":{"__type__":"cc.Color","r":255,"g":255,"b":255},"_N$disabledColor":{"__type__":"cc.Color","r":255,"g":255,"b":255},"_N$normalSprite":{"__uuid__":"f0BIwQ8D5Ml7nTNQbh1YlS"},"_N$pressedSprite":{"__uuid__":"e97GVMl6JHh5Ml5qEDdSGa"},"pressedSprite":{"__uuid__":"e97GVMl6JHh5Ml5qEDdSGa"},"_N$hoverSprite":{"__uuid__":"f0BIwQ8D5Ml7nTNQbh1YlS"},"hoverSprite":{"__uuid__":"f0BIwQ8D5Ml7nTNQbh1YlS"},"_N$disabledSprite":{"__uuid__":"29FYIk+N1GYaeWH/q1NxQO"},"_N$target":{"__id__":16}},{"__type__":"cc.Widget","node":{"__id__":16},"alignMode":2,"_alignFlags":13,"_horizontalCenter":-90.5,"_originalHeight":65}],"_color":{"__type__":"cc.Color","r":255,"g":148},"_contentSize":{"__type__":"cc.Size","width":181,"height":67},"_position":{"__type__":"cc.Vec3","x":-89.5},"_scale":{"__type__":"cc.Vec3","x":1,"y":1,"z":1}},{"__type__":"cc.Node","_name":"Label","_parent":{"__id__":16},"_components":[{"__type__":"cc.Label","node":{"__id__":17},"_srcBlendFactor":1,"_useOriginalSize":false,"_string":"今日战力榜","_N$string":"今日战力榜","_fontSize":24,"_lineHeight":24,"_enableWrapText":false,"_N$horizontalAlign":1,"_N$verticalAlign":1,"_N$overflow":1},{"__type__":"cc.Widget","node":{"__id__":17},"alignMode":2,"_alignFlags":45,"_originalWidth":100,"_originalHeight":40}],"_contentSize":{"__type__":"cc.Size","width":181,"height":67},"_scale":{"__type__":"cc.Vec3","x":1,"y":1,"z":1}},{"__type__":"cc.Node","_name":"ZanBtn","_parent":{"__id__":14},"_children":[{"__id__":19}],"_level":4,"_components":[{"__type__":"cc.Button","node":{"__id__":18},"pressedColor":{"__type__":"cc.Color","r":255,"g":255,"b":255},"clickEvents":[{"__type__":"cc.ClickEvent","target":{"__id__":15},"component":"RankToolSelectView","handler":"zanBtnClick","customEventData":"true"}],"_N$normalColor":{"__type__":"cc.Color","r":255,"g":255,"b":255},"_N$disabledColor":{"__type__":"cc.Color","r":255,"g":255,"b":255},"_N$pressedSprite":{"__uuid__":"e97GVMl6JHh5Ml5qEDdSGa"},"pressedSprite":{"__uuid__":"e97GVMl6JHh5Ml5qEDdSGa"},"_N$hoverSprite":{"__uuid__":"f0BIwQ8D5Ml7nTNQbh1YlS"},"hoverSprite":{"__uuid__":"f0BIwQ8D5Ml7nTNQbh1YlS"},"_N$disabledSprite":{"__uuid__":"29FYIk+N1GYaeWH/q1NxQO"},"_N$target":{"__id__":18}},{"__type__":"cc.Widget","node":{"__id__":18},"alignMode":2,"_alignFlags":37,"_horizontalCenter":90.5,"_originalHeight":65}],"_color":{"__type__":"cc.Color","r":40,"g":40,"b":40},"_contentSize":{"__type__":"cc.Size","width":181,"height":67},"_position":{"__type__":"cc.Vec3","x":89.5},"_scale":{"__type__":"cc.Vec3","x":1,"y":1,"z":1}},{"__type__":"cc.Node","_name":"Label","_parent":{"__id__":18},"_components":[{"__type__":"cc.Label","node":{"__id__":19},"_srcBlendFactor":1,"_useOriginalSize":false,"_string":"今日人气榜","_N$string":"今日人气榜","_fontSize":24,"_lineHeight":24,"_enableWrapText":false,"_N$horizontalAlign":1,"_N$verticalAlign":1,"_N$overflow":1},{"__type__":"cc.Widget","node":{"__id__":19},"alignMode":2,"_alignFlags":45,"_originalWidth":100,"_originalHeight":40}],"_color":{"__type__":"cc.Color","r":74,"g":74,"b":74},"_contentSize":{"__type__":"cc.Size","width":181,"height":67},"_scale":{"__type__":"cc.Vec3","x":1,"y":1,"z":1}},{"__type__":"cc.Node","_name":"Line","_parent":{"__id__":13},"_level":3,"_components":[{"__type__":"cc.Sprite","node":{"__id__":20},"_spriteFrame":{"__uuid__":"16CnnZYYNM/o+1K8BpewH6"},"_type":1,"_sizeMode":0},{"__type__":"cc.Widget","node":{"__id__":20},"alignMode":2,"_alignFlags":41,"_top":84,"_originalWidth":40}],"_color":{"__type__":"cc.Color","r":245,"g":239,"b":226},"_contentSize":{"__type__":"cc.Size","width":750,"height":20},"_position":{"__type__":"cc.Vec3","y":42},"_scale":{"__type__":"cc.Vec3","x":1,"y":1,"z":1}},{"__type__":"cc.Node","_name":"RankNumberLabel","_parent":{"__id__":13},"_children":[{"__id__":22}],"_level":3,"_components":[{"__id__":23},{"__type__":"cc.Widget","node":{"__id__":21},"alignMode":2,"_alignFlags":12,"_left":55,"_bottom":90,"_horizontalCenter":-0.4,"_isAbsHorizontalCenter":false}],"_color":{"__type__":"cc.Color","r":254,"g":183},"_contentSize":{"__type__":"cc.Size","width":26.7,"height":48},"_position":{"__type__":"cc.Vec3","x":-306.65,"y":-22},"_scale":{"__type__":"cc.Vec3","x":1,"y":1,"z":1}},{"__type__":"cc.Node","_name":"Label","_parent":{"__id__":21},"_level":4,"_components":[{"__type__":"cc.Label","node":{"__id__":22},"_srcBlendFactor":1,"_useOriginalSize":false,"_string":"我的排名","_N$string":"我的排名","_fontSize":20,"_lineHeight":20,"_N$horizontalAlign":1,"_N$verticalAlign":1},{"__type__":"cc.Widget","node":{"__id__":22},"alignMode":2,"_alignFlags":20,"_bottom":-48}],"_color":{"__type__":"cc.Color","r":255,"g":193,"b":27},"_contentSize":{"__type__":"cc.Size","width":80,"height":20},"_position":{"__type__":"cc.Vec3","y":-62},"_scale":{"__type__":"cc.Vec3","x":1,"y":1,"z":1}},{"__type__":"cc.Label","node":{"__id__":21},"_srcBlendFactor":1,"_useOriginalSize":false,"_string":"0","_N$string":"0","_fontSize":48,"_lineHeight":48,"_N$horizontalAlign":1,"_N$verticalAlign":1},{"__type__":"cc.Node","_name":"IconImage","_parent":{"__id__":13},"_children":[{"__id__":25}],"_level":3,"_components":[{"__type__":"cc.Widget","node":{"__id__":24},"alignMode":2,"_alignFlags":12,"_left":142,"_bottom":43,"_horizontalCenter":-0.2,"_isAbsHorizontalCenter":false},{"__type__":"cc.Mask","node":{"__id__":24},"_type":1,"_segments":71}],"_contentSize":{"__type__":"cc.Size","width":90,"height":90},"_position":{"__type__":"cc.Vec3","x":-188,"y":-48},"_scale":{"__type__":"cc.Vec3","x":1,"y":1,"z":1}},{"__type__":"cc.Node","_name":"Sprite","_parent":{"__id__":24},"_level":4,"_components":[{"__id__":26},{"__type__":"cc.Widget","node":{"__id__":25},"alignMode":2,"_alignFlags":45,"_originalWidth":40,"_originalHeight":36}],"_contentSize":{"__type__":"cc.Size","width":90,"height":90},"_scale":{"__type__":"cc.Vec3","x":1,"y":1,"z":1}},{"__type__":"cc.Sprite","node":{"__id__":25},"_spriteFrame":{"__uuid__":"714G2r3Y9GkpeMvdBBmfMs"},"_sizeMode":0},{"__type__":"cc.Node","_name":"NameLabel","_parent":{"__id__":13},"_level":3,"_components":[{"__id__":28},{"__type__":"cc.Widget","node":{"__id__":27},"alignMode":2,"_alignFlags":12,"_left":259,"_bottom":94,"_horizontalCenter":0.05,"_isAbsHorizontalCenter":false}],"_color":{"__type__":"cc.Color","r":74,"g":74,"b":74},"_contentSize":{"__type__":"cc.Size","width":90,"height":30},"_position":{"__type__":"cc.Vec3","x":-71,"y":-27},"_scale":{"__type__":"cc.Vec3","x":1,"y":1,"z":1}},{"__type__":"cc.Label","node":{"__id__":27},"_srcBlendFactor":1,"_useOriginalSize":false,"_string":"小橙子","_N$string":"小橙子","_fontSize":30,"_lineHeight":30,"_N$horizontalAlign":1,"_N$verticalAlign":1},{"__type__":"cc.Node","_name":"ShareBtn","_parent":{"__id__":13},"_children":[{"__id__":30}],"_level":3,"_components":[{"__id__":31},{"__type__":"cc.Widget","node":{"__id__":29},"alignMode":2,"_alignFlags":36,"_right":48,"_bottom":48,"_horizontalCenter":0.32,"_isAbsHorizontalCenter":false},{"__type__":"cc.Sprite","node":{"__id__":29},"_spriteFrame":{"__uuid__":"7cGFfe3b1LCanTnLXHxso8"},"_type":1,"_sizeMode":0}],"_contentSize":{"__type__":"cc.Size","width":160,"height":80},"_position":{"__type__":"cc.Vec3","x":247,"y":-48},"_scale":{"__type__":"cc.Vec3","x":1,"y":1,"z":1}},{"__type__":"cc.Node","_name":"Label","_parent":{"__id__":29},"_level":4,"_components":[{"__type__":"cc.Label","node":{"__id__":30},"_srcBlendFactor":1,"_useOriginalSize":false,"_string":"炫耀战绩","_N$string":"炫耀战绩","_fontSize":28,"_lineHeight":28,"_N$horizontalAlign":1,"_N$verticalAlign":1},{"__type__":"cc.Widget","node":{"__id__":30},"alignMode":2,"_alignFlags":45,"_originalWidth":160,"_originalHeight":40}],"_contentSize":{"__type__":"cc.Size","width":112,"height":28},"_scale":{"__type__":"cc.Vec3","x":1,"y":1,"z":1}},{"__type__":"cc.Button","node":{"__id__":29},"pressedColor":{"__type__":"cc.Color","r":255,"g":255,"b":255},"clickEvents":[{"__type__":"cc.ClickEvent","target":{"__id__":2},"component":"Rank","handler":"shareBtnClick"}],"_N$normalColor":{"__type__":"cc.Color","r":255,"g":255,"b":255},"_N$disabledColor":{"__type__":"cc.Color","r":255,"g":255,"b":255},"_N$normalSprite":{"__uuid__":"f0BIwQ8D5Ml7nTNQbh1YlS"},"_N$pressedSprite":{"__uuid__":"e97GVMl6JHh5Ml5qEDdSGa"},"pressedSprite":{"__uuid__":"e97GVMl6JHh5Ml5qEDdSGa"},"_N$hoverSprite":{"__uuid__":"f0BIwQ8D5Ml7nTNQbh1YlS"},"hoverSprite":{"__uuid__":"f0BIwQ8D5Ml7nTNQbh1YlS"},"_N$disabledSprite":{"__uuid__":"29FYIk+N1GYaeWH/q1NxQO"},"_N$target":{"__id__":29}},{"__type__":"cc.Node","_name":"NumberLabel","_parent":{"__id__":13},"_children":[{"__id__":33}],"_level":3,"_components":[{"__id__":35},{"__type__":"cc.Widget","node":{"__id__":32},"alignMode":2,"_alignFlags":12,"_left":300,"_right":94.995,"_top":115,"_bottom":43,"_horizontalCenter":0.05,"_isAbsHorizontalCenter":false,"_originalWidth":97.87,"_originalHeight":40}],"_color":{"__type__":"cc.Color","r":255,"g":193,"b":27},"_contentSize":{"__type__":"cc.Size","width":20.02,"height":36},"_position":{"__type__":"cc.Vec3","x":-64.99,"y":-75},"_scale":{"__type__":"cc.Vec3","x":1,"y":1,"z":1}},{"__type__":"cc.Node","_name":"NumberImage","_parent":{"__id__":32},"_level":4,"_components":[{"__id__":34},{"__type__":"cc.Widget","node":{"__id__":33},"alignMode":2,"_alignFlags":10,"_left":-39,"_right":-39,"_bottom":222.5,"_verticalCenter":2,"_horizontalCenter":-1.773126873126873,"_isAbsHorizontalCenter":false}],"_contentSize":{"__type__":"cc.Size","width":30,"height":30},"_position":{"__type__":"cc.Vec3","x":-34.01,"y":2},"_scale":{"__type__":"cc.Vec3","x":1,"y":1,"z":1}},{"__type__":"cc.Sprite","node":{"__id__":33},"_spriteFrame":{"__uuid__":"0d4qfqOylBZZyv5U4gd7HC"},"_sizeMode":0},{"__type__":"cc.Label","node":{"__id__":32},"_srcBlendFactor":1,"_useOriginalSize":false,"_string":"0","_N$string":"0","_fontSize":36,"_lineHeight":36,"_N$horizontalAlign":1,"_N$verticalAlign":1},{"__type__":"cc.ScrollView","node":{"__id__":10},"horizontal":false,"brake":0.75,"elastic":false,"bounceDuration":0.23,"_N$content":{"__id__":12},"content":{"__id__":12},"_N$horizontalScrollBar":null,"_N$verticalScrollBar":null}],{"__type__":"cc.SpriteFrame","content":{"name":"rank_tool_select_left_bg","texture":"77xaGkM55Bp66GvIxeROrR","rect":[2,2,179,62],"offset":[1,0.5],"originalSize":[181,67],"capInsets":[30,0,0,0]}},{"__type__":"cc.SpriteFrame","content":{"name":"default_btn_pressed","texture":"b4P/PCArtIdIH38t6mlw8Y","rect":[0,0,40,40],"offset":[0,0],"originalSize":[40,40],"capInsets":[12,12,12,12]}},{"__type__":"cc.SpriteFrame","content":{"name":"default_btn_normal","texture":"e8Ueib+qJEhL6mXAHdnwbi","rect":[0,0,40,40],"offset":[0,0],"originalSize":[40,40],"capInsets":[12,12,12,12]}},{"__type__":"cc.AnimationClip","_name":"RankToolSelectRigth","_duration":1.0333333333333334,"sample":30,"speed":2.5,"curveData":{"props":{"width":[{"frame":0,"value":181},{"frame":0.5,"value":362,"curve":"linear"},{"frame":1,"value":181}],"x":[{"frame":0,"value":-181},{"frame":0.5,"value":-181},{"frame":1,"value":0}]},"comps":{"cc.Sprite":{"spriteFrame":[{"frame":0,"value":{"__uuid__":"d8e+9b/5hHeZXwWAw9RKM8"}},{"frame":0.03333333333333333,"value":{"__uuid__":"38YAIp9i1IRYMk4WF8tJN7"}},{"frame":1,"value":{"__uuid__":"01Rpf74P1FtYML4sUCwZGb"}}]}}},"events":[{"frame":1,"func":"animationComplete","params":[true]}]}]