[{"__type__":"cc.SpriteFrame","content":{"name":"white_bg","texture":"11+MH+mEdPXZmm6UnzsvES","rect":[0,0,490,286],"offset":[0,0],"originalSize":[490,286],"capInsets":[0,0,0,0]}},[{"__type__":"cc.Prefab","_name":"LoadingView","data":{"__id__":1}},{"__type__":"cc.Node","_name":"LoadingView","_children":[{"__id__":2},{"__id__":3}],"_level":1,"_components":[{"__type__":"cc.Widget","node":{"__id__":1},"alignMode":2,"_alignFlags":45,"_originalWidth":960,"_originalHeight":640},{"__type__":"b482c07JmFKb7dqBERWl59s","node":{"__id__":1},"loadingpng":{"__uuid__":"7dg1Q3jD9K2qGTqCctK2wL"},"loading":{"__id__":3}},{"__type__":"cc.Button","node":{"__id__":1},"clickEvents":[{"__type__":"cc.ClickEvent","target":{"__id__":1},"component":"LoadingView","handler":"loadingViewClick","customEventData":"true"}],"_N$target":{"__id__":1}}],"_prefab":{"__type__":"cc.PrefabInfo","root":{"__id__":1},"asset":{"__uuid__":"78JFHnC49NzrJQK35yhXZd"},"fileId":"d5mlcIZHhDu4YYc468Izau"},"_contentSize":{"__type__":"cc.Size","width":750,"height":1334},"_position":{"__type__":"cc.Vec3","x":375,"y":667},"_scale":{"__type__":"cc.Vec3","x":1,"y":1,"z":1}},{"__type__":"cc.Node","_name":"Mask","_parent":{"__id__":1},"_level":2,"_components":[{"__type__":"cc.Sprite","node":{"__id__":2},"_spriteFrame":{"__uuid__":"16CnnZYYNM/o+1K8BpewH6"},"_sizeMode":0},{"__type__":"cc.Widget","node":{"__id__":2},"alignMode":2,"_alignFlags":45,"_originalWidth":40,"_originalHeight":36}],"_prefab":{"__type__":"cc.PrefabInfo","root":{"__id__":1},"asset":{"__uuid__":"78JFHnC49NzrJQK35yhXZd"},"fileId":"adHXj5ohNOpbuO4kQTdTwu"},"_opacity":128,"_color":{"__type__":"cc.Color"},"_contentSize":{"__type__":"cc.Size","width":750,"height":1334},"_scale":{"__type__":"cc.Vec3","x":1,"y":1,"z":1}},{"__type__":"cc.Node","_name":"Loading","_parent":{"__id__":1},"_level":2,"_components":[{"__type__":"cc.Sprite","node":{"__id__":3},"_spriteFrame":{"__uuid__":"7dg1Q3jD9K2qGTqCctK2wL"}},{"__type__":"cc.Widget","node":{"__id__":3},"alignMode":2,"_alignFlags":18}],"_prefab":{"__type__":"cc.PrefabInfo","root":{"__id__":1},"asset":{"__uuid__":"78JFHnC49NzrJQK35yhXZd"},"fileId":"c9p4vnQztMf7nYaRSCSOke"},"_contentSize":{"__type__":"cc.Size","width":87,"height":86},"_scale":{"__type__":"cc.Vec3","x":1,"y":1,"z":1}}],{"__type__":"cc.SpriteFrame","content":{"name":"loadingpng","texture":"3237bu0lxJZp5I1MnEK2Rx","rect":[0,0,87,86],"offset":[0,0],"originalSize":[87,86],"capInsets":[0,0,0,0]}}]