[{"__type__":"cc.SpriteFrame","content":{"name":"line","texture":"6dd/haCfBPnoHoBV+Hzz2K","rect":[0,29,60,2],"offset":[0,0],"originalSize":[60,60],"capInsets":[0,0,0,0]}},{"__type__":"cc.SpriteFrame","content":{"name":"white_bg","texture":"11+MH+mEdPXZmm6UnzsvES","rect":[0,0,490,286],"offset":[0,0],"originalSize":[490,286],"capInsets":[0,0,0,0]}},{"__type__":"cc.SpriteFrame","content":{"name":"default_btn_disabled","texture":"71VhFCTINJM6/Ky3oX9nBT","rect":[0,0,40,40],"offset":[0,0],"originalSize":[40,40],"capInsets":[12,12,12,12]}},{"__type__":"cc.SpriteFrame","content":{"name":"set_alert_check_select","texture":"75k6xlrj5BxLdWlhCvJrni","rect":[0,0,50,50],"offset":[0,0],"originalSize":[50,50],"capInsets":[0,0,0,0]}},{"__type__":"cc.SpriteFrame","content":{"name":"set_switch_icon","texture":"1b/BTRoKZIVZfhfdLMrd61","rect":[0,0,66,66],"offset":[0,0],"originalSize":[66,66],"capInsets":[0,0,0,0]}},{"__type__":"cc.SpriteFrame","content":{"name":"set_switch_bg","texture":"cb2Wfd5aRDgIwKrOT7JaTl","rect":[0,0,71,43],"offset":[0,0],"originalSize":[71,43],"capInsets":[0,0,0,0]}},{"__type__":"cc.SpriteFrame","content":{"name":"back","texture":"0crVq4CiFGKJ6Q4VG57SZ9","rect":[0,0,20,34],"offset":[0,0],"originalSize":[20,34],"capInsets":[0,0,0,0]}},{"__type__":"cc.SpriteFrame","content":{"name":"set_alert_check_bg","texture":"e4Opkrd/dD7Z1gHT4k5gX8","rect":[0,0,50,50],"offset":[0,0],"originalSize":[50,50],"capInsets":[0,0,0,0]}},[{"__type__":"cc.SceneAsset","_name":"Set","scene":{"__id__":1},"asyncLoadAssets":null},{"__type__":"cc.Scene","_name":"New Node","_children":[{"__id__":2}],"_anchorPoint":{"__type__":"cc.Vec2"},"_scale":{"__type__":"cc.Vec3","x":0.2413793103448276,"y":0.2413793103448276,"z":1},"autoReleaseAssets":false},{"__type__":"cc.Node","_name":"Canvas","_parent":{"__id__":1},"_children":[{"__id__":3},{"__id__":4},{"__id__":8},{"__id__":19},{"__id__":27}],"_level":1,"_components":[{"__type__":"cc.Canvas","node":{"__id__":2},"_designResolution":{"__type__":"cc.Size","width":750,"height":1334}},{"__type__":"f9c2bDtSQxDKYGncHPMlTsm","node":{"__id__":2},"gameAudioStatusLabel":{"__id__":15},"gameAudioSwitch":{"__id__":13},"gameAudioSwitchBtn":{"__id__":12},"gameAudioSwitchOpenSP":{"__uuid__":"47tDKlVUJA9Z0ztcUcPAf+"},"gameAudioSwitchCloseSP":{"__uuid__":"e5lev/AhJK+I7YiRG0KcQq"},"reviewModelStatusLabel":{"__id__":23},"accentModelStatusLabel":{"__id__":31},"selectModelSP":{"__uuid__":"2abLXQpqhNnYbU+jXtGH+m"},"unselectModelSP":{"__uuid__":"c8nny0sRZIjo/Fycb/UGnS"}}],"_color":{"__type__":"cc.Color","r":252,"g":249,"b":238},"_contentSize":{"__type__":"cc.Size","width":750,"height":1334},"_position":{"__type__":"cc.Vec3","x":375,"y":667},"_scale":{"__type__":"cc.Vec3","x":1,"y":1,"z":1},"_id":"b5V/3IUHRFWKw2/8ZkASVt"},{"__type__":"cc.Node","_name":"Main Camera","_parent":{"__id__":2},"_level":2,"_components":[{"__type__":"cc.Camera","node":{"__id__":3},"_clearFlags":7,"_backgroundColor":{"__type__":"cc.Color","r":253,"g":249,"b":238},"_depth":-1}],"_color":{"__type__":"cc.Color","r":252,"g":249,"b":238},"_scale":{"__type__":"cc.Vec3","x":1,"y":1,"z":1}},{"__type__":"cc.Node","_name":"NavigationBar","_parent":{"__id__":2},"_children":[{"__id__":5},{"__id__":7}],"_level":2,"_components":[{"__type__":"cc.Widget","node":{"__id__":4},"alignMode":2,"_alignFlags":41,"_originalWidth":40}],"_contentSize":{"__type__":"cc.Size","width":750,"height":128},"_position":{"__type__":"cc.Vec3","y":603},"_scale":{"__type__":"cc.Vec3","x":1,"y":1,"z":1}},{"__type__":"cc.Node","_name":"BackBtn","_parent":{"__id__":4},"_children":[{"__id__":6}],"_level":3,"_components":[{"__type__":"cc.Button","node":{"__id__":5},"pressedColor":{"__type__":"cc.Color","r":255,"g":255,"b":255},"clickEvents":[{"__type__":"cc.ClickEvent","target":{"__id__":2},"component":"Set","handler":"backBtnClick","customEventData":"true"}],"_N$normalColor":{"__type__":"cc.Color","r":255,"g":255,"b":255},"_N$disabledColor":{"__type__":"cc.Color","r":255,"g":255,"b":255},"_N$pressedSprite":{"__uuid__":"e97GVMl6JHh5Ml5qEDdSGa"},"pressedSprite":{"__uuid__":"e97GVMl6JHh5Ml5qEDdSGa"},"_N$hoverSprite":{"__uuid__":"f0BIwQ8D5Ml7nTNQbh1YlS"},"hoverSprite":{"__uuid__":"f0BIwQ8D5Ml7nTNQbh1YlS"},"_N$disabledSprite":{"__uuid__":"29FYIk+N1GYaeWH/q1NxQO"},"_N$target":{"__id__":5}},{"__type__":"cc.Widget","node":{"__id__":5},"alignMode":2,"_alignFlags":9,"_left":20,"_top":55}],"_contentSize":{"__type__":"cc.Size","width":50,"height":50},"_position":{"__type__":"cc.Vec3","x":-330,"y":-16},"_scale":{"__type__":"cc.Vec3","x":1,"y":1,"z":1}},{"__type__":"cc.Node","_name":"Sprite","_parent":{"__id__":5},"_level":3,"_components":[{"__type__":"cc.Sprite","node":{"__id__":6},"_spriteFrame":{"__uuid__":"83jl2tL11O4KOcaqrDgUjB"}},{"__type__":"cc.Widget","node":{"__id__":6},"alignMode":2,"_alignFlags":18}],"_contentSize":{"__type__":"cc.Size","width":20,"height":34},"_scale":{"__type__":"cc.Vec3","x":1,"y":1,"z":1}},{"__type__":"cc.Node","_name":"TitleLabel","_parent":{"__id__":4},"_level":3,"_components":[{"__type__":"cc.Label","node":{"__id__":7},"_srcBlendFactor":1,"_useOriginalSize":false,"_string":"设置","_N$string":"设置","_fontSize":38,"_lineHeight":38,"_N$horizontalAlign":1,"_N$verticalAlign":1},{"__type__":"cc.Widget","node":{"__id__":7},"alignMode":2,"_alignFlags":17,"_top":62}],"_color":{"__type__":"cc.Color"},"_contentSize":{"__type__":"cc.Size","width":76,"height":38},"_position":{"__type__":"cc.Vec3","y":-17},"_scale":{"__type__":"cc.Vec3","x":1,"y":1,"z":1}},{"__type__":"cc.Node","_name":"GameAudioItem","_parent":{"__id__":2},"_children":[{"__id__":9},{"__id__":10},{"__id__":14},{"__id__":16},{"__id__":17},{"__id__":18}],"_level":2,"_components":[{"__type__":"cc.Widget","node":{"__id__":8},"alignMode":2,"_alignFlags":41,"_top":151},{"__type__":"cc.Sprite","node":{"__id__":8},"_spriteFrame":{"__uuid__":"16CnnZYYNM/o+1K8BpewH6"},"_type":1,"_sizeMode":0}],"_contentSize":{"__type__":"cc.Size","width":750,"height":128},"_position":{"__type__":"cc.Vec3","y":452},"_scale":{"__type__":"cc.Vec3","x":1,"y":1,"z":1}},{"__type__":"cc.Node","_name":"MarkLabel","_parent":{"__id__":8},"_level":3,"_components":[{"__type__":"cc.Label","node":{"__id__":9},"_srcBlendFactor":1,"_useOriginalSize":false,"_string":"游戏音效","_N$string":"游戏音效","_fontSize":30,"_lineHeight":30,"_N$horizontalAlign":1,"_N$verticalAlign":1},{"__type__":"cc.Widget","node":{"__id__":9},"alignMode":2,"_alignFlags":9,"_left":30,"_top":30,"_originalHeight":30}],"_color":{"__type__":"cc.Color"},"_contentSize":{"__type__":"cc.Size","width":120,"height":30},"_position":{"__type__":"cc.Vec3","x":-285,"y":19},"_scale":{"__type__":"cc.Vec3","x":1,"y":1,"z":1}},{"__type__":"cc.Node","_name":"Switch","_parent":{"__id__":8},"_children":[{"__id__":11}],"_level":3,"_components":[{"__type__":"cc.Sprite","node":{"__id__":10},"_spriteFrame":{"__uuid__":"47tDKlVUJA9Z0ztcUcPAf+"},"_sizeMode":0},{"__type__":"cc.Widget","node":{"__id__":10},"alignMode":2,"_alignFlags":33,"_right":34,"_top":25},{"__id__":13}],"_contentSize":{"__type__":"cc.Size","width":71,"height":43},"_position":{"__type__":"cc.Vec3","x":305.5,"y":17.5},"_scale":{"__type__":"cc.Vec3","x":1,"y":1,"z":1}},{"__type__":"cc.Node","_name":"Button","_parent":{"__id__":10},"_level":4,"_components":[{"__type__":"cc.Sprite","node":{"__id__":11},"_spriteFrame":{"__uuid__":"2dFCtIuPhDSYSqYoR/u812"},"_type":1},{"__id__":12},{"__type__":"cc.Widget","node":{"__id__":11},"alignMode":2,"_alignFlags":2,"_verticalCenter":-4},{"__type__":"cc.Animation","node":{"__id__":11},"_clips":[{"__uuid__":"770R7K24RCSrTznbLTM5p6"},{"__uuid__":"940scYRGtMkqkdRN6e8BMl"}]}],"_contentSize":{"__type__":"cc.Size","width":66,"height":66},"_position":{"__type__":"cc.Vec3","x":15.5,"y":-4},"_scale":{"__type__":"cc.Vec3","x":1,"y":1,"z":1}},{"__type__":"cc.Button","node":{"__id__":11},"pressedColor":{"__type__":"cc.Color","r":255,"g":255,"b":255},"_N$interactable":false,"_N$normalColor":{"__type__":"cc.Color","r":255,"g":255,"b":255},"_N$disabledColor":{"__type__":"cc.Color","r":255,"g":255,"b":255},"_N$normalSprite":{"__uuid__":"f0BIwQ8D5Ml7nTNQbh1YlS"},"_N$pressedSprite":{"__uuid__":"e97GVMl6JHh5Ml5qEDdSGa"},"pressedSprite":{"__uuid__":"e97GVMl6JHh5Ml5qEDdSGa"},"_N$hoverSprite":{"__uuid__":"f0BIwQ8D5Ml7nTNQbh1YlS"},"hoverSprite":{"__uuid__":"f0BIwQ8D5Ml7nTNQbh1YlS"},"_N$disabledSprite":{"__uuid__":"29FYIk+N1GYaeWH/q1NxQO"},"_N$target":{"__id__":11}},{"__type__":"cc.Button","node":{"__id__":10},"clickEvents":[{"__type__":"cc.ClickEvent","target":{"__id__":2},"component":"Set","handler":"gameAudioSwitchClick","customEventData":"true"}],"_N$target":{"__id__":10}},{"__type__":"cc.Node","_name":"StatusLabel","_parent":{"__id__":8},"_level":3,"_components":[{"__id__":15},{"__type__":"cc.Widget","node":{"__id__":14},"alignMode":2,"_alignFlags":33,"_right":121,"_top":30}],"_color":{"__type__":"cc.Color","r":164,"g":164,"b":164},"_contentSize":{"__type__":"cc.Size","width":60,"height":30},"_position":{"__type__":"cc.Vec3","x":224,"y":19},"_scale":{"__type__":"cc.Vec3","x":1,"y":1,"z":1}},{"__type__":"cc.Label","node":{"__id__":14},"_srcBlendFactor":1,"_useOriginalSize":false,"_string":"打开","_N$string":"打开","_fontSize":30,"_lineHeight":30,"_N$horizontalAlign":1,"_N$verticalAlign":1},{"__type__":"cc.Node","_name":"TopLine","_parent":{"__id__":8},"_level":3,"_components":[{"__type__":"cc.Sprite","node":{"__id__":16},"_srcBlendFactor":1,"_spriteFrame":{"__uuid__":"02VHI1EG9OErub7VllKUNz"},"_type":1,"_sizeMode":0},{"__type__":"cc.Widget","node":{"__id__":16},"alignMode":2,"_alignFlags":41,"_originalWidth":490}],"_opacity":30,"_color":{"__type__":"cc.Color"},"_contentSize":{"__type__":"cc.Size","width":750,"height":1},"_position":{"__type__":"cc.Vec3","y":63.5},"_scale":{"__type__":"cc.Vec3","x":1,"y":1,"z":1}},{"__type__":"cc.Node","_name":"BottomLine","_parent":{"__id__":8},"_level":3,"_components":[{"__type__":"cc.Sprite","node":{"__id__":17},"_srcBlendFactor":1,"_spriteFrame":{"__uuid__":"02VHI1EG9OErub7VllKUNz"},"_type":1,"_sizeMode":0},{"__type__":"cc.Widget","node":{"__id__":17},"_alignFlags":44,"_originalWidth":490}],"_opacity":30,"_color":{"__type__":"cc.Color"},"_contentSize":{"__type__":"cc.Size","width":750,"height":1},"_position":{"__type__":"cc.Vec3","y":-63.5},"_scale":{"__type__":"cc.Vec3","x":1,"y":1,"z":1}},{"__type__":"cc.Node","_name":"MarkLabel","_parent":{"__id__":8},"_level":3,"_components":[{"__type__":"cc.Label","node":{"__id__":18},"_srcBlendFactor":1,"_useOriginalSize":false,"_string":"关闭后，除单词播放声音外，其余声音全部关闭。","_N$string":"关闭后，除单词播放声音外，其余声音全部关闭。","_fontSize":22,"_lineHeight":22,"_enableWrapText":false,"_N$verticalAlign":1,"_N$overflow":2},{"__type__":"cc.Widget","node":{"__id__":18},"alignMode":2,"_alignFlags":44,"_left":30,"_right":30,"_bottom":20,"_originalWidth":484}],"_color":{"__type__":"cc.Color","r":164,"g":164,"b":164},"_contentSize":{"__type__":"cc.Size","width":690,"height":22},"_position":{"__type__":"cc.Vec3","y":-33},"_scale":{"__type__":"cc.Vec3","x":1,"y":1,"z":1}},{"__type__":"cc.Node","_name":"ReviewModelItem","_parent":{"__id__":2},"_children":[{"__id__":20},{"__id__":21},{"__id__":25},{"__id__":26}],"_level":2,"_components":[{"__type__":"cc.Widget","node":{"__id__":19},"alignMode":2,"_alignFlags":41,"_top":308},{"__type__":"cc.Sprite","node":{"__id__":19},"_spriteFrame":{"__uuid__":"16CnnZYYNM/o+1K8BpewH6"},"_type":1,"_sizeMode":0}],"_contentSize":{"__type__":"cc.Size","width":750,"height":90},"_position":{"__type__":"cc.Vec3","y":314},"_scale":{"__type__":"cc.Vec3","x":1,"y":1,"z":1}},{"__type__":"cc.Node","_name":"MarkLabel","_parent":{"__id__":19},"_level":3,"_components":[{"__type__":"cc.Label","node":{"__id__":20},"_srcBlendFactor":1,"_useOriginalSize":false,"_string":"复习模式","_N$string":"复习模式","_fontSize":30,"_lineHeight":30,"_N$horizontalAlign":1,"_N$verticalAlign":1},{"__type__":"cc.Widget","node":{"__id__":20},"alignMode":2,"_alignFlags":10,"_left":30,"_originalHeight":30}],"_color":{"__type__":"cc.Color"},"_contentSize":{"__type__":"cc.Size","width":120,"height":30},"_position":{"__type__":"cc.Vec3","x":-285},"_scale":{"__type__":"cc.Vec3","x":1,"y":1,"z":1}},{"__type__":"cc.Node","_name":"Btn","_parent":{"__id__":19},"_children":[{"__id__":22},{"__id__":24}],"_level":3,"_components":[{"__type__":"cc.Button","node":{"__id__":21},"pressedColor":{"__type__":"cc.Color","r":255,"g":255,"b":255},"clickEvents":[{"__type__":"cc.ClickEvent","target":{"__id__":2},"component":"Set","handler":"reviewBtnClick","customEventData":"true"}],"_N$normalColor":{"__type__":"cc.Color","r":255,"g":255,"b":255},"_N$disabledColor":{"__type__":"cc.Color","r":255,"g":255,"b":255},"_N$normalSprite":{"__uuid__":"f0BIwQ8D5Ml7nTNQbh1YlS"},"_N$pressedSprite":{"__uuid__":"e97GVMl6JHh5Ml5qEDdSGa"},"pressedSprite":{"__uuid__":"e97GVMl6JHh5Ml5qEDdSGa"},"_N$hoverSprite":{"__uuid__":"f0BIwQ8D5Ml7nTNQbh1YlS"},"hoverSprite":{"__uuid__":"f0BIwQ8D5Ml7nTNQbh1YlS"},"_N$disabledSprite":{"__uuid__":"29FYIk+N1GYaeWH/q1NxQO"},"_N$target":{"__id__":21}},{"__type__":"cc.Widget","node":{"__id__":21},"alignMode":2,"_alignFlags":45,"_left":240,"_right":60,"_originalWidth":200,"_originalHeight":40}],"_contentSize":{"__type__":"cc.Size","width":450,"height":90},"_position":{"__type__":"cc.Vec3","x":90},"_scale":{"__type__":"cc.Vec3","x":1,"y":1,"z":1}},{"__type__":"cc.Node","_name":"Label","_parent":{"__id__":21},"_components":[{"__id__":23},{"__type__":"cc.Widget","node":{"__id__":22},"alignMode":2,"_alignFlags":34,"_left":-50,"_top":35,"_bottom":35,"_originalWidth":300,"_originalHeight":40}],"_color":{"__type__":"cc.Color","r":164,"g":164,"b":164},"_contentSize":{"__type__":"cc.Size","width":120,"height":30},"_position":{"__type__":"cc.Vec3","x":165},"_scale":{"__type__":"cc.Vec3","x":1,"y":1,"z":1}},{"__type__":"cc.Label","node":{"__id__":22},"_srcBlendFactor":1,"_useOriginalSize":false,"_string":"智能模式","_N$string":"智能模式","_fontSize":30,"_lineHeight":30,"_enableWrapText":false,"_N$horizontalAlign":2,"_N$verticalAlign":1},{"__type__":"cc.Node","_name":"Sprite","_parent":{"__id__":21},"_level":4,"_components":[{"__type__":"cc.Sprite","node":{"__id__":24},"_spriteFrame":{"__uuid__":"f2SIJ3ikRJwKkQydbmXW3i"}},{"__type__":"cc.Widget","node":{"__id__":24},"alignMode":2,"_alignFlags":34,"_left":-29,"_right":-29}],"_contentSize":{"__type__":"cc.Size","width":20,"height":34},"_position":{"__type__":"cc.Vec3","x":244},"_scale":{"__type__":"cc.Vec3","x":1,"y":1,"z":1}},{"__type__":"cc.Node","_name":"TopLine","_parent":{"__id__":19},"_level":3,"_components":[{"__type__":"cc.Sprite","node":{"__id__":25},"_srcBlendFactor":1,"_spriteFrame":{"__uuid__":"02VHI1EG9OErub7VllKUNz"},"_type":1,"_sizeMode":0},{"__type__":"cc.Widget","node":{"__id__":25},"alignMode":2,"_alignFlags":41,"_originalWidth":490}],"_opacity":30,"_color":{"__type__":"cc.Color"},"_contentSize":{"__type__":"cc.Size","width":750,"height":1},"_position":{"__type__":"cc.Vec3","y":44.5},"_scale":{"__type__":"cc.Vec3","x":1,"y":1,"z":1}},{"__type__":"cc.Node","_name":"BottomLine","_parent":{"__id__":19},"_level":3,"_components":[{"__type__":"cc.Sprite","node":{"__id__":26},"_srcBlendFactor":1,"_spriteFrame":{"__uuid__":"02VHI1EG9OErub7VllKUNz"},"_type":1,"_sizeMode":0},{"__type__":"cc.Widget","node":{"__id__":26},"_alignFlags":44,"_originalWidth":490}],"_opacity":30,"_color":{"__type__":"cc.Color"},"_contentSize":{"__type__":"cc.Size","width":750,"height":1},"_position":{"__type__":"cc.Vec3","y":-44.5},"_scale":{"__type__":"cc.Vec3","x":1,"y":1,"z":1}},{"__type__":"cc.Node","_name":"AccentModelItem","_parent":{"__id__":2},"_children":[{"__id__":28},{"__id__":29},{"__id__":33}],"_level":2,"_components":[{"__type__":"cc.Widget","node":{"__id__":27},"alignMode":2,"_alignFlags":41,"_top":398},{"__type__":"cc.Sprite","node":{"__id__":27},"_spriteFrame":{"__uuid__":"16CnnZYYNM/o+1K8BpewH6"},"_type":1,"_sizeMode":0}],"_contentSize":{"__type__":"cc.Size","width":750,"height":90},"_position":{"__type__":"cc.Vec3","y":224},"_scale":{"__type__":"cc.Vec3","x":1,"y":1,"z":1}},{"__type__":"cc.Node","_name":"MarkLabel","_parent":{"__id__":27},"_level":3,"_components":[{"__type__":"cc.Label","node":{"__id__":28},"_srcBlendFactor":1,"_useOriginalSize":false,"_string":"切换发音方式","_N$string":"切换发音方式","_fontSize":30,"_lineHeight":30,"_N$horizontalAlign":1,"_N$verticalAlign":1},{"__type__":"cc.Widget","node":{"__id__":28},"alignMode":2,"_alignFlags":10,"_left":30,"_originalHeight":30}],"_color":{"__type__":"cc.Color"},"_contentSize":{"__type__":"cc.Size","width":180,"height":30},"_position":{"__type__":"cc.Vec3","x":-255},"_scale":{"__type__":"cc.Vec3","x":1,"y":1,"z":1}},{"__type__":"cc.Node","_name":"Btn","_parent":{"__id__":27},"_children":[{"__id__":30},{"__id__":32}],"_level":3,"_components":[{"__type__":"cc.Button","node":{"__id__":29},"pressedColor":{"__type__":"cc.Color","r":255,"g":255,"b":255},"clickEvents":[{"__type__":"cc.ClickEvent","target":{"__id__":2},"component":"Set","handler":"accentBtnClick","customEventData":"true"}],"_N$normalColor":{"__type__":"cc.Color","r":255,"g":255,"b":255},"_N$disabledColor":{"__type__":"cc.Color","r":255,"g":255,"b":255},"_N$normalSprite":{"__uuid__":"f0BIwQ8D5Ml7nTNQbh1YlS"},"_N$pressedSprite":{"__uuid__":"e97GVMl6JHh5Ml5qEDdSGa"},"pressedSprite":{"__uuid__":"e97GVMl6JHh5Ml5qEDdSGa"},"_N$hoverSprite":{"__uuid__":"f0BIwQ8D5Ml7nTNQbh1YlS"},"hoverSprite":{"__uuid__":"f0BIwQ8D5Ml7nTNQbh1YlS"},"_N$disabledSprite":{"__uuid__":"29FYIk+N1GYaeWH/q1NxQO"},"_N$target":{"__id__":29}},{"__type__":"cc.Widget","node":{"__id__":29},"alignMode":2,"_alignFlags":45,"_left":240,"_right":60,"_originalWidth":120,"_originalHeight":40}],"_contentSize":{"__type__":"cc.Size","width":450,"height":90},"_position":{"__type__":"cc.Vec3","x":90},"_scale":{"__type__":"cc.Vec3","x":1,"y":1,"z":1}},{"__type__":"cc.Node","_name":"Label","_parent":{"__id__":29},"_components":[{"__id__":31},{"__type__":"cc.Widget","node":{"__id__":30},"alignMode":2,"_alignFlags":34,"_left":-10,"_top":35,"_bottom":35,"_originalWidth":100,"_originalHeight":40}],"_color":{"__type__":"cc.Color","r":164,"g":164,"b":164},"_contentSize":{"__type__":"cc.Size","width":120,"height":30},"_position":{"__type__":"cc.Vec3","x":165},"_scale":{"__type__":"cc.Vec3","x":1,"y":1,"z":1}},{"__type__":"cc.Label","node":{"__id__":30},"_srcBlendFactor":1,"_useOriginalSize":false,"_string":"美式发音","_N$string":"美式发音","_fontSize":30,"_lineHeight":30,"_enableWrapText":false,"_N$horizontalAlign":1,"_N$verticalAlign":1},{"__type__":"cc.Node","_name":"Sprite","_parent":{"__id__":29},"_level":4,"_components":[{"__type__":"cc.Sprite","node":{"__id__":32},"_spriteFrame":{"__uuid__":"f2SIJ3ikRJwKkQydbmXW3i"}},{"__type__":"cc.Widget","node":{"__id__":32},"alignMode":2,"_alignFlags":34,"_left":-29,"_right":-29}],"_contentSize":{"__type__":"cc.Size","width":20,"height":34},"_position":{"__type__":"cc.Vec3","x":244},"_scale":{"__type__":"cc.Vec3","x":1,"y":1,"z":1}},{"__type__":"cc.Node","_name":"BottomLine","_parent":{"__id__":27},"_level":3,"_components":[{"__type__":"cc.Sprite","node":{"__id__":33},"_srcBlendFactor":1,"_spriteFrame":{"__uuid__":"02VHI1EG9OErub7VllKUNz"},"_type":1,"_sizeMode":0},{"__type__":"cc.Widget","node":{"__id__":33},"_alignFlags":44,"_bottom":1,"_originalWidth":490}],"_opacity":30,"_color":{"__type__":"cc.Color"},"_contentSize":{"__type__":"cc.Size","width":750,"height":1},"_position":{"__type__":"cc.Vec3","y":-43.5},"_scale":{"__type__":"cc.Vec3","x":1,"y":1,"z":1}}],{"__type__":"cc.SpriteFrame","content":{"name":"set_switch_close_bg","texture":"55rRsH7AVOGokVql4gWgxN","rect":[0,0,71,43],"offset":[0,0],"originalSize":[71,43],"capInsets":[0,0,0,0]}},{"__type__":"cc.SpriteFrame","content":{"name":"default_btn_pressed","texture":"b4P/PCArtIdIH38t6mlw8Y","rect":[0,0,40,40],"offset":[0,0],"originalSize":[40,40],"capInsets":[12,12,12,12]}},{"__type__":"cc.SpriteFrame","content":{"name":"default_btn_normal","texture":"e8Ueib+qJEhL6mXAHdnwbi","rect":[0,0,40,40],"offset":[0,0],"originalSize":[40,40],"capInsets":[12,12,12,12]}},{"__type__":"cc.SpriteFrame","content":{"name":"personal_center_detail_arrow","texture":"bb4RRYEtFN4aSESG8LRDsV","rect":[0,0,20,34],"offset":[0,0],"originalSize":[20,34],"capInsets":[0,0,0,0]}}]