[{"__type__":"cc.SpriteFrame","content":{"name":"maskolor","texture":"1bags8Kg5BCpWrU9yaA6Ng","rect":[0,0,2,2],"offset":[0,0],"originalSize":[2,2],"capInsets":[0,0,0,0]}},{"__type__":"cc.SpriteFrame","content":{"name":"box_front","texture":"a6y9rlYudLVo0UOsKehsS/","rect":[0,0,149,130],"offset":[0,0],"originalSize":[149,130],"capInsets":[0,0,0,0]}},{"__type__":"cc.SpriteFrame","content":{"name":"sure_bt","texture":"f0tUk/QmJPkbvCSPdVCH0f","rect":[0,0,550,100],"offset":[0,0],"originalSize":[550,100],"capInsets":[52,0,63,0]}},{"__type__":"cc.SpriteFrame","content":{"name":"study_award_box","texture":"3eL0qVTQNDxI9e+Z2oCxrR","rect":[0,0,149,163],"offset":[0,0],"originalSize":[149,163],"capInsets":[0,0,0,0]}},{"__type__":"cc.SpriteFrame","content":{"name":"default_btn_disabled","texture":"71VhFCTINJM6/Ky3oX9nBT","rect":[0,0,40,40],"offset":[0,0],"originalSize":[40,40],"capInsets":[12,12,12,12]}},{"__type__":"cc.SpriteFrame","content":{"name":"box_arua_bg","texture":"f2tLp5NnJFBJrL8pkYxM5t","rect":[0,0,551,557],"offset":[0,0],"originalSize":[551,557],"capInsets":[0,0,0,0]}},{"__type__":"cc.SpriteFrame","content":{"name":"study_award_money","texture":"9d4mGEFoZFRYEv3Sw6NfAG","rect":[0,0,40,40],"offset":[0,0],"originalSize":[40,40],"capInsets":[0,0,0,0]}},{"__type__":"cc.SpriteFrame","content":{"name":"ic_close","texture":"8b5HhCxEhL/4rvGMxlExLE","rect":[0,0,54,54],"offset":[0,0],"originalSize":[54,54],"capInsets":[0,0,0,0]}},{"__type__":"cc.SpriteFrame","content":{"name":"box_open_bg","texture":"a1UZm3WXFI1bD9dqSqRrU2","rect":[0,0,149,117],"offset":[0,0],"originalSize":[149,117],"capInsets":[0,0,0,0]}},[{"__type__":"cc.Prefab","_name":"ChooseBoxDialog","data":{"__id__":1}},{"__type__":"cc.Node","_name":"ChooseBoxDialog","_children":[{"__id__":2},{"__id__":3}],"_level":1,"_prefab":{"__type__":"cc.PrefabInfo","root":{"__id__":1},"asset":{"__uuid__":"c7GT+23UBOYJ6d6s9huLZn"},"fileId":"3a7tRyeENJzq97udZS2NFt"},"_contentSize":{"__type__":"cc.Size","width":750,"height":1334},"_scale":{"__type__":"cc.Vec3","x":1,"y":1,"z":1}},{"__type__":"cc.Node","_name":"Mask","_parent":{"__id__":1},"_level":3,"_components":[{"__type__":"cc.Sprite","node":{"__id__":2},"_spriteFrame":{"__uuid__":"0aoLNsxKlM4qs77+3nCObU"},"_sizeMode":0},{"__type__":"cc.Widget","node":{"__id__":2},"alignMode":2,"_alignFlags":45,"_originalWidth":4750,"_originalHeight":1334},{"__type__":"cc.Button","node":{"__id__":2},"_N$target":{"__id__":2}}],"_prefab":{"__type__":"cc.PrefabInfo","root":{"__id__":1},"asset":{"__uuid__":"c7GT+23UBOYJ6d6s9huLZn"},"fileId":"47wpXOjnZDf4ZlZnQLAWMM"},"_opacity":147,"_color":{"__type__":"cc.Color","r":3,"g":3,"b":3},"_contentSize":{"__type__":"cc.Size","width":750,"height":1334},"_scale":{"__type__":"cc.Vec3","x":1,"y":1,"z":1}},{"__type__":"cc.Node","_name":"Content","_parent":{"__id__":1},"_children":[{"__id__":4},{"__id__":5},{"__id__":20},{"__id__":21},{"__id__":22},{"__id__":24}],"_level":3,"_components":[{"__type__":"cc.Sprite","node":{"__id__":3},"_spriteFrame":{"__uuid__":"d3txZIfuBK5qYPoa0OoD0z"},"_sizeMode":0},{"__type__":"cc.Widget","node":{"__id__":3},"_alignFlags":40,"_left":0.07,"_right":0.07,"_isAbsLeft":false,"_isAbsRight":false,"_originalWidth":650},{"__type__":"cc.BlockInputEvents","node":{"__id__":3}}],"_prefab":{"__type__":"cc.PrefabInfo","root":{"__id__":1},"asset":{"__uuid__":"c7GT+23UBOYJ6d6s9huLZn"},"fileId":"92/XR3yKRLuZ0Oa+6IEHlL"},"_contentSize":{"__type__":"cc.Size","width":645,"height":900},"_scale":{"__type__":"cc.Vec3","x":1,"y":1,"z":1}},{"__type__":"cc.Node","_name":"Tiltle","_parent":{"__id__":3},"_level":4,"_components":[{"__type__":"cc.Label","node":{"__id__":4},"_srcBlendFactor":1,"_useOriginalSize":false,"_string":"打卡","_N$string":"打卡","_fontSize":36,"_lineHeight":36,"_N$horizontalAlign":1,"_N$verticalAlign":1,"_N$overflow":2},{"__type__":"cc.Widget","node":{"__id__":4},"_alignFlags":41,"_left":25,"_right":25,"_top":30,"_originalWidth":97.87}],"_prefab":{"__type__":"cc.PrefabInfo","root":{"__id__":1},"asset":{"__uuid__":"c7GT+23UBOYJ6d6s9huLZn"},"fileId":"d9iFXzK6ZPEKQpIF4awLjb"},"_color":{"__type__":"cc.Color"},"_contentSize":{"__type__":"cc.Size","width":595,"height":36},"_position":{"__type__":"cc.Vec3","y":402},"_scale":{"__type__":"cc.Vec3","x":1,"y":1,"z":1}},{"__type__":"cc.Node","_name":"DialogBg","_parent":{"__id__":3},"_children":[{"__id__":6},{"__id__":7},{"__id__":8},{"__id__":11},{"__id__":14},{"__id__":17},{"__id__":19}],"_level":4,"_components":[{"__type__":"cc.Widget","node":{"__id__":5},"_alignFlags":42,"_top":250,"_originalWidth":608}],"_prefab":{"__type__":"cc.PrefabInfo","root":{"__id__":1},"asset":{"__uuid__":"c7GT+23UBOYJ6d6s9huLZn"},"fileId":"49gQWI9zNPbJTCWcLrIqEB"},"_contentSize":{"__type__":"cc.Size","width":645,"height":412},"_scale":{"__type__":"cc.Vec3","x":1,"y":1,"z":1}},{"__type__":"cc.Node","_name":"BoxBgAura","_parent":{"__id__":5},"_active":false,"_level":5,"_components":[{"__type__":"cc.Sprite","node":{"__id__":6},"_spriteFrame":{"__uuid__":"e7LND7V05DVp2h+bUxV5nk"},"_sizeMode":0},{"__type__":"cc.Widget","node":{"__id__":6},"_alignFlags":18,"_left":109.5,"_right":109.5,"_top":-25.5,"_bottom":14.5,"_originalWidth":142,"_originalHeight":141}],"_prefab":{"__type__":"cc.PrefabInfo","root":{"__id__":1},"asset":{"__uuid__":"c7GT+23UBOYJ6d6s9huLZn"},"fileId":"73h9F5gFdH06A7LP4f2rcw"},"_contentSize":{"__type__":"cc.Size","width":142,"height":141},"_scale":{"__type__":"cc.Vec3","x":2.5,"y":2.5,"z":1}},{"__type__":"cc.Node","_name":"BoxAura","_parent":{"__id__":5},"_active":false,"_level":5,"_components":[{"__type__":"cc.Sprite","node":{"__id__":7},"_spriteFrame":{"__uuid__":"531JVOU21EZ7Ne1vwe/BZy"},"_sizeMode":0},{"__type__":"cc.Widget","node":{"__id__":7},"_alignFlags":18,"_left":60,"_right":60,"_top":-96,"_bottom":-56,"_originalWidth":142,"_originalHeight":141}],"_prefab":{"__type__":"cc.PrefabInfo","root":{"__id__":1},"asset":{"__uuid__":"c7GT+23UBOYJ6d6s9huLZn"},"fileId":"0c8T8WAw1ABZ+/tz37c1d2"},"_contentSize":{"__type__":"cc.Size","width":142,"height":141},"_scale":{"__type__":"cc.Vec3","x":3,"y":3,"z":1}},{"__type__":"cc.Node","_name":"Box1","_parent":{"__id__":5},"_children":[{"__id__":9},{"__id__":10}],"_active":false,"_level":5,"_components":[{"__type__":"cc.Sprite","node":{"__id__":8},"_spriteFrame":{"__uuid__":"1b+xAaVxxI/LSTi/5Icc6t"},"_sizeMode":0},{"__type__":"cc.Button","node":{"__id__":8},"pressedColor":{"__type__":"cc.Color","r":255,"g":255,"b":255},"zoomScale":1.02,"_N$normalColor":{"__type__":"cc.Color","r":255,"g":255,"b":255},"_N$disabledColor":{"__type__":"cc.Color","r":255,"g":255,"b":255},"_N$pressedSprite":{"__uuid__":"e97GVMl6JHh5Ml5qEDdSGa"},"pressedSprite":{"__uuid__":"e97GVMl6JHh5Ml5qEDdSGa"},"_N$hoverSprite":{"__uuid__":"f0BIwQ8D5Ml7nTNQbh1YlS"},"hoverSprite":{"__uuid__":"f0BIwQ8D5Ml7nTNQbh1YlS"},"_N$disabledSprite":{"__uuid__":"29FYIk+N1GYaeWH/q1NxQO"},"_N$target":{"__id__":8}}],"_prefab":{"__type__":"cc.PrefabInfo","root":{"__id__":1},"asset":{"__uuid__":"c7GT+23UBOYJ6d6s9huLZn"},"fileId":"7bLKPLzoVJnppCRfBDY/4I"},"_contentSize":{"__type__":"cc.Size","width":149,"height":163},"_position":{"__type__":"cc.Vec3","y":-20},"_scale":{"__type__":"cc.Vec3","x":0.2,"y":0.2,"z":1}},{"__type__":"cc.Node","_name":"Back","_parent":{"__id__":8},"_active":false,"_level":4,"_components":[{"__type__":"cc.Sprite","node":{"__id__":9},"_spriteFrame":{"__uuid__":"95G5WUXd5KbZa75KhjZ7Yl"},"_sizeMode":0},{"__type__":"cc.Widget","node":{"__id__":9},"alignMode":2,"_alignFlags":44,"_bottom":0.56,"_isAbsBottom":false,"_originalWidth":156}],"_prefab":{"__type__":"cc.PrefabInfo","root":{"__id__":1},"asset":{"__uuid__":"c7GT+23UBOYJ6d6s9huLZn"},"fileId":"c2S3cfGBBGFJtFRpIDs3zv"},"_contentSize":{"__type__":"cc.Size","width":149,"height":110},"_position":{"__type__":"cc.Vec3","y":64.78000000000002},"_scale":{"__type__":"cc.Vec3","x":1,"y":1,"z":1}},{"__type__":"cc.Node","_name":"Front","_parent":{"__id__":8},"_active":false,"_level":4,"_components":[{"__type__":"cc.Sprite","node":{"__id__":10},"_spriteFrame":{"__uuid__":"0e8h/PV9FAwYNzR8P87L53"},"_sizeMode":0},{"__type__":"cc.Widget","node":{"__id__":10},"alignMode":2,"_alignFlags":45,"_top":0.2,"_isAbsTop":false,"_originalWidth":156,"_originalHeight":130}],"_prefab":{"__type__":"cc.PrefabInfo","root":{"__id__":1},"asset":{"__uuid__":"c7GT+23UBOYJ6d6s9huLZn"},"fileId":"5eNmH/KzFJNpa5hpV4nwi1"},"_contentSize":{"__type__":"cc.Size","width":149,"height":130.4},"_position":{"__type__":"cc.Vec3","y":-16.299999999999997},"_scale":{"__type__":"cc.Vec3","x":1,"y":1,"z":1}},{"__type__":"cc.Node","_name":"Box3","_parent":{"__id__":5},"_children":[{"__id__":12},{"__id__":13}],"_active":false,"_level":5,"_components":[{"__type__":"cc.Sprite","node":{"__id__":11},"_spriteFrame":{"__uuid__":"1b+xAaVxxI/LSTi/5Icc6t"},"_sizeMode":0},{"__type__":"cc.Button","node":{"__id__":11},"pressedColor":{"__type__":"cc.Color","r":255,"g":255,"b":255},"zoomScale":1.02,"_N$normalColor":{"__type__":"cc.Color","r":255,"g":255,"b":255},"_N$disabledColor":{"__type__":"cc.Color","r":255,"g":255,"b":255},"_N$pressedSprite":{"__uuid__":"e97GVMl6JHh5Ml5qEDdSGa"},"pressedSprite":{"__uuid__":"e97GVMl6JHh5Ml5qEDdSGa"},"_N$hoverSprite":{"__uuid__":"f0BIwQ8D5Ml7nTNQbh1YlS"},"hoverSprite":{"__uuid__":"f0BIwQ8D5Ml7nTNQbh1YlS"},"_N$disabledSprite":{"__uuid__":"29FYIk+N1GYaeWH/q1NxQO"},"_N$target":{"__id__":11}}],"_prefab":{"__type__":"cc.PrefabInfo","root":{"__id__":1},"asset":{"__uuid__":"c7GT+23UBOYJ6d6s9huLZn"},"fileId":"e1D51QAK5OqICSllgtsJyO"},"_contentSize":{"__type__":"cc.Size","width":156,"height":164},"_scale":{"__type__":"cc.Vec3","x":0.2,"y":0.2,"z":1}},{"__type__":"cc.Node","_name":"Back","_parent":{"__id__":11},"_active":false,"_level":4,"_components":[{"__type__":"cc.Sprite","node":{"__id__":12},"_spriteFrame":{"__uuid__":"95G5WUXd5KbZa75KhjZ7Yl"},"_sizeMode":0},{"__type__":"cc.Widget","node":{"__id__":12},"alignMode":2,"_alignFlags":44,"_left":3.5,"_right":3.5,"_top":20,"_bottom":0.56,"_isAbsBottom":false,"_originalWidth":156,"_originalHeight":117}],"_prefab":{"__type__":"cc.PrefabInfo","root":{"__id__":1},"asset":{"__uuid__":"c7GT+23UBOYJ6d6s9huLZn"},"fileId":"06kVKM4i1NWavWlMAwy+jp"},"_contentSize":{"__type__":"cc.Size","width":149,"height":117},"_position":{"__type__":"cc.Vec3","y":68.34},"_scale":{"__type__":"cc.Vec3","x":1,"y":1,"z":1}},{"__type__":"cc.Node","_name":"Front","_parent":{"__id__":11},"_active":false,"_level":4,"_components":[{"__type__":"cc.Sprite","node":{"__id__":13},"_spriteFrame":{"__uuid__":"0e8h/PV9FAwYNzR8P87L53"},"_sizeMode":0},{"__type__":"cc.Widget","node":{"__id__":13},"alignMode":2,"_alignFlags":45,"_left":3.5,"_right":3.5,"_top":0.2,"_isAbsTop":false,"_originalWidth":156,"_originalHeight":130}],"_prefab":{"__type__":"cc.PrefabInfo","root":{"__id__":1},"asset":{"__uuid__":"c7GT+23UBOYJ6d6s9huLZn"},"fileId":"4615dzvAtB9J8j5GzzyQE1"},"_contentSize":{"__type__":"cc.Size","width":149,"height":131.2},"_position":{"__type__":"cc.Vec3","y":-16.400000000000006},"_scale":{"__type__":"cc.Vec3","x":1,"y":1,"z":1}},{"__type__":"cc.Node","_name":"Box2","_parent":{"__id__":5},"_children":[{"__id__":15},{"__id__":16}],"_active":false,"_level":5,"_components":[{"__type__":"cc.Sprite","node":{"__id__":14},"_spriteFrame":{"__uuid__":"1b+xAaVxxI/LSTi/5Icc6t"},"_sizeMode":0},{"__type__":"cc.Button","node":{"__id__":14},"pressedColor":{"__type__":"cc.Color","r":255,"g":255,"b":255},"zoomScale":0,"_N$normalColor":{"__type__":"cc.Color","r":255,"g":255,"b":255},"_N$disabledColor":{"__type__":"cc.Color","r":255,"g":255,"b":255},"_N$pressedSprite":{"__uuid__":"e97GVMl6JHh5Ml5qEDdSGa"},"pressedSprite":{"__uuid__":"e97GVMl6JHh5Ml5qEDdSGa"},"_N$hoverSprite":{"__uuid__":"f0BIwQ8D5Ml7nTNQbh1YlS"},"hoverSprite":{"__uuid__":"f0BIwQ8D5Ml7nTNQbh1YlS"},"_N$disabledSprite":{"__uuid__":"29FYIk+N1GYaeWH/q1NxQO"},"_N$target":{"__id__":14}}],"_prefab":{"__type__":"cc.PrefabInfo","root":{"__id__":1},"asset":{"__uuid__":"c7GT+23UBOYJ6d6s9huLZn"},"fileId":"36s+qACeZKsr0Nm5Zd/aVl"},"_contentSize":{"__type__":"cc.Size","width":156,"height":164},"_position":{"__type__":"cc.Vec3","y":-30},"_scale":{"__type__":"cc.Vec3","x":0.2,"y":0.2,"z":1}},{"__type__":"cc.Node","_name":"Back","_parent":{"__id__":14},"_active":false,"_level":4,"_components":[{"__type__":"cc.Sprite","node":{"__id__":15},"_spriteFrame":{"__uuid__":"95G5WUXd5KbZa75KhjZ7Yl"}},{"__type__":"cc.Widget","node":{"__id__":15},"alignMode":2,"_alignFlags":44,"_left":3.5,"_right":3.5,"_top":-44.84,"_bottom":0.56,"_isAbsBottom":false,"_originalWidth":156,"_originalHeight":117}],"_prefab":{"__type__":"cc.PrefabInfo","root":{"__id__":1},"asset":{"__uuid__":"c7GT+23UBOYJ6d6s9huLZn"},"fileId":"315SpNBWdNCJZK48niLCNX"},"_contentSize":{"__type__":"cc.Size","width":149,"height":117},"_position":{"__type__":"cc.Vec3","y":68.34},"_scale":{"__type__":"cc.Vec3","x":1,"y":1,"z":1}},{"__type__":"cc.Node","_name":"Front","_parent":{"__id__":14},"_active":false,"_level":4,"_components":[{"__type__":"cc.Sprite","node":{"__id__":16},"_spriteFrame":{"__uuid__":"0e8h/PV9FAwYNzR8P87L53"},"_sizeMode":0},{"__type__":"cc.Widget","node":{"__id__":16},"alignMode":2,"_alignFlags":45,"_left":3.5,"_right":3.5,"_top":0.2,"_isAbsTop":false,"_originalWidth":156,"_originalHeight":130}],"_prefab":{"__type__":"cc.PrefabInfo","root":{"__id__":1},"asset":{"__uuid__":"c7GT+23UBOYJ6d6s9huLZn"},"fileId":"566Ur2ZABPvbB/vphaU4Dq"},"_contentSize":{"__type__":"cc.Size","width":149,"height":131.2},"_position":{"__type__":"cc.Vec3","y":-16.400000000000006},"_scale":{"__type__":"cc.Vec3","x":1,"y":1,"z":1}},{"__type__":"cc.Node","_name":"MoneySprite","_parent":{"__id__":5},"_children":[{"__id__":18}],"_active":false,"_level":5,"_components":[{"__type__":"cc.Sprite","node":{"__id__":17},"_spriteFrame":{"__uuid__":"61Y1OMhQlJ8pCUu58jhYZc"},"_sizeMode":0}],"_prefab":{"__type__":"cc.PrefabInfo","root":{"__id__":1},"asset":{"__uuid__":"c7GT+23UBOYJ6d6s9huLZn"},"fileId":"67p7IgfNhLRI94WgW1evNG"},"_contentSize":{"__type__":"cc.Size","width":40,"height":40},"_position":{"__type__":"cc.Vec3","x":20,"y":190},"_scale":{"__type__":"cc.Vec3","x":1,"y":1,"z":1}},{"__type__":"cc.Node","_name":"Label","_parent":{"__id__":17},"_level":5,"_components":[{"__type__":"cc.Label","node":{"__id__":18},"_srcBlendFactor":1,"_useOriginalSize":false,"_string":"+0","_N$string":"+0","_fontSize":36,"_lineHeight":43,"_N$horizontalAlign":1,"_N$verticalAlign":1},{"__type__":"cc.Widget","node":{"__id__":18},"alignMode":2,"_alignFlags":34,"_left":50,"_right":45}],"_prefab":{"__type__":"cc.PrefabInfo","root":{"__id__":1},"asset":{"__uuid__":"c7GT+23UBOYJ6d6s9huLZn"},"fileId":"d02r9wqrhLBKpczP1uRv9Q"},"_color":{"__type__":"cc.Color","r":253,"g":109,"b":39},"_contentSize":{"__type__":"cc.Size","width":41.04,"height":43},"_position":{"__type__":"cc.Vec3","x":-45.519999999999996},"_scale":{"__type__":"cc.Vec3","x":1,"y":1,"z":1}},{"__type__":"cc.Node","_name":"AddMoneySprite","_parent":{"__id__":5},"_active":false,"_level":5,"_components":[{"__type__":"cc.Sprite","node":{"__id__":19},"_spriteFrame":{"__uuid__":"61Y1OMhQlJ8pCUu58jhYZc"}}],"_prefab":{"__type__":"cc.PrefabInfo","root":{"__id__":1},"asset":{"__uuid__":"c7GT+23UBOYJ6d6s9huLZn"},"fileId":"b9EmXywwpEtrOqbw4hSy8x"},"_contentSize":{"__type__":"cc.Size","width":40,"height":40},"_position":{"__type__":"cc.Vec3","y":60},"_scale":{"__type__":"cc.Vec3","x":1,"y":1,"z":1}},{"__type__":"cc.Node","_name":"AchievementContent","_parent":{"__id__":3},"_level":4,"_components":[{"__type__":"cc.Label","node":{"__id__":20},"_srcBlendFactor":1,"_useOriginalSize":false,"_string":"我已学习123天，挑战20关，掌握单词1000个。","_N$string":"我已学习123天，挑战20关，掌握单词1000个。","_fontSize":30,"_lineHeight":34,"_N$verticalAlign":1,"_N$overflow":2},{"__type__":"cc.Widget","node":{"__id__":20},"_alignFlags":41,"_left":0.08,"_right":0.08,"_top":135,"_isAbsLeft":false,"_isAbsRight":false,"_originalWidth":383.42}],"_prefab":{"__type__":"cc.PrefabInfo","root":{"__id__":1},"asset":{"__uuid__":"c7GT+23UBOYJ6d6s9huLZn"},"fileId":"85Gq9eq2lHX4iXiO01H2Ah"},"_color":{"__type__":"cc.Color","r":74,"g":74,"b":74},"_contentSize":{"__type__":"cc.Size","width":541.8,"height":100},"_position":{"__type__":"cc.Vec3","y":265},"_scale":{"__type__":"cc.Vec3","x":1,"y":1,"z":1}},{"__type__":"cc.Node","_name":"SelectContent","_parent":{"__id__":3},"_level":4,"_components":[{"__type__":"cc.Label","node":{"__id__":21},"_srcBlendFactor":1,"_useOriginalSize":false,"_string":"点宝箱完成打卡，自动领取橙币奖励。","_N$string":"点宝箱完成打卡，自动领取橙币奖励。","_fontSize":36,"_enableWrapText":false,"_N$horizontalAlign":1,"_N$verticalAlign":1,"_N$overflow":2},{"__type__":"cc.Widget","node":{"__id__":21},"alignMode":2,"_alignFlags":44,"_left":0.08,"_right":0.08,"_bottom":167,"_isAbsLeft":false,"_isAbsRight":false,"_originalWidth":360}],"_prefab":{"__type__":"cc.PrefabInfo","root":{"__id__":1},"asset":{"__uuid__":"c7GT+23UBOYJ6d6s9huLZn"},"fileId":"32Ry+WZCJHJqgQ1aUBQBb9"},"_color":{"__type__":"cc.Color","r":253,"g":109,"b":39},"_contentSize":{"__type__":"cc.Size","width":541.8,"height":40},"_position":{"__type__":"cc.Vec3","y":-263},"_scale":{"__type__":"cc.Vec3","x":1,"y":1,"z":1}},{"__type__":"cc.Node","_name":"BottomBt","_parent":{"__id__":3},"_children":[{"__id__":23}],"_level":4,"_components":[{"__type__":"cc.Sprite","node":{"__id__":22},"_spriteFrame":{"__uuid__":"18m0XXytNE/oW094A7xVl1"},"_type":1,"_sizeMode":0},{"__type__":"cc.Button","node":{"__id__":22},"pressedColor":{"__type__":"cc.Color","r":255,"g":255,"b":255},"_N$normalColor":{"__type__":"cc.Color","r":255,"g":255,"b":255},"_N$disabledColor":{"__type__":"cc.Color","r":255,"g":255,"b":255},"_N$normalSprite":{"__uuid__":"18m0XXytNE/oW094A7xVl1"},"_N$pressedSprite":{"__uuid__":"e97GVMl6JHh5Ml5qEDdSGa"},"pressedSprite":{"__uuid__":"e97GVMl6JHh5Ml5qEDdSGa"},"_N$hoverSprite":{"__uuid__":"f0BIwQ8D5Ml7nTNQbh1YlS"},"hoverSprite":{"__uuid__":"f0BIwQ8D5Ml7nTNQbh1YlS"},"_N$disabledSprite":{"__uuid__":"29FYIk+N1GYaeWH/q1NxQO"},"_N$target":{"__id__":22}},{"__type__":"cc.Widget","node":{"__id__":22},"_alignFlags":41,"_left":0.08,"_right":0.08,"_top":765,"_isAbsLeft":false,"_isAbsRight":false,"_originalWidth":550}],"_prefab":{"__type__":"cc.PrefabInfo","root":{"__id__":1},"asset":{"__uuid__":"c7GT+23UBOYJ6d6s9huLZn"},"fileId":"3fuZmW1rFAIJntxMPU6tjE"},"_contentSize":{"__type__":"cc.Size","width":541.8,"height":100},"_position":{"__type__":"cc.Vec3","y":-365},"_scale":{"__type__":"cc.Vec3","x":1,"y":1,"z":1}},{"__type__":"cc.Node","_name":"BottomContent","_parent":{"__id__":22},"_components":[{"__type__":"cc.Label","node":{"__id__":23},"_srcBlendFactor":1,"_useOriginalSize":false,"_string":"生成海报并分享","_N$string":"生成海报并分享","_fontSize":36,"_enableWrapText":false,"_N$horizontalAlign":1,"_N$verticalAlign":1,"_N$overflow":1},{"__type__":"cc.Widget","node":{"__id__":23},"_alignFlags":45,"_originalWidth":400,"_originalHeight":60}],"_prefab":{"__type__":"cc.PrefabInfo","root":{"__id__":1},"asset":{"__uuid__":"c7GT+23UBOYJ6d6s9huLZn"},"fileId":"80FpKO/8xBnqyFEnFl8wXP"},"_contentSize":{"__type__":"cc.Size","width":541.8,"height":100},"_scale":{"__type__":"cc.Vec3","x":1,"y":1,"z":1}},{"__type__":"cc.Node","_name":"Close","_parent":{"__id__":3},"_level":4,"_components":[{"__type__":"cc.Sprite","node":{"__id__":24},"_spriteFrame":{"__uuid__":"84j4TpUulCk7xx6M6O0R8g"}},{"__type__":"cc.Button","node":{"__id__":24},"_N$target":{"__id__":24}},{"__type__":"cc.Widget","node":{"__id__":24},"_alignFlags":17,"_top":1.05,"_isAbsTop":false}],"_prefab":{"__type__":"cc.PrefabInfo","root":{"__id__":1},"asset":{"__uuid__":"c7GT+23UBOYJ6d6s9huLZn"},"fileId":"580gTO54BBP5VfKNVEBP/+"},"_contentSize":{"__type__":"cc.Size","width":54,"height":54},"_position":{"__type__":"cc.Vec3","y":-522},"_scale":{"__type__":"cc.Vec3","x":1,"y":1,"z":1}}],{"__type__":"cc.SpriteFrame","content":{"name":"bigdialog_bg","texture":"4cRp/At+FOqo4W6/zoqANz","rect":[0,0,650,900],"offset":[0,0],"originalSize":[650,900],"capInsets":[0,0,0,0]}},{"__type__":"cc.SpriteFrame","content":{"name":"home_box_arua_orange_bg","texture":"49ClQLcxVBKoeuJyR12lST","rect":[0,0,559,555],"offset":[0,0],"originalSize":[559,555],"capInsets":[0,0,0,0]}},{"__type__":"cc.SpriteFrame","content":{"name":"default_btn_pressed","texture":"b4P/PCArtIdIH38t6mlw8Y","rect":[0,0,40,40],"offset":[0,0],"originalSize":[40,40],"capInsets":[12,12,12,12]}},{"__type__":"cc.SpriteFrame","content":{"name":"default_btn_normal","texture":"e8Ueib+qJEhL6mXAHdnwbi","rect":[0,0,40,40],"offset":[0,0],"originalSize":[40,40],"capInsets":[12,12,12,12]}}]