[{"__type__":"cc.SpriteFrame","content":{"name":"maskolor","texture":"1bags8Kg5BCpWrU9yaA6Ng","rect":[0,0,2,2],"offset":[0,0],"originalSize":[2,2],"capInsets":[0,0,0,0]}},{"__type__":"cc.SpriteFrame","content":{"name":"poster_bg","texture":"b9eolAgvJEX4uKdCTqjXjt","rect":[0,0,710,318],"offset":[0,0],"originalSize":[710,318],"capInsets":[37,34,41,41]}},{"__type__":"cc.SpriteFrame","content":{"name":"white_bg","texture":"11+MH+mEdPXZmm6UnzsvES","rect":[0,0,490,286],"offset":[0,0],"originalSize":[490,286],"capInsets":[0,0,0,0]}},{"__type__":"cc.SpriteFrame","content":{"name":"sure_bt","texture":"f0tUk/QmJPkbvCSPdVCH0f","rect":[0,0,550,100],"offset":[0,0],"originalSize":[550,100],"capInsets":[52,0,63,0]}},{"__type__":"cc.SpriteFrame","content":{"name":"poster","texture":"24xVDv/4lKG5Gw31Yg67xx","rect":[0,0,750,750],"offset":[0,0],"originalSize":[750,750],"capInsets":[0,0,0,0]}},{"__type__":"cc.SpriteFrame","content":{"name":"default_btn_disabled","texture":"71VhFCTINJM6/Ky3oX9nBT","rect":[0,0,40,40],"offset":[0,0],"originalSize":[40,40],"capInsets":[12,12,12,12]}},[{"__type__":"cc.Prefab","_name":"ShareResultDialog","data":{"__id__":1}},{"__type__":"cc.Node","_name":"ShareResultDialog","_children":[{"__id__":2},{"__id__":3},{"__id__":23}],"_level":1,"_components":[{"__type__":"cc.Widget","node":{"__id__":1},"_alignFlags":45,"_originalWidth":750,"_originalHeight":1334}],"_prefab":{"__type__":"cc.PrefabInfo","root":{"__id__":1},"asset":{"__uuid__":"2eOg1mOUxEVbfxP/UNdJ6w"},"fileId":"3a7tRyeENJzq97udZS2NFt"},"_contentSize":{"__type__":"cc.Size","width":750,"height":1334},"_position":{"__type__":"cc.Vec3","x":375,"y":667},"_scale":{"__type__":"cc.Vec3","x":1,"y":1,"z":1}},{"__type__":"cc.Node","_name":"Mask","_parent":{"__id__":1},"_level":2,"_components":[{"__type__":"cc.Sprite","node":{"__id__":2},"_spriteFrame":{"__uuid__":"0aoLNsxKlM4qs77+3nCObU"},"_sizeMode":0},{"__type__":"cc.Widget","node":{"__id__":2},"alignMode":2,"_alignFlags":45,"_left":4.547473508864641e-13,"_right":-4.547473508864641e-13,"_originalWidth":2,"_originalHeight":1334},{"__type__":"cc.BlockInputEvents","node":{"__id__":2}}],"_prefab":{"__type__":"cc.PrefabInfo","root":{"__id__":1},"asset":{"__uuid__":"2eOg1mOUxEVbfxP/UNdJ6w"},"fileId":"c90uJ+cNFCN5c5BwJM6PnO"},"_opacity":147,"_color":{"__type__":"cc.Color","r":3,"g":3,"b":3},"_contentSize":{"__type__":"cc.Size","width":750,"height":1334},"_position":{"__type__":"cc.Vec3","x":4.547473508864641e-13},"_scale":{"__type__":"cc.Vec3","x":1,"y":1,"z":1}},{"__type__":"cc.Node","_name":"PosterMoudle","_parent":{"__id__":1},"_children":[{"__id__":4},{"__id__":5},{"__id__":7},{"__id__":21},{"__id__":22}],"_level":2,"_components":[{"__type__":"cc.Widget","node":{"__id__":3},"alignMode":2,"_alignFlags":45,"_originalWidth":750,"_originalHeight":1334}],"_prefab":{"__type__":"cc.PrefabInfo","root":{"__id__":1},"asset":{"__uuid__":"2eOg1mOUxEVbfxP/UNdJ6w"},"fileId":"88G+JN7plGcbh3nrI4h9dG"},"_color":{"__type__":"cc.Color","r":253,"g":249,"b":239},"_contentSize":{"__type__":"cc.Size","width":750,"height":1334},"_scale":{"__type__":"cc.Vec3","x":1,"y":1,"z":1}},{"__type__":"cc.Node","_name":"Backbg","_parent":{"__id__":3},"_level":3,"_components":[{"__type__":"cc.Widget","node":{"__id__":4},"_alignFlags":45},{"__type__":"cc.Sprite","node":{"__id__":4},"_spriteFrame":{"__uuid__":"16CnnZYYNM/o+1K8BpewH6"},"_sizeMode":0}],"_prefab":{"__type__":"cc.PrefabInfo","root":{"__id__":1},"asset":{"__uuid__":"2eOg1mOUxEVbfxP/UNdJ6w"},"fileId":"0ag5PPF2NNMprtb/L53r8M"},"_color":{"__type__":"cc.Color","r":253,"g":249,"b":239},"_contentSize":{"__type__":"cc.Size","width":750,"height":1334},"_scale":{"__type__":"cc.Vec3","x":1,"y":1,"z":1}},{"__type__":"cc.Node","_name":"PosterPic","_parent":{"__id__":3},"_children":[{"__id__":6}],"_level":3,"_components":[{"__type__":"cc.Sprite","node":{"__id__":5},"_spriteFrame":{"__uuid__":"24JAhWUHZAbrrOhUstv27w"},"_sizeMode":0},{"__type__":"cc.Widget","node":{"__id__":5},"alignMode":2,"_alignFlags":45,"_bottom":0.44,"_isAbsBottom":false,"_originalWidth":750,"_originalHeight":745}],"_prefab":{"__type__":"cc.PrefabInfo","root":{"__id__":1},"asset":{"__uuid__":"2eOg1mOUxEVbfxP/UNdJ6w"},"fileId":"dbcy3dAzFG9YT1XUJf4o7U"},"_contentSize":{"__type__":"cc.Size","width":750,"height":747.04},"_position":{"__type__":"cc.Vec3","y":293.48},"_scale":{"__type__":"cc.Vec3","x":1,"y":1,"z":1}},{"__type__":"cc.Node","_name":"Mask","_parent":{"__id__":5},"_level":2,"_components":[{"__type__":"cc.Sprite","node":{"__id__":6},"_spriteFrame":{"__uuid__":"d6s/usIaVBXoa8Qj5jFURv"},"_sizeMode":0},{"__type__":"cc.Widget","node":{"__id__":6},"alignMode":2,"_alignFlags":44,"_originalWidth":750}],"_prefab":{"__type__":"cc.PrefabInfo","root":{"__id__":1},"asset":{"__uuid__":"2eOg1mOUxEVbfxP/UNdJ6w"},"fileId":"36+eGSmbFKHrnrbOXUOlDN"},"_contentSize":{"__type__":"cc.Size","width":750,"height":51},"_position":{"__type__":"cc.Vec3","y":-348.02},"_scale":{"__type__":"cc.Vec3","x":1,"y":1,"z":1}},{"__type__":"cc.Node","_name":"Content","_parent":{"__id__":3},"_children":[{"__id__":8},{"__id__":10},{"__id__":11},{"__id__":12},{"__id__":15},{"__id__":18}],"_level":3,"_components":[{"__type__":"cc.Sprite","node":{"__id__":7},"_spriteFrame":{"__uuid__":"13DPTY+R5LK4OcdW8H0Jle"},"_type":1,"_sizeMode":0},{"__type__":"cc.Widget","node":{"__id__":7},"_alignFlags":41,"_left":0.026000000000000002,"_right":0.026000000000000002,"_top":0.48,"_isAbsLeft":false,"_isAbsRight":false,"_isAbsTop":false,"_originalWidth":710}],"_prefab":{"__type__":"cc.PrefabInfo","root":{"__id__":1},"asset":{"__uuid__":"2eOg1mOUxEVbfxP/UNdJ6w"},"fileId":"59+8/4T6pJJJmJ22g08fFM"},"_contentSize":{"__type__":"cc.Size","width":711,"height":296},"_position":{"__type__":"cc.Vec3","y":-121.31999999999994},"_scale":{"__type__":"cc.Vec3","x":1,"y":1,"z":1}},{"__type__":"cc.Node","_name":"HeadPic","_parent":{"__id__":7},"_children":[{"__id__":9}],"_level":2,"_components":[{"__type__":"cc.Widget","node":{"__id__":8},"_alignFlags":10,"_left":0.065,"_top":78,"_isAbsLeft":false},{"__type__":"cc.Mask","node":{"__id__":8},"_type":1,"_segments":71}],"_prefab":{"__type__":"cc.PrefabInfo","root":{"__id__":1},"asset":{"__uuid__":"2eOg1mOUxEVbfxP/UNdJ6w"},"fileId":"e3Irrg0GtJ0LPudS5k1ave"},"_contentSize":{"__type__":"cc.Size","width":142,"height":142},"_position":{"__type__":"cc.Vec3","x":-238.28499999999997},"_scale":{"__type__":"cc.Vec3","x":1,"y":1,"z":1}},{"__type__":"cc.Node","_name":"Head","_parent":{"__id__":8},"_level":3,"_components":[{"__type__":"cc.Widget","node":{"__id__":9},"_alignFlags":45},{"__type__":"cc.Sprite","node":{"__id__":9},"_spriteFrame":{"__uuid__":"714G2r3Y9GkpeMvdBBmfMs"},"_type":1,"_sizeMode":0}],"_prefab":{"__type__":"cc.PrefabInfo","root":{"__id__":1},"asset":{"__uuid__":"2eOg1mOUxEVbfxP/UNdJ6w"},"fileId":"e4yjl29tJIOqRnXOC/cLFK"},"_contentSize":{"__type__":"cc.Size","width":142,"height":142},"_scale":{"__type__":"cc.Vec3","x":1,"y":1,"z":1}},{"__type__":"cc.Node","_name":"PersonName","_parent":{"__id__":7},"_level":2,"_components":[{"__type__":"cc.Label","node":{"__id__":10},"_srcBlendFactor":1,"_useOriginalSize":false,"_string":"江边小橙子","_N$string":"江边小橙子","_fontSize":30,"_lineHeight":30,"_N$verticalAlign":1,"_N$overflow":2},{"__type__":"cc.Widget","node":{"__id__":10},"_alignFlags":41,"_left":0.32,"_right":0.05,"_top":0.23,"_isAbsLeft":false,"_isAbsRight":false,"_isAbsTop":false,"_originalWidth":392}],"_prefab":{"__type__":"cc.PrefabInfo","root":{"__id__":1},"asset":{"__uuid__":"2eOg1mOUxEVbfxP/UNdJ6w"},"fileId":"348rKHIu1Bar8rc7ybQ7OY"},"_color":{"__type__":"cc.Color","r":74,"g":74,"b":74},"_contentSize":{"__type__":"cc.Size","width":447.92999999999995,"height":26},"_position":{"__type__":"cc.Vec3","x":95.98499999999999,"y":66.92},"_scale":{"__type__":"cc.Vec3","x":1,"y":1,"z":1}},{"__type__":"cc.Node","_name":"MarkTitle","_parent":{"__id__":7},"_level":4,"_components":[{"__type__":"cc.Label","node":{"__id__":11},"_srcBlendFactor":1,"_useOriginalSize":false,"_string":"刚刚在酷爱背单词完成打卡！","_N$string":"刚刚在酷爱背单词完成打卡！","_fontSize":30,"_lineHeight":30,"_N$verticalAlign":1,"_N$overflow":2},{"__type__":"cc.Widget","node":{"__id__":11},"_alignFlags":41,"_left":0.32,"_right":0.05,"_top":0.36,"_isAbsLeft":false,"_isAbsRight":false,"_isAbsTop":false,"_originalWidth":392}],"_prefab":{"__type__":"cc.PrefabInfo","root":{"__id__":1},"asset":{"__uuid__":"2eOg1mOUxEVbfxP/UNdJ6w"},"fileId":"7cMdzh835JSrHUHRkybToi"},"_color":{"__type__":"cc.Color","r":74,"g":74,"b":74},"_contentSize":{"__type__":"cc.Size","width":447.92999999999995,"height":26},"_position":{"__type__":"cc.Vec3","x":95.98499999999999,"y":28.439999999999998},"_scale":{"__type__":"cc.Vec3","x":1,"y":1,"z":1}},{"__type__":"cc.Node","_name":"Points","_parent":{"__id__":7},"_children":[{"__id__":13},{"__id__":14}],"_level":2,"_components":[{"__type__":"cc.Label","node":{"__id__":12},"_srcBlendFactor":1,"_useOriginalSize":false,"_fontSize":36,"_lineHeight":36,"_N$horizontalAlign":2,"_N$verticalAlign":1}],"_prefab":{"__type__":"cc.PrefabInfo","root":{"__id__":1},"asset":{"__uuid__":"2eOg1mOUxEVbfxP/UNdJ6w"},"fileId":"e4RSNFyvNOvI+Sv2r9zHYi"},"_color":{"__type__":"cc.Color","r":255,"g":193,"b":27},"_contentSize":{"__type__":"cc.Size","height":36},"_position":{"__type__":"cc.Vec3","x":-84,"y":-35},"_scale":{"__type__":"cc.Vec3","x":1,"y":1,"z":1}},{"__type__":"cc.Node","_name":"point","_parent":{"__id__":12},"_level":3,"_components":[{"__type__":"cc.Label","node":{"__id__":13},"_srcBlendFactor":1,"_useOriginalSize":false,"_string":"关","_N$string":"关","_fontSize":18,"_lineHeight":20,"_N$horizontalAlign":1,"_N$verticalAlign":1},{"__type__":"cc.Widget","node":{"__id__":13},"alignMode":2,"_alignFlags":36,"_right":-20,"_bottom":3}],"_prefab":{"__type__":"cc.PrefabInfo","root":{"__id__":1},"asset":{"__uuid__":"2eOg1mOUxEVbfxP/UNdJ6w"},"fileId":"28Zwi//tVNJKjVuj13LnAs"},"_color":{"__type__":"cc.Color","r":255,"g":193,"b":27},"_contentSize":{"__type__":"cc.Size","width":18,"height":20},"_position":{"__type__":"cc.Vec3","x":11,"y":-5},"_scale":{"__type__":"cc.Vec3","x":1,"y":1,"z":1}},{"__type__":"cc.Node","_name":"Intro","_parent":{"__id__":12},"_level":3,"_components":[{"__type__":"cc.Label","node":{"__id__":14},"_srcBlendFactor":1,"_useOriginalSize":false,"_string":"累计闯关","_N$string":"累计闯关","_fontSize":22,"_lineHeight":22,"_N$horizontalAlign":1,"_N$verticalAlign":1,"_N$overflow":1},{"__type__":"cc.Widget","node":{"__id__":14},"_alignFlags":40,"_left":-40,"_right":-60,"_originalWidth":88}],"_prefab":{"__type__":"cc.PrefabInfo","root":{"__id__":1},"asset":{"__uuid__":"2eOg1mOUxEVbfxP/UNdJ6w"},"fileId":"647J8YiIBPbr+oG1HS3eiy"},"_color":{"__type__":"cc.Color","r":79,"g":79,"b":79},"_contentSize":{"__type__":"cc.Size","width":100,"height":22},"_position":{"__type__":"cc.Vec3","x":10,"y":-40},"_scale":{"__type__":"cc.Vec3","x":1,"y":1,"z":1}},{"__type__":"cc.Node","_name":"Grandtotal","_parent":{"__id__":7},"_children":[{"__id__":16},{"__id__":17}],"_level":2,"_components":[{"__type__":"cc.Label","node":{"__id__":15},"_srcBlendFactor":1,"_useOriginalSize":false,"_fontSize":36,"_lineHeight":36,"_N$horizontalAlign":2,"_N$verticalAlign":1}],"_prefab":{"__type__":"cc.PrefabInfo","root":{"__id__":1},"asset":{"__uuid__":"2eOg1mOUxEVbfxP/UNdJ6w"},"fileId":"bc0G5hmMRAT79mqas3aEVM"},"_color":{"__type__":"cc.Color","r":255,"g":193,"b":27},"_contentSize":{"__type__":"cc.Size","height":36},"_position":{"__type__":"cc.Vec3","x":57,"y":-35},"_scale":{"__type__":"cc.Vec3","x":1,"y":1,"z":1}},{"__type__":"cc.Node","_name":"point","_parent":{"__id__":15},"_level":3,"_components":[{"__type__":"cc.Label","node":{"__id__":16},"_srcBlendFactor":1,"_useOriginalSize":false,"_string":"词","_N$string":"词","_fontSize":18,"_lineHeight":20,"_N$horizontalAlign":1,"_N$verticalAlign":1},{"__type__":"cc.Widget","node":{"__id__":16},"alignMode":2,"_alignFlags":36,"_right":-20}],"_prefab":{"__type__":"cc.PrefabInfo","root":{"__id__":1},"asset":{"__uuid__":"2eOg1mOUxEVbfxP/UNdJ6w"},"fileId":"7c5oapyhFK+L+a9VoUWJVM"},"_color":{"__type__":"cc.Color","r":255,"g":193,"b":27},"_contentSize":{"__type__":"cc.Size","width":18,"height":20},"_position":{"__type__":"cc.Vec3","x":11,"y":-8},"_scale":{"__type__":"cc.Vec3","x":1,"y":1,"z":1}},{"__type__":"cc.Node","_name":"Intro","_parent":{"__id__":15},"_level":3,"_components":[{"__type__":"cc.Label","node":{"__id__":17},"_srcBlendFactor":1,"_useOriginalSize":false,"_string":"累计掌握","_N$string":"累计掌握","_fontSize":22,"_lineHeight":22,"_N$horizontalAlign":1,"_N$verticalAlign":1},{"__type__":"cc.Widget","node":{"__id__":17},"alignMode":2,"_alignFlags":40,"_left":-40,"_right":-60,"_bottom":-31,"_horizontalCenter":63,"_originalWidth":88}],"_prefab":{"__type__":"cc.PrefabInfo","root":{"__id__":1},"asset":{"__uuid__":"2eOg1mOUxEVbfxP/UNdJ6w"},"fileId":"f6FEbZcdFCPqVcb/JRBNaI"},"_color":{"__type__":"cc.Color","r":79,"g":79,"b":79},"_contentSize":{"__type__":"cc.Size","width":88,"height":22},"_position":{"__type__":"cc.Vec3","x":10,"y":-41},"_scale":{"__type__":"cc.Vec3","x":1,"y":1,"z":1}},{"__type__":"cc.Node","_name":"Coins","_parent":{"__id__":7},"_children":[{"__id__":19},{"__id__":20}],"_level":2,"_components":[{"__type__":"cc.Label","node":{"__id__":18},"_srcBlendFactor":1,"_useOriginalSize":false,"_fontSize":36,"_lineHeight":36,"_N$horizontalAlign":2,"_N$verticalAlign":1}],"_prefab":{"__type__":"cc.PrefabInfo","root":{"__id__":1},"asset":{"__uuid__":"2eOg1mOUxEVbfxP/UNdJ6w"},"fileId":"88wxyEYXVL+77WDXHZN886"},"_color":{"__type__":"cc.Color","r":255,"g":193,"b":27},"_contentSize":{"__type__":"cc.Size","height":36},"_position":{"__type__":"cc.Vec3","x":198.99999999999997,"y":-35},"_scale":{"__type__":"cc.Vec3","x":1,"y":1,"z":1}},{"__type__":"cc.Node","_name":"point","_parent":{"__id__":18},"_level":3,"_components":[{"__type__":"cc.Label","node":{"__id__":19},"_srcBlendFactor":1,"_useOriginalSize":false,"_string":"币","_N$string":"币","_fontSize":18,"_lineHeight":20,"_N$horizontalAlign":1,"_N$verticalAlign":1},{"__type__":"cc.Widget","node":{"__id__":19},"alignMode":2,"_alignFlags":36,"_right":-20}],"_prefab":{"__type__":"cc.PrefabInfo","root":{"__id__":1},"asset":{"__uuid__":"2eOg1mOUxEVbfxP/UNdJ6w"},"fileId":"4eiEZnsy1OpKA7ahYljn2s"},"_color":{"__type__":"cc.Color","r":255,"g":193,"b":27},"_contentSize":{"__type__":"cc.Size","width":18,"height":20},"_position":{"__type__":"cc.Vec3","x":11,"y":-8},"_scale":{"__type__":"cc.Vec3","x":1,"y":1,"z":1}},{"__type__":"cc.Node","_name":"Intro","_parent":{"__id__":18},"_level":3,"_components":[{"__type__":"cc.Label","node":{"__id__":20},"_srcBlendFactor":1,"_useOriginalSize":false,"_string":"获得橙币","_N$string":"获得橙币","_fontSize":22,"_lineHeight":22,"_N$horizontalAlign":1,"_N$verticalAlign":1},{"__type__":"cc.Widget","node":{"__id__":20},"alignMode":2,"_alignFlags":40,"_left":-40,"_right":-60,"_bottom":-34,"_horizontalCenter":210,"_originalWidth":88}],"_prefab":{"__type__":"cc.PrefabInfo","root":{"__id__":1},"asset":{"__uuid__":"2eOg1mOUxEVbfxP/UNdJ6w"},"fileId":"ccb2g7JPdIsqBYizFhasBC"},"_color":{"__type__":"cc.Color","r":79,"g":79,"b":79},"_contentSize":{"__type__":"cc.Size","width":88,"height":22},"_position":{"__type__":"cc.Vec3","x":10,"y":-41},"_scale":{"__type__":"cc.Vec3","x":1,"y":1,"z":1}},{"__type__":"cc.Node","_name":"QrCode","_parent":{"__id__":3},"_level":3,"_components":[{"__type__":"cc.Sprite","node":{"__id__":21},"_spriteFrame":{"__uuid__":"c16hMmDBhMTqO1cscw0urF"},"_type":1,"_sizeMode":0},{"__type__":"cc.Widget","node":{"__id__":21},"alignMode":2,"_alignFlags":44,"_left":0.55,"_right":0.08,"_bottom":0.05,"_isAbsLeft":false,"_isAbsRight":false,"_isAbsBottom":false,"_originalWidth":280}],"_prefab":{"__type__":"cc.PrefabInfo","root":{"__id__":1},"asset":{"__uuid__":"2eOg1mOUxEVbfxP/UNdJ6w"},"fileId":"d0PyVnn4xOwLtWtiBp/bQl"},"_contentSize":{"__type__":"cc.Size","width":277.49999999999994,"height":280},"_position":{"__type__":"cc.Vec3","x":176.25000000000003,"y":-460.29999999999995},"_scale":{"__type__":"cc.Vec3","x":1,"y":1,"z":1}},{"__type__":"cc.Node","_name":"leftintro","_parent":{"__id__":3},"_level":2,"_components":[{"__type__":"cc.Sprite","node":{"__id__":22},"_spriteFrame":{"__uuid__":"adxdA8BXRCioD4V9/2tFsL"},"_type":1,"_sizeMode":0},{"__type__":"cc.Widget","node":{"__id__":22},"_alignFlags":44,"_left":0.1,"_right":0.55,"_bottom":0.1,"_isAbsLeft":false,"_isAbsRight":false,"_isAbsBottom":false,"_originalWidth":273}],"_prefab":{"__type__":"cc.PrefabInfo","root":{"__id__":1},"asset":{"__uuid__":"2eOg1mOUxEVbfxP/UNdJ6w"},"fileId":"a2ZHTWf65E5bYFwXjdhyZt"},"_contentSize":{"__type__":"cc.Size","width":262.49999999999994,"height":151},"_position":{"__type__":"cc.Vec3","x":-168.75000000000003,"y":-458.1},"_scale":{"__type__":"cc.Vec3","x":1,"y":1,"z":1}},{"__type__":"cc.Node","_name":"Dialog","_parent":{"__id__":1},"_children":[{"__id__":24},{"__id__":26},{"__id__":28},{"__id__":30}],"_active":false,"_level":2,"_components":[{"__type__":"cc.Widget","node":{"__id__":23},"_alignFlags":45}],"_prefab":{"__type__":"cc.PrefabInfo","root":{"__id__":1},"asset":{"__uuid__":"2eOg1mOUxEVbfxP/UNdJ6w"},"fileId":"26j2qOWm1Dvb6p95vrCKB9"},"_contentSize":{"__type__":"cc.Size","width":750,"height":1334},"_scale":{"__type__":"cc.Vec3","x":1,"y":1,"z":1}},{"__type__":"cc.Node","_name":"FillPic","_parent":{"__id__":23},"_children":[{"__id__":25}],"_level":3,"_components":[{"__type__":"cc.Widget","node":{"__id__":24},"_alignFlags":45,"_left":0.1,"_right":0.1,"_top":0.1,"_bottom":0.1,"_isAbsLeft":false,"_isAbsRight":false,"_isAbsTop":false,"_isAbsBottom":false},{"__type__":"cc.Mask","node":{"__id__":24},"_spriteFrame":{"__uuid__":"d3txZIfuBK5qYPoa0OoD0z"},"_type":2}],"_prefab":{"__type__":"cc.PrefabInfo","root":{"__id__":1},"asset":{"__uuid__":"2eOg1mOUxEVbfxP/UNdJ6w"},"fileId":"73rIB+hJJOo66meQOtfDjv"},"_contentSize":{"__type__":"cc.Size","width":600,"height":1067.2},"_scale":{"__type__":"cc.Vec3","x":1,"y":1,"z":1}},{"__type__":"cc.Node","_name":"Content","_parent":{"__id__":24},"_level":3,"_components":[{"__type__":"cc.Sprite","node":{"__id__":25},"_type":1,"_sizeMode":0},{"__type__":"cc.Widget","node":{"__id__":25},"_alignFlags":45,"_isAbsLeft":false,"_isAbsRight":false,"_isAbsTop":false,"_isAbsBottom":false,"_originalWidth":582,"_originalHeight":1038}],"_prefab":{"__type__":"cc.PrefabInfo","root":{"__id__":1},"asset":{"__uuid__":"2eOg1mOUxEVbfxP/UNdJ6w"},"fileId":"54H0aqkN5Kqque5kee/1Us"},"_contentSize":{"__type__":"cc.Size","width":600,"height":1067.2},"_scale":{"__type__":"cc.Vec3","x":1,"y":1,"z":1}},{"__type__":"cc.Node","_name":"Share","_parent":{"__id__":23},"_children":[{"__id__":27}],"_level":3,"_components":[{"__type__":"cc.Sprite","node":{"__id__":26},"_spriteFrame":{"__uuid__":"18m0XXytNE/oW094A7xVl1"},"_type":1,"_sizeMode":0},{"__type__":"cc.Button","node":{"__id__":26},"pressedColor":{"__type__":"cc.Color","r":255,"g":255,"b":255},"_N$normalColor":{"__type__":"cc.Color","r":255,"g":255,"b":255},"_N$disabledColor":{"__type__":"cc.Color","r":255,"g":255,"b":255},"_N$pressedSprite":{"__uuid__":"e97GVMl6JHh5Ml5qEDdSGa"},"pressedSprite":{"__uuid__":"e97GVMl6JHh5Ml5qEDdSGa"},"_N$hoverSprite":{"__uuid__":"f0BIwQ8D5Ml7nTNQbh1YlS"},"hoverSprite":{"__uuid__":"f0BIwQ8D5Ml7nTNQbh1YlS"},"_N$disabledSprite":{"__uuid__":"29FYIk+N1GYaeWH/q1NxQO"},"_N$target":{"__id__":26}},{"__type__":"cc.Widget","node":{"__id__":26},"alignMode":2,"_alignFlags":41,"_left":0.1,"_right":0.52,"_top":0.91,"_bottom":20,"_isAbsLeft":false,"_isAbsRight":false,"_isAbsTop":false,"_originalWidth":550,"_originalHeight":100}],"_prefab":{"__type__":"cc.PrefabInfo","root":{"__id__":1},"asset":{"__uuid__":"2eOg1mOUxEVbfxP/UNdJ6w"},"fileId":"62rIuUL7BKQJSJsUp5/vzx"},"_contentSize":{"__type__":"cc.Size","width":285,"height":100},"_position":{"__type__":"cc.Vec3","x":-157.5,"y":-596.94},"_scale":{"__type__":"cc.Vec3","x":1,"y":1,"z":1}},{"__type__":"cc.Node","_name":"Savetext","_parent":{"__id__":26},"_components":[{"__type__":"cc.Label","node":{"__id__":27},"_srcBlendFactor":1,"_useOriginalSize":false,"_string":"分享给好友","_N$string":"分享给好友","_fontSize":36,"_enableWrapText":false,"_N$horizontalAlign":1,"_N$verticalAlign":1,"_N$overflow":1},{"__type__":"cc.Widget","node":{"__id__":27},"alignMode":2,"_alignFlags":45,"_originalWidth":440,"_originalHeight":40}],"_prefab":{"__type__":"cc.PrefabInfo","root":{"__id__":1},"asset":{"__uuid__":"2eOg1mOUxEVbfxP/UNdJ6w"},"fileId":"431pKKfD9Ngo4773Yo/TLR"},"_contentSize":{"__type__":"cc.Size","width":285,"height":100},"_scale":{"__type__":"cc.Vec3","x":1,"y":1,"z":1}},{"__type__":"cc.Node","_name":"Save","_parent":{"__id__":23},"_children":[{"__id__":29}],"_level":3,"_components":[{"__type__":"cc.Sprite","node":{"__id__":28},"_spriteFrame":{"__uuid__":"18m0XXytNE/oW094A7xVl1"},"_type":1,"_sizeMode":0},{"__type__":"cc.Button","node":{"__id__":28},"pressedColor":{"__type__":"cc.Color","r":255,"g":255,"b":255},"_N$normalColor":{"__type__":"cc.Color","r":255,"g":255,"b":255},"_N$disabledColor":{"__type__":"cc.Color","r":255,"g":255,"b":255},"_N$pressedSprite":{"__uuid__":"e97GVMl6JHh5Ml5qEDdSGa"},"pressedSprite":{"__uuid__":"e97GVMl6JHh5Ml5qEDdSGa"},"_N$hoverSprite":{"__uuid__":"f0BIwQ8D5Ml7nTNQbh1YlS"},"hoverSprite":{"__uuid__":"f0BIwQ8D5Ml7nTNQbh1YlS"},"_N$disabledSprite":{"__uuid__":"29FYIk+N1GYaeWH/q1NxQO"},"_N$target":{"__id__":28}},{"__type__":"cc.Widget","node":{"__id__":28},"alignMode":2,"_alignFlags":41,"_left":0.52,"_right":0.1,"_top":0.91,"_bottom":20,"_isAbsLeft":false,"_isAbsRight":false,"_isAbsTop":false,"_originalWidth":550,"_originalHeight":100}],"_prefab":{"__type__":"cc.PrefabInfo","root":{"__id__":1},"asset":{"__uuid__":"2eOg1mOUxEVbfxP/UNdJ6w"},"fileId":"edGxfXKUZJYqefBIcrd6Oi"},"_contentSize":{"__type__":"cc.Size","width":285,"height":100},"_position":{"__type__":"cc.Vec3","x":157.5,"y":-596.94},"_scale":{"__type__":"cc.Vec3","x":1,"y":1,"z":1}},{"__type__":"cc.Node","_name":"Savetext","_parent":{"__id__":28},"_components":[{"__type__":"cc.Label","node":{"__id__":29},"_srcBlendFactor":1,"_useOriginalSize":false,"_string":"保存并分享","_N$string":"保存并分享","_fontSize":36,"_enableWrapText":false,"_N$horizontalAlign":1,"_N$verticalAlign":1,"_N$overflow":1},{"__type__":"cc.Widget","node":{"__id__":29},"alignMode":2,"_alignFlags":45,"_originalWidth":440,"_originalHeight":40}],"_prefab":{"__type__":"cc.PrefabInfo","root":{"__id__":1},"asset":{"__uuid__":"2eOg1mOUxEVbfxP/UNdJ6w"},"fileId":"22ySF55wRB46f/P72B36fn"},"_contentSize":{"__type__":"cc.Size","width":285,"height":100},"_scale":{"__type__":"cc.Vec3","x":1,"y":1,"z":1}},{"__type__":"cc.Node","_name":"SaveShare","_parent":{"__id__":23},"_children":[{"__id__":31}],"_level":3,"_components":[{"__type__":"cc.Sprite","node":{"__id__":30},"_spriteFrame":{"__uuid__":"18m0XXytNE/oW094A7xVl1"},"_type":1,"_sizeMode":0},{"__type__":"cc.Button","node":{"__id__":30},"pressedColor":{"__type__":"cc.Color","r":255,"g":255,"b":255},"_N$normalColor":{"__type__":"cc.Color","r":255,"g":255,"b":255},"_N$disabledColor":{"__type__":"cc.Color","r":255,"g":255,"b":255},"_N$pressedSprite":{"__uuid__":"e97GVMl6JHh5Ml5qEDdSGa"},"pressedSprite":{"__uuid__":"e97GVMl6JHh5Ml5qEDdSGa"},"_N$hoverSprite":{"__uuid__":"f0BIwQ8D5Ml7nTNQbh1YlS"},"hoverSprite":{"__uuid__":"f0BIwQ8D5Ml7nTNQbh1YlS"},"_N$disabledSprite":{"__uuid__":"29FYIk+N1GYaeWH/q1NxQO"},"_N$target":{"__id__":30}},{"__type__":"cc.Widget","node":{"__id__":30},"alignMode":2,"_alignFlags":41,"_left":0.1,"_right":0.1,"_top":0.91,"_bottom":20,"_isAbsLeft":false,"_isAbsRight":false,"_isAbsTop":false,"_originalWidth":550,"_originalHeight":100}],"_prefab":{"__type__":"cc.PrefabInfo","root":{"__id__":1},"asset":{"__uuid__":"2eOg1mOUxEVbfxP/UNdJ6w"},"fileId":"d5ncNKfghEab2y0WHRBzja"},"_contentSize":{"__type__":"cc.Size","width":600,"height":100},"_position":{"__type__":"cc.Vec3","y":-596.94},"_scale":{"__type__":"cc.Vec3","x":1,"y":1,"z":1}},{"__type__":"cc.Node","_name":"Savetext","_parent":{"__id__":30},"_components":[{"__type__":"cc.Label","node":{"__id__":31},"_srcBlendFactor":1,"_useOriginalSize":false,"_string":"保存并分享","_N$string":"保存并分享","_fontSize":36,"_enableWrapText":false,"_N$horizontalAlign":1,"_N$verticalAlign":1,"_N$overflow":1},{"__type__":"cc.Widget","node":{"__id__":31},"alignMode":2,"_alignFlags":45,"_originalWidth":440,"_originalHeight":40}],"_prefab":{"__type__":"cc.PrefabInfo","root":{"__id__":1},"asset":{"__uuid__":"2eOg1mOUxEVbfxP/UNdJ6w"},"fileId":"d3Ep1yW4BIKYFhgB0zCHU5"},"_contentSize":{"__type__":"cc.Size","width":600,"height":100},"_scale":{"__type__":"cc.Vec3","x":1,"y":1,"z":1}}],{"__type__":"cc.SpriteFrame","content":{"name":"default_icon","texture":"8dqeGcpelK+IeVtCbWWss4","rect":[0,0,140,140],"offset":[0,0],"originalSize":[140,140],"capInsets":[0,0,0,0]}},{"__type__":"cc.SpriteFrame","content":{"name":"leftintro","texture":"3eARMsvXtPy4zsyhVz+Val","rect":[0,0,273,151],"offset":[0,0],"originalSize":[273,151],"capInsets":[0,0,0,0]}},{"__type__":"cc.SpriteFrame","content":{"name":"qrcode","texture":"3bSgc3uT5BFJaaPmOHRJCb","rect":[0,0,280,280],"offset":[0,0],"originalSize":[280,280],"capInsets":[0,0,0,0]}},{"__type__":"cc.SpriteFrame","content":{"name":"bigdialog_bg","texture":"4cRp/At+FOqo4W6/zoqANz","rect":[0,0,650,900],"offset":[0,0],"originalSize":[650,900],"capInsets":[0,0,0,0]}},{"__type__":"cc.SpriteFrame","content":{"name":"maskpic","texture":"23rhuA9/pBK4kmpcBhyll9","rect":[0,0,750,51],"offset":[0,0],"originalSize":[750,51],"capInsets":[0,0,0,0]}},{"__type__":"cc.SpriteFrame","content":{"name":"default_btn_pressed","texture":"b4P/PCArtIdIH38t6mlw8Y","rect":[0,0,40,40],"offset":[0,0],"originalSize":[40,40],"capInsets":[12,12,12,12]}},{"__type__":"cc.SpriteFrame","content":{"name":"default_btn_normal","texture":"e8Ueib+qJEhL6mXAHdnwbi","rect":[0,0,40,40],"offset":[0,0],"originalSize":[40,40],"capInsets":[12,12,12,12]}}]