[[{"__type__":"cc.Prefab","_name":"EmptyDataView","data":{"__id__":1}},{"__type__":"cc.Node","_name":"EmptyDataView","_children":[{"__id__":2},{"__id__":4}],"_level":1,"_components":[{"__type__":"cc.Widget","node":{"__id__":1},"alignMode":2,"_alignFlags":18,"_verticalCenter":-0.1,"_isAbsVerticalCenter":false},{"__type__":"cc.Layout","node":{"__id__":1},"_layoutSize":{"__type__":"cc.Size","width":400,"height":318},"_resize":1,"_N$layoutType":2,"_N$paddingTop":10,"_N$paddingBottom":10,"_N$spacingY":43},{"__type__":"09160IMuItHJJGDaCdP8i4M","node":{"__id__":1},"sprite":{"__id__":3},"label":{"__id__":5}}],"_prefab":{"__type__":"cc.PrefabInfo","root":{"__id__":1},"asset":{"__uuid__":"8afTPOvytCnZBVTRsqFax/"},"fileId":"5c5IM8cX1DY7g64XbazSaZ"},"_contentSize":{"__type__":"cc.Size","width":400,"height":318},"_position":{"__type__":"cc.Vec3","x":375,"y":533.6},"_scale":{"__type__":"cc.Vec3","x":1,"y":1,"z":1}},{"__type__":"cc.Node","_name":"Sprite","_parent":{"__id__":1},"_level":2,"_components":[{"__id__":3}],"_prefab":{"__type__":"cc.PrefabInfo","root":{"__id__":1},"asset":{"__uuid__":"8afTPOvytCnZBVTRsqFax/"},"fileId":"3dFu8GIx5HDrn/9ygyMXPT"},"_contentSize":{"__type__":"cc.Size","width":213,"height":213},"_position":{"__type__":"cc.Vec3","y":42.5},"_scale":{"__type__":"cc.Vec3","x":1,"y":1,"z":1}},{"__type__":"cc.Sprite","node":{"__id__":2},"_spriteFrame":{"__uuid__":"b7/gmksXRPnqVBw7fj9Bl+"},"_sizeMode":0},{"__type__":"cc.Node","_name":"Label","_parent":{"__id__":1},"_level":2,"_components":[{"__id__":5},{"__type__":"cc.Widget","node":{"__id__":4},"alignMode":2,"_alignFlags":40,"_originalWidth":97.87}],"_prefab":{"__type__":"cc.PrefabInfo","root":{"__id__":1},"asset":{"__uuid__":"8afTPOvytCnZBVTRsqFax/"},"fileId":"94XCYSzUlDVbVdxiBr3iFn"},"_color":{"__type__":"cc.Color","r":164,"g":164,"b":164},"_contentSize":{"__type__":"cc.Size","width":400,"height":42},"_position":{"__type__":"cc.Vec3","y":-128},"_scale":{"__type__":"cc.Vec3","x":1,"y":1,"z":1}},{"__type__":"cc.Label","node":{"__id__":4},"_srcBlendFactor":1,"_useOriginalSize":false,"_string":"暂无相关数据","_N$string":"暂无相关数据","_fontSize":36,"_lineHeight":42,"_N$horizontalAlign":1,"_N$verticalAlign":1,"_N$overflow":3}],{"__type__":"cc.SpriteFrame","content":{"name":"empty","texture":"a20bKfnwZMu6WEK2FKHG67","rect":[0,0,213,213],"offset":[0,0],"originalSize":[213,213],"capInsets":[0,0,0,0]}}]