[{"__type__":"cc.SpriteFrame","content":{"name":"maskolor","texture":"1bags8Kg5BCpWrU9yaA6Ng","rect":[0,0,2,2],"offset":[0,0],"originalSize":[2,2],"capInsets":[0,0,0,0]}},{"__type__":"cc.SpriteFrame","content":{"name":"right_bt","texture":"aagxjPbcFF1IeqojwcFZSr","rect":[0,0,260,100],"offset":[0,0],"originalSize":[260,100],"capInsets":[46,0,46,0]}},{"__type__":"cc.SpriteFrame","content":{"name":"left_bt","texture":"5bOCktOhZCZbiUkTzBu6Co","rect":[0,0,260,100],"offset":[0,0],"originalSize":[260,100],"capInsets":[48,0,48,0]}},{"__type__":"cc.SpriteFrame","content":{"name":"default_btn_disabled","texture":"71VhFCTINJM6/Ky3oX9nBT","rect":[0,0,40,40],"offset":[0,0],"originalSize":[40,40],"capInsets":[12,12,12,12]}},{"__type__":"cc.SpriteFrame","content":{"name":"editbg","texture":"848x101QhFp6H9c0I4mOrq","rect":[0,0,500,70],"offset":[0,0],"originalSize":[500,70],"capInsets":[0,0,0,0]}},[{"__type__":"cc.Prefab","_name":"ErrorDownloadDialog","data":{"__id__":1}},{"__type__":"cc.Node","_name":"ErrorDownloadDialog","_children":[{"__id__":2},{"__id__":3}],"_level":1,"_prefab":{"__type__":"cc.PrefabInfo","root":{"__id__":1},"asset":{"__uuid__":"74ID5fcw5LKa5Y/R92AwbG"},"fileId":"3a7tRyeENJzq97udZS2NFt"},"_contentSize":{"__type__":"cc.Size","width":750,"height":1334},"_scale":{"__type__":"cc.Vec3","x":1,"y":1,"z":1}},{"__type__":"cc.Node","_name":"Mask","_parent":{"__id__":1},"_level":3,"_components":[{"__type__":"cc.Sprite","node":{"__id__":2},"_spriteFrame":{"__uuid__":"0aoLNsxKlM4qs77+3nCObU"},"_sizeMode":0},{"__type__":"cc.Widget","node":{"__id__":2},"alignMode":2,"_alignFlags":45,"_originalWidth":4000,"_originalHeight":1334},{"__type__":"cc.Button","node":{"__id__":2},"_N$target":{"__id__":2}}],"_prefab":{"__type__":"cc.PrefabInfo","root":{"__id__":1},"asset":{"__uuid__":"74ID5fcw5LKa5Y/R92AwbG"},"fileId":"47wpXOjnZDf4ZlZnQLAWMM"},"_opacity":147,"_color":{"__type__":"cc.Color","r":3,"g":3,"b":3},"_contentSize":{"__type__":"cc.Size","width":750,"height":1334},"_scale":{"__type__":"cc.Vec3","x":1,"y":1,"z":1}},{"__type__":"cc.Node","_name":"Content","_parent":{"__id__":1},"_children":[{"__id__":4},{"__id__":5},{"__id__":6},{"__id__":10},{"__id__":11},{"__id__":13}],"_level":3,"_components":[{"__type__":"cc.Sprite","node":{"__id__":3},"_spriteFrame":{"__uuid__":"e8zrml1lxPZrLnNuVsoAkD"},"_sizeMode":0},{"__type__":"cc.Widget","node":{"__id__":3},"_alignFlags":40,"_left":0.07,"_right":0.07,"_isAbsLeft":false,"_isAbsRight":false,"_originalWidth":650},{"__type__":"cc.BlockInputEvents","node":{"__id__":3}}],"_prefab":{"__type__":"cc.PrefabInfo","root":{"__id__":1},"asset":{"__uuid__":"74ID5fcw5LKa5Y/R92AwbG"},"fileId":"92/XR3yKRLuZ0Oa+6IEHlL"},"_contentSize":{"__type__":"cc.Size","width":645,"height":450},"_scale":{"__type__":"cc.Vec3","x":1,"y":1,"z":1}},{"__type__":"cc.Node","_name":"DialogTitle","_parent":{"__id__":3},"_level":4,"_components":[{"__type__":"cc.Label","node":{"__id__":4},"_srcBlendFactor":1,"_useOriginalSize":false,"_string":"错词下载","_N$string":"错词下载","_fontSize":36,"_lineHeight":36,"_N$horizontalAlign":1,"_N$verticalAlign":1}],"_prefab":{"__type__":"cc.PrefabInfo","root":{"__id__":1},"asset":{"__uuid__":"74ID5fcw5LKa5Y/R92AwbG"},"fileId":"a9d/Hxoy1Mtq3J9bFY+KbZ"},"_color":{"__type__":"cc.Color"},"_contentSize":{"__type__":"cc.Size","width":144,"height":36},"_position":{"__type__":"cc.Vec3","y":168},"_scale":{"__type__":"cc.Vec3","x":1,"y":1,"z":1}},{"__type__":"cc.Node","_name":"DialogContent","_parent":{"__id__":3},"_level":4,"_components":[{"__type__":"cc.Label","node":{"__id__":5},"_srcBlendFactor":1,"_useOriginalSize":false,"_string":"请输入邮箱，用来接收错词下载文件，于1-2分钟后在邮箱里查看。","_N$string":"请输入邮箱，用来接收错词下载文件，于1-2分钟后在邮箱里查看。","_fontSize":30,"_lineHeight":36,"_N$overflow":2},{"__type__":"cc.Widget","node":{"__id__":5},"_alignFlags":41,"_left":0.1,"_right":0.1,"_top":0.27,"_isAbsLeft":false,"_isAbsRight":false,"_isAbsTop":false,"_originalWidth":270}],"_prefab":{"__type__":"cc.PrefabInfo","root":{"__id__":1},"asset":{"__uuid__":"74ID5fcw5LKa5Y/R92AwbG"},"fileId":"9eJKOK1PNAa4kSsqLD+RUt"},"_color":{"__type__":"cc.Color","r":74,"g":74,"b":74},"_contentSize":{"__type__":"cc.Size","width":516,"height":72},"_position":{"__type__":"cc.Vec3","y":67.49999999999999},"_scale":{"__type__":"cc.Vec3","x":1,"y":1,"z":1}},{"__type__":"cc.Node","_name":"EmailEditBox","_parent":{"__id__":3},"_children":[{"__id__":7},{"__id__":8},{"__id__":9}],"_level":4,"_components":[{"__type__":"cc.EditBox","node":{"__id__":6},"_useOriginalSize":false,"_N$backgroundImage":{"__uuid__":"5bTOfQHJFOR6TufwiuuGuT"},"_N$inputMode":6,"_N$fontSize":30,"_N$fontColor":{"__type__":"cc.Color","r":74,"g":74,"b":74},"_N$placeholder":"","_N$placeholderFontColor":{"__type__":"cc.Color","r":187,"g":187,"b":187},"_N$maxLength":40},{"__type__":"cc.Widget","node":{"__id__":6},"_alignFlags":40,"_left":0.1,"_right":0.1,"_isAbsLeft":false,"_isAbsRight":false,"_originalWidth":160}],"_prefab":{"__type__":"cc.PrefabInfo","root":{"__id__":1},"asset":{"__uuid__":"74ID5fcw5LKa5Y/R92AwbG"},"fileId":"11tKGg7WlBNYUFaRn8w0DL"},"_color":{"__type__":"cc.Color","r":74,"g":74,"b":74},"_contentSize":{"__type__":"cc.Size","width":516,"height":70},"_position":{"__type__":"cc.Vec3","y":-13},"_scale":{"__type__":"cc.Vec3","x":1,"y":1,"z":1}},{"__type__":"cc.Node","_name":"BACKGROUND_SPRITE","_parent":{"__id__":6},"_level":2,"_components":[{"__type__":"cc.Sprite","node":{"__id__":7},"_spriteFrame":{"__uuid__":"5bTOfQHJFOR6TufwiuuGuT"},"_type":1,"_sizeMode":0}],"_prefab":{"__type__":"cc.PrefabInfo","root":{"__id__":1},"asset":{"__uuid__":"74ID5fcw5LKa5Y/R92AwbG"},"fileId":"58STbkWpFOz7sCpdTpxNQG"},"_contentSize":{"__type__":"cc.Size","width":516,"height":70},"_scale":{"__type__":"cc.Vec3","x":1,"y":1,"z":1}},{"__type__":"cc.Node","_name":"TEXT_LABEL","_parent":{"__id__":6},"_active":false,"_level":2,"_components":[{"__type__":"cc.Label","node":{"__id__":8},"_srcBlendFactor":1,"_fontSize":30,"_enableWrapText":false,"_N$verticalAlign":1,"_N$overflow":1}],"_prefab":{"__type__":"cc.PrefabInfo","root":{"__id__":1},"asset":{"__uuid__":"74ID5fcw5LKa5Y/R92AwbG"},"fileId":"0aNTzxsmVBoKyEbK0dwJyV"},"_color":{"__type__":"cc.Color","r":74,"g":74,"b":74},"_contentSize":{"__type__":"cc.Size","width":514,"height":70},"_anchorPoint":{"__type__":"cc.Vec2","y":1},"_position":{"__type__":"cc.Vec3","x":-256,"y":35},"_scale":{"__type__":"cc.Vec3","x":1,"y":1,"z":1}},{"__type__":"cc.Node","_name":"PLACEHOLDER_LABEL","_parent":{"__id__":6},"_level":2,"_components":[{"__type__":"cc.Label","node":{"__id__":9},"_srcBlendFactor":1,"_fontSize":20,"_lineHeight":70,"_enableWrapText":false,"_N$verticalAlign":1,"_N$overflow":1}],"_prefab":{"__type__":"cc.PrefabInfo","root":{"__id__":1},"asset":{"__uuid__":"74ID5fcw5LKa5Y/R92AwbG"},"fileId":"25ZXyTrR5Kor2JJbff8ZXT"},"_color":{"__type__":"cc.Color","r":187,"g":187,"b":187},"_contentSize":{"__type__":"cc.Size","width":514,"height":70},"_anchorPoint":{"__type__":"cc.Vec2","y":1},"_position":{"__type__":"cc.Vec3","x":-256,"y":35},"_scale":{"__type__":"cc.Vec3","x":1,"y":1,"z":1}},{"__type__":"cc.Node","_name":"TipText","_parent":{"__id__":3},"_active":false,"_level":4,"_components":[{"__type__":"cc.Label","node":{"__id__":10},"_srcBlendFactor":1,"_useOriginalSize":false,"_string":"邮箱格式错误，请重新输入","_N$string":"邮箱格式错误，请重新输入","_fontSize":22,"_lineHeight":30,"_N$horizontalAlign":1,"_N$verticalAlign":1},{"__type__":"cc.Widget","node":{"__id__":10},"_alignFlags":8,"_left":0.1,"_isAbsLeft":false}],"_prefab":{"__type__":"cc.PrefabInfo","root":{"__id__":1},"asset":{"__uuid__":"74ID5fcw5LKa5Y/R92AwbG"},"fileId":"68IPuf+LFNyqxIN5On9cKR"},"_color":{"__type__":"cc.Color","r":253,"g":109,"b":39},"_contentSize":{"__type__":"cc.Size","width":264,"height":30},"_position":{"__type__":"cc.Vec3","x":-126,"y":-69},"_scale":{"__type__":"cc.Vec3","x":1,"y":1,"z":1}},{"__type__":"cc.Node","_name":"Close","_parent":{"__id__":3},"_children":[{"__id__":12}],"_level":4,"_components":[{"__type__":"cc.Sprite","node":{"__id__":11},"_spriteFrame":{"__uuid__":"271oS4DjFNfJYThoi0I5Bj"},"_type":1,"_sizeMode":0,"_isTrimmedMode":false},{"__type__":"cc.Button","node":{"__id__":11},"pressedColor":{"__type__":"cc.Color","r":255,"g":255,"b":255},"_N$normalColor":{"__type__":"cc.Color","r":255,"g":255,"b":255},"_N$disabledColor":{"__type__":"cc.Color","r":255,"g":255,"b":255},"_N$pressedSprite":{"__uuid__":"e97GVMl6JHh5Ml5qEDdSGa"},"pressedSprite":{"__uuid__":"e97GVMl6JHh5Ml5qEDdSGa"},"_N$hoverSprite":{"__uuid__":"f0BIwQ8D5Ml7nTNQbh1YlS"},"hoverSprite":{"__uuid__":"f0BIwQ8D5Ml7nTNQbh1YlS"},"_N$disabledSprite":{"__uuid__":"29FYIk+N1GYaeWH/q1NxQO"},"_N$target":{"__id__":11}},{"__type__":"cc.Widget","node":{"__id__":11},"_alignFlags":40,"_left":0.07984496124031008,"_right":0.5201550387596899,"_isAbsLeft":false,"_isAbsRight":false,"_originalWidth":260}],"_prefab":{"__type__":"cc.PrefabInfo","root":{"__id__":1},"asset":{"__uuid__":"74ID5fcw5LKa5Y/R92AwbG"},"fileId":"f6O5XwdqVIy7TcohXRbmlW"},"_contentSize":{"__type__":"cc.Size","width":258,"height":100},"_position":{"__type__":"cc.Vec3","x":-142,"y":-143},"_scale":{"__type__":"cc.Vec3","x":1,"y":1,"z":1}},{"__type__":"cc.Node","_name":"LeftLabel","_parent":{"__id__":11},"_components":[{"__type__":"cc.Label","node":{"__id__":12},"_srcBlendFactor":1,"_useOriginalSize":false,"_string":"取消","_N$string":"取消","_fontSize":36,"_lineHeight":36,"_enableWrapText":false,"_N$horizontalAlign":1,"_N$verticalAlign":1,"_N$overflow":1},{"__type__":"cc.Widget","node":{"__id__":12},"_alignFlags":45,"_top":4,"_bottom":-4,"_originalWidth":182,"_originalHeight":40}],"_prefab":{"__type__":"cc.PrefabInfo","root":{"__id__":1},"asset":{"__uuid__":"74ID5fcw5LKa5Y/R92AwbG"},"fileId":"e6WAhHcSNFpYJPXMOdGUhj"},"_color":{"__type__":"cc.Color","r":164,"g":164,"b":164},"_contentSize":{"__type__":"cc.Size","width":258,"height":100},"_position":{"__type__":"cc.Vec3","y":-4},"_scale":{"__type__":"cc.Vec3","x":1,"y":1,"z":1}},{"__type__":"cc.Node","_name":"Sure","_parent":{"__id__":3},"_children":[{"__id__":14}],"_level":4,"_components":[{"__type__":"cc.Sprite","node":{"__id__":13},"_spriteFrame":{"__uuid__":"2219odlH5L8rbmd6faIVgM"},"_type":1,"_sizeMode":0,"_isTrimmedMode":false},{"__type__":"cc.Button","node":{"__id__":13},"pressedColor":{"__type__":"cc.Color","r":255,"g":255,"b":255},"_N$normalColor":{"__type__":"cc.Color","r":255,"g":255,"b":255},"_N$disabledColor":{"__type__":"cc.Color","r":255,"g":255,"b":255},"_N$pressedSprite":{"__uuid__":"e97GVMl6JHh5Ml5qEDdSGa"},"pressedSprite":{"__uuid__":"e97GVMl6JHh5Ml5qEDdSGa"},"_N$hoverSprite":{"__uuid__":"f0BIwQ8D5Ml7nTNQbh1YlS"},"hoverSprite":{"__uuid__":"f0BIwQ8D5Ml7nTNQbh1YlS"},"_N$disabledSprite":{"__uuid__":"29FYIk+N1GYaeWH/q1NxQO"},"_N$target":{"__id__":13}},{"__type__":"cc.Widget","node":{"__id__":13},"_alignFlags":40,"_left":0.5201550387596899,"_right":0.07984496124031008,"_isAbsLeft":false,"_isAbsRight":false,"_originalWidth":260}],"_prefab":{"__type__":"cc.PrefabInfo","root":{"__id__":1},"asset":{"__uuid__":"74ID5fcw5LKa5Y/R92AwbG"},"fileId":"abKi2gHFpD+4rHUIZvtmqH"},"_contentSize":{"__type__":"cc.Size","width":258,"height":100},"_position":{"__type__":"cc.Vec3","x":142,"y":-143},"_scale":{"__type__":"cc.Vec3","x":1,"y":1,"z":1}},{"__type__":"cc.Node","_name":"ButtonLabel","_parent":{"__id__":13},"_components":[{"__type__":"cc.Label","node":{"__id__":14},"_srcBlendFactor":1,"_useOriginalSize":false,"_string":"确定","_N$string":"确定","_fontSize":36,"_lineHeight":36,"_enableWrapText":false,"_N$horizontalAlign":1,"_N$verticalAlign":1,"_N$overflow":1},{"__type__":"cc.Widget","node":{"__id__":14},"_alignFlags":45,"_originalWidth":172,"_originalHeight":40}],"_prefab":{"__type__":"cc.PrefabInfo","root":{"__id__":1},"asset":{"__uuid__":"74ID5fcw5LKa5Y/R92AwbG"},"fileId":"93Hj3OvkZN5JyfX5xpEUx8"},"_contentSize":{"__type__":"cc.Size","width":258,"height":100},"_scale":{"__type__":"cc.Vec3","x":1,"y":1,"z":1}}],{"__type__":"cc.SpriteFrame","content":{"name":"smalldialog_bg","texture":"29gGBPxfRBApp8rE4CyJgf","rect":[0,0,650,450],"offset":[0,0],"originalSize":[650,450],"capInsets":[25,29,31,25]}},{"__type__":"cc.SpriteFrame","content":{"name":"default_btn_pressed","texture":"b4P/PCArtIdIH38t6mlw8Y","rect":[0,0,40,40],"offset":[0,0],"originalSize":[40,40],"capInsets":[12,12,12,12]}},{"__type__":"cc.SpriteFrame","content":{"name":"default_btn_normal","texture":"e8Ueib+qJEhL6mXAHdnwbi","rect":[0,0,40,40],"offset":[0,0],"originalSize":[40,40],"capInsets":[12,12,12,12]}}]