[{"__type__":"cc.SpriteFrame","content":{"name":"white_bg","texture":"11+MH+mEdPXZmm6UnzsvES","rect":[0,0,490,286],"offset":[0,0],"originalSize":[490,286],"capInsets":[0,0,0,0]}},{"__type__":"cc.SpriteFrame","content":{"name":"default_btn_disabled","texture":"71VhFCTINJM6/Ky3oX9nBT","rect":[0,0,40,40],"offset":[0,0],"originalSize":[40,40],"capInsets":[12,12,12,12]}},{"__type__":"cc.SpriteFrame","content":{"name":"shop_info_disable","texture":"97iydGxxhD868eS7oiIKQz","rect":[0,0,28,32],"offset":[0,0],"originalSize":[28,32],"capInsets":[0,0,0,0]}},[{"__type__":"cc.Prefab","_name":"ShopListItem","data":{"__id__":1}},{"__type__":"cc.Node","_name":"ShopListItem","_children":[{"__id__":2}],"_level":1,"_components":[{"__type__":"cc.Widget","node":{"__id__":1},"alignMode":2,"_alignFlags":42},{"__type__":"0d58dmwmalDQr74BNwF6AZD","node":{"__id__":1},"imageSprite":{"__id__":5},"couponLabel":{"__id__":8},"limitLabel":{"__id__":10},"titleLabel":{"__id__":12},"timeLabel":{"__id__":14},"numberLabel":{"__id__":16},"moneyLabel":{"__id__":19}},{"__type__":"cc.Button","node":{"__id__":1},"clickEvents":[{"__type__":"cc.ClickEvent","target":{"__id__":1},"component":"ShopListItem","handler":"ItemClick","customEventData":"true"}],"_N$target":{"__id__":1}}],"_prefab":{"__type__":"cc.PrefabInfo","root":{"__id__":1},"asset":{"__uuid__":"7dcXr5nO1NnoU4isQ+Hk7E"},"fileId":"946STnee9H9YRuZADPXVm7"},"_contentSize":{"__type__":"cc.Size","width":750,"height":230},"_position":{"__type__":"cc.Vec3","x":375,"y":667},"_scale":{"__type__":"cc.Vec3","x":1,"y":1,"z":1}},{"__type__":"cc.Node","_name":"Bg","_parent":{"__id__":1},"_children":[{"__id__":3},{"__id__":11},{"__id__":13},{"__id__":15},{"__id__":17},{"__id__":20}],"_level":3,"_components":[{"__type__":"cc.Sprite","node":{"__id__":2},"_spriteFrame":{"__uuid__":"baqZHU02JHXrggknZ+IBsS"},"_type":1,"_sizeMode":0},{"__type__":"cc.Widget","node":{"__id__":2},"alignMode":2,"_alignFlags":45,"_left":22,"_right":20,"_originalWidth":40,"_originalHeight":225}],"_prefab":{"__type__":"cc.PrefabInfo","root":{"__id__":1},"asset":{"__uuid__":"7dcXr5nO1NnoU4isQ+Hk7E"},"fileId":"c00nbmE3pNu4gFslDUKgr5"},"_contentSize":{"__type__":"cc.Size","width":708,"height":230},"_position":{"__type__":"cc.Vec3","x":1},"_scale":{"__type__":"cc.Vec3","x":1,"y":1,"z":1}},{"__type__":"cc.Node","_name":"Image","_parent":{"__id__":2},"_children":[{"__id__":4},{"__id__":6},{"__id__":9}],"_level":3,"_components":[{"__type__":"cc.Widget","node":{"__id__":3},"_alignFlags":13,"_left":8,"_top":7,"_bottom":13,"_originalHeight":171},{"__type__":"cc.Mask","node":{"__id__":3},"_spriteFrame":{"__uuid__":"82lT/nVsRD/baZLrFMzwNK"},"_type":2}],"_prefab":{"__type__":"cc.PrefabInfo","root":{"__id__":1},"asset":{"__uuid__":"7dcXr5nO1NnoU4isQ+Hk7E"},"fileId":"97scfjJ7pFkqW05anWgvQT"},"_contentSize":{"__type__":"cc.Size","width":240,"height":210},"_position":{"__type__":"cc.Vec3","x":-226,"y":3},"_scale":{"__type__":"cc.Vec3","x":1,"y":1,"z":1}},{"__type__":"cc.Node","_name":"Sprite","_parent":{"__id__":3},"_level":4,"_components":[{"__id__":5},{"__type__":"cc.Widget","node":{"__id__":4},"alignMode":2,"_alignFlags":45,"_originalWidth":40,"_originalHeight":36}],"_prefab":{"__type__":"cc.PrefabInfo","root":{"__id__":1},"asset":{"__uuid__":"7dcXr5nO1NnoU4isQ+Hk7E"},"fileId":"d1wQ/pqfJNfYy4pGiudaU/"},"_contentSize":{"__type__":"cc.Size","width":240,"height":210},"_scale":{"__type__":"cc.Vec3","x":1,"y":1,"z":1}},{"__type__":"cc.Sprite","node":{"__id__":4},"_spriteFrame":{"__uuid__":"94urqFZ0dF/5amzpXOyYWz"},"_sizeMode":0},{"__type__":"cc.Node","_name":"MoneyLabel","_parent":{"__id__":3},"_children":[{"__id__":7}],"_level":4,"_components":[{"__id__":8},{"__type__":"cc.Widget","node":{"__id__":6},"alignMode":2,"_alignFlags":2,"_left":84.58,"_right":84.58,"_verticalCenter":14,"_originalWidth":57.84}],"_prefab":{"__type__":"cc.PrefabInfo","root":{"__id__":1},"asset":{"__uuid__":"7dcXr5nO1NnoU4isQ+Hk7E"},"fileId":"2bkD464KJEEpbbs9mMLHod"},"_contentSize":{"__type__":"cc.Size","width":57.84,"height":104},"_position":{"__type__":"cc.Vec3","y":14},"_scale":{"__type__":"cc.Vec3","x":1,"y":1,"z":1}},{"__type__":"cc.Node","_name":"Label","_parent":{"__id__":6},"_level":5,"_components":[{"__type__":"cc.Label","node":{"__id__":7},"_srcBlendFactor":1,"_useOriginalSize":false,"_string":"￥","_N$string":"￥","_fontSize":46,"_lineHeight":46,"_N$horizontalAlign":1,"_N$verticalAlign":1},{"__type__":"cc.Widget","node":{"__id__":7},"alignMode":2,"_alignFlags":12,"_left":-40,"_bottom":10}],"_prefab":{"__type__":"cc.PrefabInfo","root":{"__id__":1},"asset":{"__uuid__":"7dcXr5nO1NnoU4isQ+Hk7E"},"fileId":"d25WDXXUhHv5ImA8wg0hfZ"},"_contentSize":{"__type__":"cc.Size","width":46,"height":46},"_position":{"__type__":"cc.Vec3","x":-45.92,"y":-19},"_scale":{"__type__":"cc.Vec3","x":1,"y":1,"z":1}},{"__type__":"cc.Label","node":{"__id__":6},"_srcBlendFactor":1,"_useOriginalSize":false,"_string":"0","_N$string":"0","_fontSize":104,"_lineHeight":104,"_N$horizontalAlign":1,"_N$verticalAlign":1},{"__type__":"cc.Node","_name":"LimitLabel","_parent":{"__id__":3},"_level":4,"_components":[{"__id__":10},{"__type__":"cc.Widget","node":{"__id__":9},"alignMode":2,"_alignFlags":44,"_left":25,"_right":25,"_bottom":25,"_originalWidth":132}],"_prefab":{"__type__":"cc.PrefabInfo","root":{"__id__":1},"asset":{"__uuid__":"7dcXr5nO1NnoU4isQ+Hk7E"},"fileId":"5ejtLmzhpMI7NxjlsCNICP"},"_contentSize":{"__type__":"cc.Size","width":190,"height":24},"_position":{"__type__":"cc.Vec3","y":-68},"_scale":{"__type__":"cc.Vec3","x":1,"y":1,"z":1}},{"__type__":"cc.Label","node":{"__id__":9},"_srcBlendFactor":1,"_useOriginalSize":false,"_string":"订单满减使用","_N$string":"订单满减使用","_fontSize":22,"_lineHeight":24,"_enableWrapText":false,"_N$horizontalAlign":1,"_N$verticalAlign":1,"_N$overflow":2},{"__type__":"cc.Node","_name":"TitleLabel","_parent":{"__id__":2},"_level":3,"_components":[{"__id__":12},{"__type__":"cc.Widget","node":{"__id__":11},"alignMode":2,"_alignFlags":41,"_left":270,"_right":40,"_top":30,"_originalWidth":58}],"_prefab":{"__type__":"cc.PrefabInfo","root":{"__id__":1},"asset":{"__uuid__":"7dcXr5nO1NnoU4isQ+Hk7E"},"fileId":"59jp4XXs1OnJolHWarnPae"},"_color":{"__type__":"cc.Color"},"_contentSize":{"__type__":"cc.Size","width":398,"height":29},"_position":{"__type__":"cc.Vec3","x":115,"y":70.5},"_scale":{"__type__":"cc.Vec3","x":1,"y":1,"z":1}},{"__type__":"cc.Label","node":{"__id__":11},"_srcBlendFactor":1,"_useOriginalSize":false,"_string":"标题","_N$string":"标题","_fontSize":30,"_lineHeight":32,"_enableWrapText":false,"_N$verticalAlign":1,"_N$overflow":2},{"__type__":"cc.Node","_name":"TimeLabel","_parent":{"__id__":2},"_level":3,"_components":[{"__id__":14},{"__type__":"cc.Widget","node":{"__id__":13},"alignMode":2,"_alignFlags":41,"_left":270,"_right":28,"_top":76,"_originalWidth":177.61}],"_prefab":{"__type__":"cc.PrefabInfo","root":{"__id__":1},"asset":{"__uuid__":"7dcXr5nO1NnoU4isQ+Hk7E"},"fileId":"71H19aHU1NbYZegaGua2es"},"_color":{"__type__":"cc.Color"},"_contentSize":{"__type__":"cc.Size","width":410,"height":23},"_position":{"__type__":"cc.Vec3","x":121,"y":27.5},"_scale":{"__type__":"cc.Vec3","x":1,"y":1,"z":1}},{"__type__":"cc.Label","node":{"__id__":13},"_srcBlendFactor":1,"_useOriginalSize":false,"_string":"xxxx.xx.xx - xx.xx","_N$string":"xxxx.xx.xx - xx.xx","_fontSize":24,"_lineHeight":25,"_enableWrapText":false,"_N$verticalAlign":1,"_N$overflow":2},{"__type__":"cc.Node","_name":"NumberLabel","_parent":{"__id__":2},"_level":3,"_components":[{"__id__":16},{"__type__":"cc.Widget","node":{"__id__":15},"alignMode":2,"_alignFlags":44,"_left":270,"_right":150,"_top":77,"_bottom":30,"_originalWidth":126,"_originalHeight":21}],"_prefab":{"__type__":"cc.PrefabInfo","root":{"__id__":1},"asset":{"__uuid__":"7dcXr5nO1NnoU4isQ+Hk7E"},"fileId":"d9uSQjhbFL66QzksK7npIW"},"_color":{"__type__":"cc.Color","r":201,"g":201,"b":201},"_contentSize":{"__type__":"cc.Size","width":288,"height":21},"_position":{"__type__":"cc.Vec3","x":60,"y":-74.5},"_scale":{"__type__":"cc.Vec3","x":1,"y":1,"z":1}},{"__type__":"cc.Label","node":{"__id__":15},"_srcBlendFactor":1,"_useOriginalSize":false,"_string":"已有0人兑换","_N$string":"已有0人兑换","_fontSize":21,"_lineHeight":21,"_enableWrapText":false,"_N$verticalAlign":1,"_N$overflow":2},{"__type__":"cc.Node","_name":"MoneyLabel","_parent":{"__id__":2},"_children":[{"__id__":18}],"_level":3,"_components":[{"__id__":19},{"__type__":"cc.Widget","node":{"__id__":17},"alignMode":2,"_alignFlags":36,"_left":303.52,"_right":75,"_top":77,"_bottom":84,"_originalHeight":21}],"_prefab":{"__type__":"cc.PrefabInfo","root":{"__id__":1},"asset":{"__uuid__":"7dcXr5nO1NnoU4isQ+Hk7E"},"fileId":"688CPDxIZLVau1AW6tyyBJ"},"_color":{"__type__":"cc.Color","r":246,"g":174,"b":9},"_contentSize":{"__type__":"cc.Size","width":17.24,"height":31},"_position":{"__type__":"cc.Vec3","x":270.38,"y":-15.5},"_scale":{"__type__":"cc.Vec3","x":1,"y":1,"z":1}},{"__type__":"cc.Node","_name":"Icon","_parent":{"__id__":17},"_level":4,"_components":[{"__type__":"cc.Sprite","node":{"__id__":18},"_spriteFrame":{"__uuid__":"8ezS0rzZ1BmbyPZn11+Q7S"},"_sizeMode":0},{"__type__":"cc.Widget","node":{"__id__":18},"alignMode":2,"_alignFlags":34,"_left":-30.99999999999997,"_right":-32}],"_prefab":{"__type__":"cc.PrefabInfo","root":{"__id__":1},"asset":{"__uuid__":"7dcXr5nO1NnoU4isQ+Hk7E"},"fileId":"8a8PhdTZFM6Z17wVKsFY+x"},"_contentSize":{"__type__":"cc.Size","width":28,"height":28},"_position":{"__type__":"cc.Vec3","x":26.619999999999997},"_scale":{"__type__":"cc.Vec3","x":1,"y":1,"z":1}},{"__type__":"cc.Label","node":{"__id__":17},"_srcBlendFactor":1,"_useOriginalSize":false,"_string":"0","_N$string":"0","_fontSize":31,"_lineHeight":31,"_N$horizontalAlign":1,"_N$verticalAlign":1},{"__type__":"cc.Node","_name":"DetailBtn","_parent":{"__id__":2},"_children":[{"__id__":21}],"_level":4,"_components":[{"__type__":"cc.Sprite","node":{"__id__":20},"_spriteFrame":{"__uuid__":"88pgjlGeNDaaSDqfJlKkss"},"_type":1,"_sizeMode":0},{"__type__":"cc.Button","node":{"__id__":20},"_enabled":false,"pressedColor":{"__type__":"cc.Color","r":255,"g":255,"b":255},"_N$normalColor":{"__type__":"cc.Color","r":255,"g":255,"b":255},"_N$disabledColor":{"__type__":"cc.Color","r":255,"g":255,"b":255},"_N$normalSprite":{"__uuid__":"f0BIwQ8D5Ml7nTNQbh1YlS"},"_N$pressedSprite":{"__uuid__":"e97GVMl6JHh5Ml5qEDdSGa"},"pressedSprite":{"__uuid__":"e97GVMl6JHh5Ml5qEDdSGa"},"_N$hoverSprite":{"__uuid__":"f0BIwQ8D5Ml7nTNQbh1YlS"},"hoverSprite":{"__uuid__":"f0BIwQ8D5Ml7nTNQbh1YlS"},"_N$disabledSprite":{"__uuid__":"29FYIk+N1GYaeWH/q1NxQO"},"_N$target":{"__id__":20}},{"__type__":"cc.Widget","node":{"__id__":20},"alignMode":2,"_alignFlags":36,"_right":40,"_bottom":27}],"_prefab":{"__type__":"cc.PrefabInfo","root":{"__id__":1},"asset":{"__uuid__":"7dcXr5nO1NnoU4isQ+Hk7E"},"fileId":"3f1hrGjqdORLrHf57Jg7Yf"},"_contentSize":{"__type__":"cc.Size","width":100,"height":40},"_position":{"__type__":"cc.Vec3","x":264,"y":-68},"_scale":{"__type__":"cc.Vec3","x":1,"y":1,"z":1}},{"__type__":"cc.Node","_name":"Label","_parent":{"__id__":20},"_components":[{"__type__":"cc.Label","node":{"__id__":21},"_srcBlendFactor":1,"_useOriginalSize":false,"_string":"查看详情","_N$string":"查看详情","_fontSize":22,"_enableWrapText":false,"_N$horizontalAlign":1,"_N$verticalAlign":1,"_N$overflow":2},{"__type__":"cc.Widget","node":{"__id__":21},"alignMode":2,"_alignFlags":45,"_originalWidth":100,"_originalHeight":40}],"_prefab":{"__type__":"cc.PrefabInfo","root":{"__id__":1},"asset":{"__uuid__":"7dcXr5nO1NnoU4isQ+Hk7E"},"fileId":"e3apxlNa5HlaH8866IA3sH"},"_color":{"__type__":"cc.Color","r":254,"g":183,"b":3},"_contentSize":{"__type__":"cc.Size","width":100,"height":40},"_scale":{"__type__":"cc.Vec3","x":1,"y":1,"z":1}}],{"__type__":"cc.SpriteFrame","content":{"name":"shop_list_virtual","texture":"b2xjb/edtASp/G3NWSEnuO","rect":[0,0,244,206],"offset":[0,0],"originalSize":[244,206],"capInsets":[0,0,0,0]}},{"__type__":"cc.SpriteFrame","content":{"name":"back","texture":"0crVq4CiFGKJ6Q4VG57SZ9","rect":[0,0,20,34],"offset":[0,0],"originalSize":[20,34],"capInsets":[0,0,0,0]}},{"__type__":"cc.SpriteFrame","content":{"name":"shop_ver_line","texture":"83cTtgdIxOT6xwfsBRMQ30","rect":[0,0,2,40],"offset":[0,0],"originalSize":[2,40],"capInsets":[0,0,0,0]}},{"__type__":"cc.SpriteFrame","content":{"name":"shop_list_detail","texture":"1eWeSU939HsIVTeZFkYjmB","rect":[0,0,110,38],"offset":[0,0],"originalSize":[110,38],"capInsets":[10,10,10,10]}},{"__type__":"cc.SpriteFrame","content":{"name":"money","texture":"5bqAvkm1pE3IC/+SDfQwsg","rect":[0,0,40,41],"offset":[0,0],"originalSize":[40,41],"capInsets":[0,0,0,0]}},{"__type__":"cc.SpriteFrame","content":{"name":"shop_list_dummy","texture":"e5h3DSIXFN/54iFgpZq5QO","rect":[0,0,245,206],"offset":[0,0],"originalSize":[245,206],"capInsets":[0,0,0,0]}},{"__type__":"cc.SpriteFrame","content":{"name":"default_panel","texture":"d8HsitJHxOYqo801xBk8ev","rect":[0,0,20,20],"offset":[0,0],"originalSize":[20,20],"capInsets":[6,6,6,6]}},{"__type__":"cc.SpriteFrame","content":{"name":"shop_list_bg","texture":"85T8UgISxIyKdSJFqYIZIo","rect":[0,0,710,225],"offset":[0,0],"originalSize":[710,225],"capInsets":[30,30,30,40]}},[{"__type__":"cc.SceneAsset","_name":"Shop","scene":{"__id__":1},"asyncLoadAssets":null},{"__type__":"cc.Scene","_name":"New Node","_children":[{"__id__":2}],"_anchorPoint":{"__type__":"cc.Vec2"},"_scale":{"__type__":"cc.Vec3","x":0.4137931034482759,"y":0.4137931034482759,"z":1},"autoReleaseAssets":false},{"__type__":"cc.Node","_name":"Canvas","_parent":{"__id__":1},"_children":[{"__id__":3},{"__id__":4},{"__id__":8},{"__id__":12}],"_level":1,"_components":[{"__type__":"cc.Canvas","node":{"__id__":2},"_designResolution":{"__type__":"cc.Size","width":750,"height":1334}},{"__type__":"123c3LUkc5B4bHTuD2oWvU9","node":{"__id__":2},"shopScrollList":{"__id__":7},"itemPrefab":{"__uuid__":"7dcXr5nO1NnoU4isQ+Hk7E"},"moneyLabel":{"__id__":16}}],"_contentSize":{"__type__":"cc.Size","width":750,"height":1334},"_position":{"__type__":"cc.Vec3","x":375,"y":667},"_scale":{"__type__":"cc.Vec3","x":1,"y":1,"z":1},"_id":"77ipgdoy1EQZC7ksjhxtx/"},{"__type__":"cc.Node","_name":"Main Camera","_parent":{"__id__":2},"_level":2,"_components":[{"__type__":"cc.Camera","node":{"__id__":3},"_clearFlags":7,"_backgroundColor":{"__type__":"cc.Color","r":254,"g":249,"b":238},"_depth":-1}],"_scale":{"__type__":"cc.Vec3","x":1,"y":1,"z":1}},{"__type__":"cc.Node","_name":"ScrollView","_parent":{"__id__":2},"_children":[{"__id__":5}],"_level":2,"_components":[{"__type__":"cc.Sprite","node":{"__id__":4},"_spriteFrame":{"__uuid__":"9bvaMerUlDyary99mJa6xp"},"_type":1,"_sizeMode":0},{"__id__":7},{"__type__":"cc.Widget","node":{"__id__":4},"alignMode":2,"_alignFlags":45,"_top":208,"_originalWidth":240,"_originalHeight":250}],"_contentSize":{"__type__":"cc.Size","width":750,"height":1126},"_position":{"__type__":"cc.Vec3","y":-104},"_scale":{"__type__":"cc.Vec3","x":1,"y":1,"z":1}},{"__type__":"cc.Node","_name":"view","_parent":{"__id__":4},"_children":[{"__id__":6}],"_components":[{"__type__":"cc.Widget","node":{"__id__":5},"alignMode":2,"_alignFlags":45,"_originalWidth":240,"_originalHeight":250}],"_contentSize":{"__type__":"cc.Size","width":750,"height":1126},"_scale":{"__type__":"cc.Vec3","x":1,"y":1,"z":1}},{"__type__":"cc.Node","_name":"content","_parent":{"__id__":5},"_components":[{"__type__":"cc.Widget","node":{"__id__":6},"alignMode":2,"_alignFlags":40,"_bottom":554,"_originalWidth":220,"_originalHeight":400},{"__type__":"cc.Layout","node":{"__id__":6},"_resize":1,"_N$layoutType":2,"_N$paddingTop":12,"_N$paddingBottom":12}],"_contentSize":{"__type__":"cc.Size","width":750,"height":400},"_anchorPoint":{"__type__":"cc.Vec2","x":0.5,"y":1},"_position":{"__type__":"cc.Vec3","y":477},"_scale":{"__type__":"cc.Vec3","x":1,"y":1,"z":1}},{"__type__":"cc.ScrollView","node":{"__id__":4},"horizontal":false,"brake":0.75,"elastic":false,"bounceDuration":0.23,"_N$content":{"__id__":6},"content":{"__id__":6},"_N$horizontalScrollBar":null,"_N$verticalScrollBar":null},{"__type__":"cc.Node","_name":"NavigationBar","_parent":{"__id__":2},"_children":[{"__id__":9},{"__id__":11}],"_level":2,"_components":[{"__type__":"cc.Sprite","node":{"__id__":8},"_spriteFrame":{"__uuid__":"16CnnZYYNM/o+1K8BpewH6"},"_sizeMode":0},{"__type__":"cc.Widget","node":{"__id__":8},"alignMode":2,"_alignFlags":41,"_originalWidth":40}],"_contentSize":{"__type__":"cc.Size","width":750,"height":128},"_position":{"__type__":"cc.Vec3","y":603},"_scale":{"__type__":"cc.Vec3","x":1,"y":1,"z":1}},{"__type__":"cc.Node","_name":"BackBtn","_parent":{"__id__":8},"_children":[{"__id__":10}],"_level":3,"_components":[{"__type__":"cc.Button","node":{"__id__":9},"pressedColor":{"__type__":"cc.Color","r":255,"g":255,"b":255},"clickEvents":[{"__type__":"cc.ClickEvent","target":{"__id__":2},"component":"Shop","handler":"backBtnClick"}],"_N$normalColor":{"__type__":"cc.Color","r":255,"g":255,"b":255},"_N$disabledColor":{"__type__":"cc.Color","r":255,"g":255,"b":255},"_N$pressedSprite":{"__uuid__":"e97GVMl6JHh5Ml5qEDdSGa"},"pressedSprite":{"__uuid__":"e97GVMl6JHh5Ml5qEDdSGa"},"_N$hoverSprite":{"__uuid__":"f0BIwQ8D5Ml7nTNQbh1YlS"},"hoverSprite":{"__uuid__":"f0BIwQ8D5Ml7nTNQbh1YlS"},"_N$disabledSprite":{"__uuid__":"29FYIk+N1GYaeWH/q1NxQO"},"_N$target":{"__id__":9}},{"__type__":"cc.Widget","node":{"__id__":9},"alignMode":2,"_alignFlags":9,"_left":20,"_top":55}],"_contentSize":{"__type__":"cc.Size","width":50,"height":50},"_position":{"__type__":"cc.Vec3","x":-330,"y":-16},"_scale":{"__type__":"cc.Vec3","x":1,"y":1,"z":1}},{"__type__":"cc.Node","_name":"Sprite","_parent":{"__id__":9},"_level":3,"_components":[{"__type__":"cc.Sprite","node":{"__id__":10},"_spriteFrame":{"__uuid__":"83jl2tL11O4KOcaqrDgUjB"}},{"__type__":"cc.Widget","node":{"__id__":10},"alignMode":2,"_alignFlags":18}],"_contentSize":{"__type__":"cc.Size","width":20,"height":34},"_scale":{"__type__":"cc.Vec3","x":1,"y":1,"z":1}},{"__type__":"cc.Node","_name":"TitleLabel","_parent":{"__id__":8},"_level":3,"_components":[{"__type__":"cc.Label","node":{"__id__":11},"_srcBlendFactor":1,"_useOriginalSize":false,"_string":"橙币商城","_N$string":"橙币商城","_fontSize":38,"_lineHeight":38,"_N$horizontalAlign":1,"_N$verticalAlign":1},{"__type__":"cc.Widget","node":{"__id__":11},"alignMode":2,"_alignFlags":17,"_top":62}],"_color":{"__type__":"cc.Color"},"_contentSize":{"__type__":"cc.Size","width":152,"height":38},"_position":{"__type__":"cc.Vec3","y":-17},"_scale":{"__type__":"cc.Vec3","x":1,"y":1,"z":1}},{"__type__":"cc.Node","_name":"Tool","_parent":{"__id__":2},"_children":[{"__id__":13},{"__id__":17},{"__id__":20},{"__id__":23},{"__id__":24},{"__id__":25}],"_level":2,"_components":[{"__type__":"cc.Sprite","node":{"__id__":12},"_spriteFrame":{"__uuid__":"16CnnZYYNM/o+1K8BpewH6"},"_type":1,"_sizeMode":0},{"__type__":"cc.Widget","node":{"__id__":12},"alignMode":2,"_alignFlags":41,"_top":128,"_originalWidth":40}],"_contentSize":{"__type__":"cc.Size","width":750,"height":80},"_position":{"__type__":"cc.Vec3","y":499},"_scale":{"__type__":"cc.Vec3","x":1,"y":1,"z":1}},{"__type__":"cc.Node","_name":"MoneyBtn","_parent":{"__id__":12},"_children":[{"__id__":14}],"_level":4,"_components":[{"__type__":"cc.Sprite","node":{"__id__":13},"_enabled":false,"_spriteFrame":{"__uuid__":"f0BIwQ8D5Ml7nTNQbh1YlS"},"_type":1,"_sizeMode":0},{"__type__":"cc.Button","node":{"__id__":13},"pressedColor":{"__type__":"cc.Color","r":255,"g":255,"b":255},"clickEvents":[{"__type__":"cc.ClickEvent","target":{"__id__":2},"component":"Shop","handler":"openMiniProgram"}],"_N$normalColor":{"__type__":"cc.Color","r":255,"g":255,"b":255},"_N$disabledColor":{"__type__":"cc.Color","r":255,"g":255,"b":255},"_N$normalSprite":{"__uuid__":"f0BIwQ8D5Ml7nTNQbh1YlS"},"_N$pressedSprite":{"__uuid__":"e97GVMl6JHh5Ml5qEDdSGa"},"pressedSprite":{"__uuid__":"e97GVMl6JHh5Ml5qEDdSGa"},"_N$hoverSprite":{"__uuid__":"f0BIwQ8D5Ml7nTNQbh1YlS"},"hoverSprite":{"__uuid__":"f0BIwQ8D5Ml7nTNQbh1YlS"},"_N$disabledSprite":{"__uuid__":"29FYIk+N1GYaeWH/q1NxQO"},"_N$target":{"__id__":13}},{"__type__":"cc.Widget","node":{"__id__":13},"alignMode":2,"_alignFlags":45,"_right":0.6666,"_isAbsRight":false,"_originalWidth":100,"_originalHeight":40}],"_contentSize":{"__type__":"cc.Size","width":250.05,"height":80},"_position":{"__type__":"cc.Vec3","x":-249.975},"_scale":{"__type__":"cc.Vec3","x":1,"y":1,"z":1}},{"__type__":"cc.Node","_name":"Label","_parent":{"__id__":13},"_children":[{"__id__":15}],"_components":[{"__id__":16},{"__type__":"cc.Widget","node":{"__id__":14},"alignMode":2,"_alignFlags":18,"_horizontalCenter":21}],"_color":{"__type__":"cc.Color","r":246,"g":174,"b":9},"_contentSize":{"__type__":"cc.Size","width":16.68,"height":30},"_position":{"__type__":"cc.Vec3","x":21},"_scale":{"__type__":"cc.Vec3","x":1,"y":1,"z":1}},{"__type__":"cc.Node","_name":"Icon","_parent":{"__id__":14},"_level":1,"_components":[{"__type__":"cc.Sprite","node":{"__id__":15},"_spriteFrame":{"__uuid__":"8ezS0rzZ1BmbyPZn11+Q7S"},"_sizeMode":0},{"__type__":"cc.Widget","node":{"__id__":15},"alignMode":2,"_alignFlags":10,"_left":-41.99999999999997}],"_contentSize":{"__type__":"cc.Size","width":34,"height":34},"_position":{"__type__":"cc.Vec3","x":-33.339999999999975},"_scale":{"__type__":"cc.Vec3","x":1,"y":1,"z":1}},{"__type__":"cc.Label","node":{"__id__":14},"_srcBlendFactor":1,"_useOriginalSize":false,"_string":"0","_N$string":"0","_fontSize":30,"_lineHeight":30,"_enableWrapText":false,"_N$horizontalAlign":1,"_N$verticalAlign":1},{"__type__":"cc.Node","_name":"InfoBtn","_parent":{"__id__":12},"_children":[{"__id__":18}],"_level":4,"_components":[{"__type__":"cc.Sprite","node":{"__id__":17},"_enabled":false,"_spriteFrame":{"__uuid__":"f0BIwQ8D5Ml7nTNQbh1YlS"},"_type":1,"_sizeMode":0},{"__type__":"cc.Button","node":{"__id__":17},"pressedColor":{"__type__":"cc.Color","r":255,"g":255,"b":255},"clickEvents":[{"__type__":"cc.ClickEvent","target":{"__id__":2},"component":"Shop","handler":"openMiniProgram"}],"_N$normalColor":{"__type__":"cc.Color","r":255,"g":255,"b":255},"_N$disabledColor":{"__type__":"cc.Color","r":255,"g":255,"b":255},"_N$normalSprite":{"__uuid__":"f0BIwQ8D5Ml7nTNQbh1YlS"},"_N$pressedSprite":{"__uuid__":"e97GVMl6JHh5Ml5qEDdSGa"},"pressedSprite":{"__uuid__":"e97GVMl6JHh5Ml5qEDdSGa"},"_N$hoverSprite":{"__uuid__":"f0BIwQ8D5Ml7nTNQbh1YlS"},"hoverSprite":{"__uuid__":"f0BIwQ8D5Ml7nTNQbh1YlS"},"_N$disabledSprite":{"__uuid__":"29FYIk+N1GYaeWH/q1NxQO"},"_N$target":{"__id__":17}},{"__type__":"cc.Widget","node":{"__id__":17},"alignMode":2,"_alignFlags":45,"_left":0.3333,"_right":0.3333,"_isAbsLeft":false,"_isAbsRight":false,"_originalWidth":100,"_originalHeight":40}],"_contentSize":{"__type__":"cc.Size","width":250.05,"height":80},"_scale":{"__type__":"cc.Vec3","x":1,"y":1,"z":1}},{"__type__":"cc.Node","_name":"Label","_parent":{"__id__":17},"_children":[{"__id__":19}],"_components":[{"__type__":"cc.Label","node":{"__id__":18},"_srcBlendFactor":1,"_useOriginalSize":false,"_string":"兑换信息","_N$string":"兑换信息","_fontSize":26,"_lineHeight":26,"_enableWrapText":false,"_N$horizontalAlign":1,"_N$verticalAlign":1,"_N$overflow":1},{"__type__":"cc.Widget","node":{"__id__":18},"alignMode":2,"_alignFlags":18,"_horizontalCenter":21}],"_color":{"__type__":"cc.Color","r":197,"g":195,"b":195},"_contentSize":{"__type__":"cc.Size","width":100,"height":40},"_position":{"__type__":"cc.Vec3","x":21},"_scale":{"__type__":"cc.Vec3","x":1,"y":1,"z":1}},{"__type__":"cc.Node","_name":"Icon","_parent":{"__id__":18},"_level":1,"_components":[{"__type__":"cc.Sprite","node":{"__id__":19},"_spriteFrame":{"__uuid__":"65EZeIHolE7rqZ6WwJS9QA"},"_sizeMode":0},{"__type__":"cc.Widget","node":{"__id__":19},"alignMode":2,"_alignFlags":10,"_left":-42}],"_contentSize":{"__type__":"cc.Size","width":34,"height":34},"_position":{"__type__":"cc.Vec3","x":-75},"_scale":{"__type__":"cc.Vec3","x":1,"y":1,"z":1}},{"__type__":"cc.Node","_name":"RuleBtn","_parent":{"__id__":12},"_children":[{"__id__":21}],"_level":4,"_components":[{"__type__":"cc.Sprite","node":{"__id__":20},"_enabled":false,"_spriteFrame":{"__uuid__":"f0BIwQ8D5Ml7nTNQbh1YlS"},"_type":1,"_sizeMode":0},{"__type__":"cc.Button","node":{"__id__":20},"pressedColor":{"__type__":"cc.Color","r":255,"g":255,"b":255},"clickEvents":[{"__type__":"cc.ClickEvent","target":{"__id__":2},"component":"Shop","handler":"openMiniProgram"}],"_N$normalColor":{"__type__":"cc.Color","r":255,"g":255,"b":255},"_N$disabledColor":{"__type__":"cc.Color","r":255,"g":255,"b":255},"_N$normalSprite":{"__uuid__":"f0BIwQ8D5Ml7nTNQbh1YlS"},"_N$pressedSprite":{"__uuid__":"e97GVMl6JHh5Ml5qEDdSGa"},"pressedSprite":{"__uuid__":"e97GVMl6JHh5Ml5qEDdSGa"},"_N$hoverSprite":{"__uuid__":"f0BIwQ8D5Ml7nTNQbh1YlS"},"hoverSprite":{"__uuid__":"f0BIwQ8D5Ml7nTNQbh1YlS"},"_N$disabledSprite":{"__uuid__":"29FYIk+N1GYaeWH/q1NxQO"},"_N$target":{"__id__":20}},{"__type__":"cc.Widget","node":{"__id__":20},"alignMode":2,"_alignFlags":45,"_left":0.6666,"_isAbsLeft":false,"_originalWidth":100,"_originalHeight":40}],"_contentSize":{"__type__":"cc.Size","width":250.05,"height":80},"_position":{"__type__":"cc.Vec3","x":249.975},"_scale":{"__type__":"cc.Vec3","x":1,"y":1,"z":1}},{"__type__":"cc.Node","_name":"Label","_parent":{"__id__":20},"_children":[{"__id__":22}],"_components":[{"__type__":"cc.Label","node":{"__id__":21},"_srcBlendFactor":1,"_useOriginalSize":false,"_string":"规则说明","_N$string":"规则说明","_fontSize":26,"_lineHeight":26,"_enableWrapText":false,"_N$horizontalAlign":1,"_N$verticalAlign":1,"_N$overflow":1},{"__type__":"cc.Widget","node":{"__id__":21},"alignMode":2,"_alignFlags":18,"_horizontalCenter":21}],"_color":{"__type__":"cc.Color","r":197,"g":195,"b":195},"_contentSize":{"__type__":"cc.Size","width":100,"height":40},"_position":{"__type__":"cc.Vec3","x":21},"_scale":{"__type__":"cc.Vec3","x":1,"y":1,"z":1}},{"__type__":"cc.Node","_name":"Icon","_parent":{"__id__":21},"_level":1,"_components":[{"__type__":"cc.Sprite","node":{"__id__":22},"_spriteFrame":{"__uuid__":"ee0RgbJu9A6ZFhvDTPpo0D"},"_sizeMode":0},{"__type__":"cc.Widget","node":{"__id__":22},"alignMode":2,"_alignFlags":10,"_left":-41.99999999999997}],"_contentSize":{"__type__":"cc.Size","width":34,"height":34},"_position":{"__type__":"cc.Vec3","x":-74.99999999999997},"_scale":{"__type__":"cc.Vec3","x":1,"y":1,"z":1}},{"__type__":"cc.Node","_name":"LeftLine","_parent":{"__id__":12},"_level":4,"_components":[{"__type__":"cc.Sprite","node":{"__id__":23},"_srcBlendFactor":1,"_spriteFrame":{"__uuid__":"87tTR01a1ICZ1dX3LsIIV3"},"_type":1,"_sizeMode":0},{"__type__":"cc.Widget","node":{"__id__":23},"alignMode":2,"_alignFlags":18,"_horizontalCenter":-0.16670000000000001,"_isAbsHorizontalCenter":false}],"_opacity":50,"_color":{"__type__":"cc.Color"},"_contentSize":{"__type__":"cc.Size","width":2,"height":40},"_position":{"__type__":"cc.Vec3","x":-125.025},"_scale":{"__type__":"cc.Vec3","x":1,"y":1,"z":1}},{"__type__":"cc.Node","_name":"RightLine","_parent":{"__id__":12},"_level":4,"_components":[{"__type__":"cc.Sprite","node":{"__id__":24},"_spriteFrame":{"__uuid__":"87tTR01a1ICZ1dX3LsIIV3"},"_type":1,"_sizeMode":0},{"__type__":"cc.Widget","node":{"__id__":24},"alignMode":2,"_alignFlags":18,"_horizontalCenter":0.16670000000000001,"_isAbsHorizontalCenter":false}],"_opacity":50,"_color":{"__type__":"cc.Color"},"_contentSize":{"__type__":"cc.Size","width":2,"height":40},"_position":{"__type__":"cc.Vec3","x":125.025},"_scale":{"__type__":"cc.Vec3","x":1,"y":1,"z":1}},{"__type__":"cc.Node","_name":"SelectLine","_parent":{"__id__":12},"_level":3,"_components":[{"__type__":"cc.Sprite","node":{"__id__":25},"_spriteFrame":{"__uuid__":"16CnnZYYNM/o+1K8BpewH6"},"_type":1,"_sizeMode":0},{"__type__":"cc.Widget","node":{"__id__":25},"alignMode":2,"_alignFlags":20,"_horizontalCenter":-0.3333,"_isAbsHorizontalCenter":false}],"_color":{"__type__":"cc.Color","r":255,"g":105,"b":32},"_contentSize":{"__type__":"cc.Size","width":146,"height":4},"_position":{"__type__":"cc.Vec3","x":-249.975,"y":-38},"_scale":{"__type__":"cc.Vec3","x":1,"y":1,"z":1}}],{"__type__":"cc.SpriteFrame","content":{"name":"default_btn_pressed","texture":"b4P/PCArtIdIH38t6mlw8Y","rect":[0,0,40,40],"offset":[0,0],"originalSize":[40,40],"capInsets":[12,12,12,12]}},{"__type__":"cc.SpriteFrame","content":{"name":"shop_rule_disable","texture":"f8g9x0sEhBRbyZbxyclPVJ","rect":[0,0,22,32],"offset":[0,0],"originalSize":[22,32],"capInsets":[0,0,0,0]}},{"__type__":"cc.SpriteFrame","content":{"name":"default_btn_normal","texture":"e8Ueib+qJEhL6mXAHdnwbi","rect":[0,0,40,40],"offset":[0,0],"originalSize":[40,40],"capInsets":[12,12,12,12]}}]