[{"__type__":"cc.SpriteFrame","content":{"name":"maskolor","texture":"1bags8Kg5BCpWrU9yaA6Ng","rect":[0,0,2,2],"offset":[0,0],"originalSize":[2,2],"capInsets":[0,0,0,0]}},{"__type__":"cc.SpriteFrame","content":{"name":"white_bg","texture":"11+MH+mEdPXZmm6UnzsvES","rect":[0,0,490,286],"offset":[0,0],"originalSize":[490,286],"capInsets":[0,0,0,0]}},{"__type__":"cc.SpriteFrame","content":{"name":"sure_bt","texture":"f0tUk/QmJPkbvCSPdVCH0f","rect":[0,0,550,100],"offset":[0,0],"originalSize":[550,100],"capInsets":[52,0,63,0]}},{"__type__":"cc.SpriteFrame","content":{"name":"default_btn_disabled","texture":"71VhFCTINJM6/Ky3oX9nBT","rect":[0,0,40,40],"offset":[0,0],"originalSize":[40,40],"capInsets":[12,12,12,12]}},{"__type__":"cc.SpriteFrame","content":{"name":"ic_close","texture":"8b5HhCxEhL/4rvGMxlExLE","rect":[0,0,54,54],"offset":[0,0],"originalSize":[54,54],"capInsets":[0,0,0,0]}},[{"__type__":"cc.Prefab","_name":"PunchClockDialog","data":{"__id__":1}},{"__type__":"cc.Node","_name":"PunchClockDialog","_children":[{"__id__":2},{"__id__":3}],"_level":1,"_prefab":{"__type__":"cc.PrefabInfo","root":{"__id__":1},"asset":{"__uuid__":"9f8TACzklMXbChjjs8kKWW"},"fileId":"3a7tRyeENJzq97udZS2NFt"},"_contentSize":{"__type__":"cc.Size","width":750,"height":1334},"_scale":{"__type__":"cc.Vec3","x":1,"y":1,"z":1}},{"__type__":"cc.Node","_name":"Mask","_parent":{"__id__":1},"_level":3,"_components":[{"__type__":"cc.Sprite","node":{"__id__":2},"_spriteFrame":{"__uuid__":"0aoLNsxKlM4qs77+3nCObU"},"_sizeMode":0},{"__type__":"cc.Widget","node":{"__id__":2},"alignMode":2,"_alignFlags":45,"_originalWidth":4750,"_originalHeight":1334},{"__type__":"cc.Button","node":{"__id__":2},"_N$target":{"__id__":2}}],"_prefab":{"__type__":"cc.PrefabInfo","root":{"__id__":1},"asset":{"__uuid__":"9f8TACzklMXbChjjs8kKWW"},"fileId":"47wpXOjnZDf4ZlZnQLAWMM"},"_opacity":147,"_color":{"__type__":"cc.Color","r":3,"g":3,"b":3},"_contentSize":{"__type__":"cc.Size","width":750,"height":1334},"_scale":{"__type__":"cc.Vec3","x":1,"y":1,"z":1}},{"__type__":"cc.Node","_name":"Content","_parent":{"__id__":1},"_children":[{"__id__":4},{"__id__":5},{"__id__":6},{"__id__":7},{"__id__":9},{"__id__":11}],"_level":3,"_components":[{"__type__":"cc.Sprite","node":{"__id__":3},"_spriteFrame":{"__uuid__":"d3txZIfuBK5qYPoa0OoD0z"},"_sizeMode":0},{"__type__":"cc.Widget","node":{"__id__":3},"_alignFlags":40,"_left":0.07,"_right":0.07,"_top":0.16266866566716642,"_bottom":0.16266866566716642,"_isAbsLeft":false,"_isAbsRight":false,"_isAbsTop":false,"_isAbsBottom":false,"_originalWidth":650,"_originalHeight":900},{"__type__":"cc.BlockInputEvents","node":{"__id__":3}}],"_prefab":{"__type__":"cc.PrefabInfo","root":{"__id__":1},"asset":{"__uuid__":"9f8TACzklMXbChjjs8kKWW"},"fileId":"92/XR3yKRLuZ0Oa+6IEHlL"},"_contentSize":{"__type__":"cc.Size","width":645,"height":900},"_scale":{"__type__":"cc.Vec3","x":1,"y":1,"z":1}},{"__type__":"cc.Node","_name":"Tiltle","_parent":{"__id__":3},"_level":4,"_components":[{"__type__":"cc.Label","node":{"__id__":4},"_srcBlendFactor":1,"_useOriginalSize":false,"_string":"打卡","_N$string":"打卡","_fontSize":36,"_lineHeight":36,"_N$horizontalAlign":1,"_N$verticalAlign":1},{"__type__":"cc.Widget","node":{"__id__":4},"_alignFlags":41,"_top":30,"_originalWidth":97.87}],"_prefab":{"__type__":"cc.PrefabInfo","root":{"__id__":1},"asset":{"__uuid__":"9f8TACzklMXbChjjs8kKWW"},"fileId":"d9iFXzK6ZPEKQpIF4awLjb"},"_color":{"__type__":"cc.Color"},"_contentSize":{"__type__":"cc.Size","width":72,"height":36},"_position":{"__type__":"cc.Vec3","y":402},"_scale":{"__type__":"cc.Vec3","x":1,"y":1,"z":1}},{"__type__":"cc.Node","_name":"DialogBg","_parent":{"__id__":3},"_level":4,"_components":[{"__type__":"cc.Sprite","node":{"__id__":5},"_spriteFrame":{"__uuid__":"16CnnZYYNM/o+1K8BpewH6"},"_sizeMode":0},{"__type__":"cc.Widget","node":{"__id__":5},"_alignFlags":45,"_left":0.05,"_right":0.05,"_top":0.23,"_bottom":0.3,"_isAbsLeft":false,"_isAbsRight":false,"_isAbsTop":false,"_isAbsBottom":false,"_originalWidth":606,"_originalHeight":438}],"_prefab":{"__type__":"cc.PrefabInfo","root":{"__id__":1},"asset":{"__uuid__":"9f8TACzklMXbChjjs8kKWW"},"fileId":"49gQWI9zNPbJTCWcLrIqEB"},"_color":{"__type__":"cc.Color","r":164,"g":164,"b":164},"_contentSize":{"__type__":"cc.Size","width":580.5,"height":423},"_position":{"__type__":"cc.Vec3","y":31.5},"_scale":{"__type__":"cc.Vec3","x":1,"y":1,"z":1}},{"__type__":"cc.Node","_name":"AchievementContent","_parent":{"__id__":3},"_level":4,"_components":[{"__type__":"cc.Label","node":{"__id__":6},"_srcBlendFactor":1,"_useOriginalSize":false,"_string":"我已学习123天，挑战20关，掌握单词1000个。","_N$string":"我已学习123天，挑战20关，掌握单词1000个。","_fontSize":30,"_lineHeight":36,"_N$verticalAlign":1,"_N$overflow":2},{"__type__":"cc.Widget","node":{"__id__":6},"_alignFlags":41,"_left":0.07,"_right":0.07,"_top":0.13,"_isAbsLeft":false,"_isAbsRight":false,"_isAbsTop":false,"_originalWidth":383.42}],"_prefab":{"__type__":"cc.PrefabInfo","root":{"__id__":1},"asset":{"__uuid__":"9f8TACzklMXbChjjs8kKWW"},"fileId":"85Gq9eq2lHX4iXiO01H2Ah"},"_color":{"__type__":"cc.Color","r":74,"g":74,"b":74},"_contentSize":{"__type__":"cc.Size","width":554.7,"height":72},"_position":{"__type__":"cc.Vec3","y":297},"_scale":{"__type__":"cc.Vec3","x":1,"y":1,"z":1}},{"__type__":"cc.Node","_name":"TopBt","_parent":{"__id__":3},"_children":[{"__id__":8}],"_level":4,"_components":[{"__type__":"cc.Sprite","node":{"__id__":7},"_spriteFrame":{"__uuid__":"18m0XXytNE/oW094A7xVl1"},"_type":1,"_sizeMode":0},{"__type__":"cc.Button","node":{"__id__":7},"pressedColor":{"__type__":"cc.Color","r":255,"g":255,"b":255},"_N$normalColor":{"__type__":"cc.Color","r":255,"g":255,"b":255},"_N$disabledColor":{"__type__":"cc.Color","r":255,"g":255,"b":255},"_N$normalSprite":{"__uuid__":"18m0XXytNE/oW094A7xVl1"},"_N$pressedSprite":{"__uuid__":"e97GVMl6JHh5Ml5qEDdSGa"},"pressedSprite":{"__uuid__":"e97GVMl6JHh5Ml5qEDdSGa"},"_N$hoverSprite":{"__uuid__":"f0BIwQ8D5Ml7nTNQbh1YlS"},"hoverSprite":{"__uuid__":"f0BIwQ8D5Ml7nTNQbh1YlS"},"_N$disabledSprite":{"__uuid__":"29FYIk+N1GYaeWH/q1NxQO"},"_N$target":{"__id__":7}},{"__type__":"cc.Widget","node":{"__id__":7},"_alignFlags":41,"_left":0.08,"_right":0.08,"_top":0.72,"_isAbsLeft":false,"_isAbsRight":false,"_isAbsTop":false,"_originalWidth":550}],"_prefab":{"__type__":"cc.PrefabInfo","root":{"__id__":1},"asset":{"__uuid__":"9f8TACzklMXbChjjs8kKWW"},"fileId":"f5ldHx1+NFPbsFpxW3rH4W"},"_contentSize":{"__type__":"cc.Size","width":541.8,"height":100},"_position":{"__type__":"cc.Vec3","y":-248},"_scale":{"__type__":"cc.Vec3","x":1,"y":1,"z":1}},{"__type__":"cc.Node","_name":"TopContent","_parent":{"__id__":7},"_components":[{"__type__":"cc.Label","node":{"__id__":8},"_srcBlendFactor":1,"_useOriginalSize":false,"_string":"打卡集赞","_N$string":"打卡集赞","_fontSize":36,"_enableWrapText":false,"_N$horizontalAlign":1,"_N$verticalAlign":1,"_N$overflow":1},{"__type__":"cc.Widget","node":{"__id__":8},"_alignFlags":45,"_originalWidth":400,"_originalHeight":60}],"_prefab":{"__type__":"cc.PrefabInfo","root":{"__id__":1},"asset":{"__uuid__":"9f8TACzklMXbChjjs8kKWW"},"fileId":"ffWtrvme9BGZEoIK6hzg5R"},"_contentSize":{"__type__":"cc.Size","width":541.8,"height":100},"_scale":{"__type__":"cc.Vec3","x":1,"y":1,"z":1}},{"__type__":"cc.Node","_name":"BottomBt","_parent":{"__id__":3},"_children":[{"__id__":10}],"_level":4,"_components":[{"__type__":"cc.Sprite","node":{"__id__":9},"_spriteFrame":{"__uuid__":"18m0XXytNE/oW094A7xVl1"},"_type":1,"_sizeMode":0},{"__type__":"cc.Button","node":{"__id__":9},"pressedColor":{"__type__":"cc.Color","r":255,"g":255,"b":255},"_N$normalColor":{"__type__":"cc.Color","r":255,"g":255,"b":255},"_N$disabledColor":{"__type__":"cc.Color","r":255,"g":255,"b":255},"_N$normalSprite":{"__uuid__":"18m0XXytNE/oW094A7xVl1"},"_N$pressedSprite":{"__uuid__":"e97GVMl6JHh5Ml5qEDdSGa"},"pressedSprite":{"__uuid__":"e97GVMl6JHh5Ml5qEDdSGa"},"_N$hoverSprite":{"__uuid__":"f0BIwQ8D5Ml7nTNQbh1YlS"},"hoverSprite":{"__uuid__":"f0BIwQ8D5Ml7nTNQbh1YlS"},"_N$disabledSprite":{"__uuid__":"29FYIk+N1GYaeWH/q1NxQO"},"_N$target":{"__id__":9}},{"__type__":"cc.Widget","node":{"__id__":9},"_alignFlags":41,"_left":0.08,"_right":0.08,"_top":0.85,"_isAbsLeft":false,"_isAbsRight":false,"_isAbsTop":false,"_originalWidth":550}],"_prefab":{"__type__":"cc.PrefabInfo","root":{"__id__":1},"asset":{"__uuid__":"9f8TACzklMXbChjjs8kKWW"},"fileId":"3fuZmW1rFAIJntxMPU6tjE"},"_contentSize":{"__type__":"cc.Size","width":541.8,"height":100},"_position":{"__type__":"cc.Vec3","y":-365},"_scale":{"__type__":"cc.Vec3","x":1,"y":1,"z":1}},{"__type__":"cc.Node","_name":"BottomContent","_parent":{"__id__":9},"_components":[{"__type__":"cc.Label","node":{"__id__":10},"_srcBlendFactor":1,"_useOriginalSize":false,"_string":"生成海报并分享","_N$string":"生成海报并分享","_fontSize":36,"_enableWrapText":false,"_N$horizontalAlign":1,"_N$verticalAlign":1,"_N$overflow":1},{"__type__":"cc.Widget","node":{"__id__":10},"_alignFlags":45,"_originalWidth":400,"_originalHeight":60}],"_prefab":{"__type__":"cc.PrefabInfo","root":{"__id__":1},"asset":{"__uuid__":"9f8TACzklMXbChjjs8kKWW"},"fileId":"80FpKO/8xBnqyFEnFl8wXP"},"_contentSize":{"__type__":"cc.Size","width":541.8,"height":100},"_scale":{"__type__":"cc.Vec3","x":1,"y":1,"z":1}},{"__type__":"cc.Node","_name":"Close","_parent":{"__id__":3},"_level":4,"_components":[{"__type__":"cc.Sprite","node":{"__id__":11},"_spriteFrame":{"__uuid__":"84j4TpUulCk7xx6M6O0R8g"}},{"__type__":"cc.Button","node":{"__id__":11},"_N$target":{"__id__":11}},{"__type__":"cc.Widget","node":{"__id__":11},"_alignFlags":17,"_top":1.05,"_isAbsTop":false}],"_prefab":{"__type__":"cc.PrefabInfo","root":{"__id__":1},"asset":{"__uuid__":"9f8TACzklMXbChjjs8kKWW"},"fileId":"d3+EbPFXpIM7f8/HxPaS4w"},"_contentSize":{"__type__":"cc.Size","width":54,"height":54},"_position":{"__type__":"cc.Vec3","y":-522},"_scale":{"__type__":"cc.Vec3","x":1,"y":1,"z":1}}],{"__type__":"cc.SpriteFrame","content":{"name":"bigdialog_bg","texture":"4cRp/At+FOqo4W6/zoqANz","rect":[0,0,650,900],"offset":[0,0],"originalSize":[650,900],"capInsets":[0,0,0,0]}},{"__type__":"cc.SpriteFrame","content":{"name":"default_btn_pressed","texture":"b4P/PCArtIdIH38t6mlw8Y","rect":[0,0,40,40],"offset":[0,0],"originalSize":[40,40],"capInsets":[12,12,12,12]}},{"__type__":"cc.SpriteFrame","content":{"name":"default_btn_normal","texture":"e8Ueib+qJEhL6mXAHdnwbi","rect":[0,0,40,40],"offset":[0,0],"originalSize":[40,40],"capInsets":[12,12,12,12]}}]