[[{"__type__":"cc.Prefab","_name":"CheckBg","data":{"__id__":1}},{"__type__":"cc.Node","_name":"CheckBg","_level":1,"_components":[{"__type__":"cc.Sprite","node":{"__id__":1},"_spriteFrame":{"__uuid__":"790qBSZCxFHbl3LmP8QDrs"}},{"__type__":"fd7a7LMKfROMZUn2VzCOTtW","node":{"__id__":1},"checkPointBgs":[{"__uuid__":"790qBSZCxFHbl3LmP8QDrs"},{"__uuid__":"90MmuwItVPhbxeGweh7+ch"}]}],"_prefab":{"__type__":"cc.PrefabInfo","root":{"__id__":1},"asset":{"__uuid__":"03dGV6Ea9LA49yOF4b8qtN"},"fileId":"3dFNKOEDlLQYLLWvThbm8b"},"_contentSize":{"__type__":"cc.Size","width":750,"height":1334},"_scale":{"__type__":"cc.Vec3","x":1,"y":1,"z":1}}],{"__type__":"cc.SpriteFrame","content":{"name":"white_bg","texture":"11+MH+mEdPXZmm6UnzsvES","rect":[0,0,490,286],"offset":[0,0],"originalSize":[490,286],"capInsets":[0,0,0,0]}},[{"__type__":"cc.Prefab","_name":"CheckPointItem","data":{"__id__":1}},{"__type__":"cc.Node","_name":"CheckPointItem","_children":[{"__id__":2},{"__id__":4}],"_level":1,"_components":[{"__type__":"cc.Button","node":{"__id__":1},"transition":3,"clickEvents":[{"__type__":"cc.ClickEvent","target":{"__id__":1},"component":"CheckPointItem","handler":"onClickPoint"}],"_N$target":{"__id__":1}},{"__type__":"e10115okcFNG5d/1B7pOTo4","node":{"__id__":1},"checkpoint":{"__id__":5},"lockedicon":{"__id__":3},"lockedicons":[{"__uuid__":"f1GVeYuPNM+4fcy9RK8xnq"},{"__uuid__":"f01P4tF05O/LHeyTUiOk0y"},{"__uuid__":"ecSV6PRqNAjb0LYkphjKqJ"}]}],"_prefab":{"__type__":"cc.PrefabInfo","root":{"__id__":1},"asset":{"__uuid__":"18KzFSHwdAKJm/JJaYwVgQ"},"fileId":"d289oMq4dN36pmVEWV3mqe"},"_contentSize":{"__type__":"cc.Size","width":72,"height":94},"_position":{"__type__":"cc.Vec3","y":-47},"_scale":{"__type__":"cc.Vec3","x":1,"y":1,"z":1}},{"__type__":"cc.Node","_name":"Locked","_parent":{"__id__":1},"_level":2,"_components":[{"__id__":3}],"_prefab":{"__type__":"cc.PrefabInfo","root":{"__id__":1},"asset":{"__uuid__":"18KzFSHwdAKJm/JJaYwVgQ"},"fileId":"220Eca6bVBfa5Q5FTz8iiE"},"_contentSize":{"__type__":"cc.Size","width":135,"height":135},"_scale":{"__type__":"cc.Vec3","x":1,"y":1,"z":1}},{"__type__":"cc.Sprite","node":{"__id__":2},"_spriteFrame":{"__uuid__":"f01P4tF05O/LHeyTUiOk0y"}},{"__type__":"cc.Node","_name":"PointNum","_parent":{"__id__":1},"_level":2,"_components":[{"__id__":5}],"_prefab":{"__type__":"cc.PrefabInfo","root":{"__id__":1},"asset":{"__uuid__":"18KzFSHwdAKJm/JJaYwVgQ"},"fileId":"cbcxUM08NCc4xtAHdt8Odz"},"_contentSize":{"__type__":"cc.Size","width":28.92,"height":52},"_position":{"__type__":"cc.Vec3","x":-2,"y":5},"_scale":{"__type__":"cc.Vec3","x":1,"y":1,"z":1}},{"__type__":"cc.Label","node":{"__id__":4},"_srcBlendFactor":1,"_useOriginalSize":false,"_string":"1","_N$string":"1","_fontSize":52,"_lineHeight":52,"_N$horizontalAlign":1,"_N$verticalAlign":1}],{"__type__":"cc.SpriteFrame","content":{"name":"levelsign","texture":"0cOa9WTxhHtIECPjv8rUaH","rect":[0,0,105,90],"offset":[0,0],"originalSize":[105,90],"capInsets":[0,0,0,0]}},{"__type__":"cc.SpriteFrame","content":{"name":"level01","texture":"8158U5TYdNx4A8mCv9uOgn","rect":[0,0,750,1334],"offset":[0,0],"originalSize":[750,1334],"capInsets":[0,0,0,0]}},{"__type__":"cc.SpriteFrame","content":{"name":"back","texture":"0crVq4CiFGKJ6Q4VG57SZ9","rect":[0,0,20,34],"offset":[0,0],"originalSize":[20,34],"capInsets":[0,0,0,0]}},{"__type__":"cc.AnimationClip","_name":"ReadyGoAnimation","_duration":1,"sample":43,"speed":0.5,"curveData":{"props":{"scale":[{"frame":0,"value":{"__type__":"cc.Vec2","x":2,"y":2}},{"frame":0.11627906976744186,"value":{"__type__":"cc.Vec2","x":1,"y":1}},{"frame":0.16279069767441862,"value":{"__type__":"cc.Vec2","x":1.1,"y":1.1}},{"frame":0.20930232558139536,"value":{"__type__":"cc.Vec2","x":1,"y":1}},{"frame":0.5116279069767442,"value":{"__type__":"cc.Vec2","x":1,"y":1}},{"frame":0.5348837209302325,"value":{"__type__":"cc.Vec2","x":2,"y":2}},{"frame":0.627906976744186,"value":{"__type__":"cc.Vec2","x":1,"y":1}},{"frame":0.6744186046511628,"value":{"__type__":"cc.Vec2","x":1.1,"y":1.1}},{"frame":0.7209302325581395,"value":{"__type__":"cc.Vec2","x":1,"y":1}}],"opacity":[{"frame":0,"value":95},{"frame":0.11627906976744186,"value":255},{"frame":0.4418604651162791,"value":255},{"frame":0.5116279069767442,"value":95},{"frame":0.5348837209302325,"value":255},{"frame":0.9302325581395349,"value":255},{"frame":1,"value":95}]},"comps":{"cc.Sprite":{"spriteFrame":[{"frame":0,"value":{"__uuid__":"afUxRIirxDmYIcjoSTe9jP"}},{"frame":0.5116279069767442,"value":{"__uuid__":"dcLQNLoRlOwrmOhsvIdpS+"}}]}}},"events":[{"frame":0.5116279069767442,"func":"readyAnimationComplete","params":[true]},{"frame":1,"func":"readyGoAnimationComplete","params":[true]}]},{"__type__":"cc.SpriteFrame","content":{"name":"level02","texture":"95Zk80LK5M5IGuZ9LKw5mR","rect":[0,0,750,1334],"offset":[0,0],"originalSize":[750,1334],"capInsets":[0,0,0,0]}},{"__type__":"cc.AudioClip","_name":"lockpoint","_native":".mp3"},{"__type__":"cc.SpriteFrame","content":{"name":"clouds","texture":"efwPf5LHJDgqMfduiXVY5T","rect":[0,0,750,240],"offset":[0,0],"originalSize":[750,240],"capInsets":[0,0,0,0]}},{"__type__":"cc.SpriteFrame","content":{"name":"ready","texture":"1aehIk0zJD6otOuEcrJnyR","rect":[2,4,371,131],"offset":[0.5,-1.5],"originalSize":[374,136],"capInsets":[0,0,0,0]}},{"__type__":"cc.AudioClip","_name":"enterpoint","_native":".mp3"},{"__type__":"cc.AudioClip","_name":"ready","_native":".mp3"},[{"__type__":"cc.SceneAsset","_name":"CheckPoint","scene":{"__id__":1},"asyncLoadAssets":null},{"__type__":"cc.Scene","_name":"New Node","_children":[{"__id__":2}],"_anchorPoint":{"__type__":"cc.Vec2"},"_scale":{"__type__":"cc.Vec3","x":0.12893553223388307,"y":0.12893553223388307,"z":1},"autoReleaseAssets":false},{"__type__":"cc.Node","_name":"Canvas","_parent":{"__id__":1},"_children":[{"__id__":3},{"__id__":4},{"__id__":5}],"_level":1,"_components":[{"__type__":"cc.Canvas","node":{"__id__":2},"_designResolution":{"__type__":"cc.Size","width":750,"height":1334},"_fitWidth":true,"_fitHeight":false}],"_contentSize":{"__type__":"cc.Size","width":750,"height":1334},"_position":{"__type__":"cc.Vec3","x":375,"y":667},"_scale":{"__type__":"cc.Vec3","x":1,"y":1,"z":1},"_id":"ceOkBk8BdG3Kom1hJGLsI8"},{"__type__":"cc.Node","_name":"Main Camera","_parent":{"__id__":2},"_level":1,"_components":[{"__type__":"cc.Camera","node":{"__id__":3},"_clearFlags":7,"_backgroundColor":{"__type__":"cc.Color","r":241,"g":196,"b":89},"_depth":-1}],"_scale":{"__type__":"cc.Vec3","x":1,"y":1,"z":1}},{"__type__":"cc.Node","_name":"CheckPointBg","_parent":{"__id__":2},"_level":1,"_components":[{"__type__":"cc.Widget","node":{"__id__":4},"_alignFlags":40,"_originalWidth":300}],"_contentSize":{"__type__":"cc.Size","width":750,"height":200},"_scale":{"__type__":"cc.Vec3","x":1,"y":1,"z":1}},{"__type__":"cc.Node","_name":"CheckPointList","_parent":{"__id__":2},"_children":[{"__id__":6},{"__id__":8},{"__id__":9},{"__id__":11}],"_level":1,"_components":[{"__type__":"cc.Sprite","node":{"__id__":5},"_type":1,"_sizeMode":0},{"__id__":15},{"__type__":"cc.Widget","node":{"__id__":5},"_alignFlags":45,"_originalWidth":240,"_originalHeight":250},{"__type__":"76d2eG6CM1H/Y1lSQ89pIWG","node":{"__id__":5},"bgPrefab":{"__uuid__":"03dGV6Ea9LA49yOF4b8qtN"},"checkpointItem":{"__uuid__":"18KzFSHwdAKJm/JJaYwVgQ"},"checkpointList":{"__id__":15},"levelsign":{"__uuid__":"2eR7c8H09ENo4f54qhU5u/"},"readyGoMask":{"__id__":11},"readyGoSprite":{"__id__":14},"cloud":{"__id__":8},"lockAudio":{"__uuid__":"9851uiNldJSpG5mwdJBvua"},"enterAudio":{"__uuid__":"b8gDhJPitC1qIUniAWqsIQ"}}],"_contentSize":{"__type__":"cc.Size","width":750,"height":1334},"_scale":{"__type__":"cc.Vec3","x":1,"y":1,"z":1}},{"__type__":"cc.Node","_name":"view","_parent":{"__id__":5},"_children":[{"__id__":7}],"_components":[{"__type__":"cc.Mask","node":{"__id__":6}},{"__type__":"cc.Widget","node":{"__id__":6},"_alignFlags":45,"_originalWidth":240,"_originalHeight":250}],"_contentSize":{"__type__":"cc.Size","width":750,"height":1334},"_scale":{"__type__":"cc.Vec3","x":1,"y":1,"z":1}},{"__type__":"cc.Node","_name":"content","_parent":{"__id__":6},"_components":[{"__type__":"cc.Widget","node":{"__id__":7},"_alignFlags":44,"_originalWidth":220}],"_contentSize":{"__type__":"cc.Size","width":750,"height":94},"_anchorPoint":{"__type__":"cc.Vec2","x":0.5,"y":1},"_position":{"__type__":"cc.Vec3","y":-573},"_scale":{"__type__":"cc.Vec3","x":1,"y":1,"z":1}},{"__type__":"cc.Node","_name":"WhiteClouds","_parent":{"__id__":5},"_level":2,"_components":[{"__type__":"cc.Sprite","node":{"__id__":8},"_spriteFrame":{"__uuid__":"9aOHbuajFE0axF383Jk/JA"}},{"__type__":"cc.Widget","node":{"__id__":8},"_alignFlags":1}],"_contentSize":{"__type__":"cc.Size","width":750,"height":240},"_position":{"__type__":"cc.Vec3","y":547},"_scale":{"__type__":"cc.Vec3","x":1,"y":1,"z":1}},{"__type__":"cc.Node","_name":"BackIcon","_parent":{"__id__":5},"_children":[{"__id__":10}],"_level":2,"_components":[{"__type__":"cc.Widget","node":{"__id__":9},"_alignFlags":9,"_left":20,"_top":55},{"__type__":"cc.Button","node":{"__id__":9},"clickEvents":[{"__type__":"cc.ClickEvent","target":{"__id__":5},"component":"CheckPointList","handler":"backHome"}],"_N$target":{"__id__":9}}],"_contentSize":{"__type__":"cc.Size","width":50,"height":50},"_position":{"__type__":"cc.Vec3","x":-330,"y":587},"_scale":{"__type__":"cc.Vec3","x":1,"y":1,"z":1}},{"__type__":"cc.Node","_name":"Back","_parent":{"__id__":9},"_level":3,"_components":[{"__type__":"cc.Sprite","node":{"__id__":10},"_spriteFrame":{"__uuid__":"83jl2tL11O4KOcaqrDgUjB"},"_type":1,"_sizeMode":0},{"__type__":"cc.Widget","node":{"__id__":10},"alignMode":2,"_alignFlags":18,"_left":30,"_top":50}],"_contentSize":{"__type__":"cc.Size","width":28,"height":44},"_scale":{"__type__":"cc.Vec3","x":1,"y":1,"z":1}},{"__type__":"cc.Node","_name":"ReadyGo","_parent":{"__id__":5},"_children":[{"__id__":12},{"__id__":13}],"_active":false,"_level":2,"_components":[{"__type__":"cc.Widget","node":{"__id__":11},"alignMode":2,"_alignFlags":45}],"_contentSize":{"__type__":"cc.Size","width":750,"height":1334},"_scale":{"__type__":"cc.Vec3","x":1,"y":1,"z":1}},{"__type__":"cc.Node","_name":"Mask","_parent":{"__id__":11},"_level":3,"_components":[{"__type__":"cc.Sprite","node":{"__id__":12},"_spriteFrame":{"__uuid__":"16CnnZYYNM/o+1K8BpewH6"},"_type":1,"_sizeMode":0},{"__type__":"cc.Widget","node":{"__id__":12},"alignMode":2,"_alignFlags":45,"_originalWidth":40,"_originalHeight":36},{"__type__":"cc.BlockInputEvents","node":{"__id__":12}}],"_opacity":100,"_color":{"__type__":"cc.Color"},"_contentSize":{"__type__":"cc.Size","width":750,"height":1334},"_scale":{"__type__":"cc.Vec3","x":1,"y":1,"z":1}},{"__type__":"cc.Node","_name":"Sprite","_parent":{"__id__":11},"_level":3,"_components":[{"__id__":14},{"__type__":"cc.Widget","node":{"__id__":13},"alignMode":2,"_alignFlags":18},{"__type__":"cc.Animation","node":{"__id__":13},"_defaultClip":{"__uuid__":"8bbHIBfpRD9JWMDuT0t6Jo"},"_clips":[{"__uuid__":"8bbHIBfpRD9JWMDuT0t6Jo"}]},{"__type__":"10bcdxvGBlPyYEIQ1GMssHB","node":{"__id__":13},"readyAudio":{"__uuid__":"c4TL4NvXVNub3aqmjfOJSk"},"goAudio":{"__uuid__":"f8/AVMuA5PdIs6E2yZTzW2"}}],"_contentSize":{"__type__":"cc.Size","width":371,"height":131},"_scale":{"__type__":"cc.Vec3","x":1,"y":1,"z":1}},{"__type__":"cc.Sprite","node":{"__id__":13},"_spriteFrame":{"__uuid__":"afUxRIirxDmYIcjoSTe9jP"}},{"__type__":"cc.ScrollView","node":{"__id__":5},"horizontal":false,"brake":0.75,"elastic":false,"bounceDuration":0.23,"_N$content":{"__id__":7},"content":{"__id__":7},"_N$horizontalScrollBar":null,"_N$verticalScrollBar":null}],{"__type__":"cc.SpriteFrame","content":{"name":"go","texture":"39XZhpN+NJeY/PpDyZN0ta","rect":[3,5,243,128],"offset":[0,-0.5],"originalSize":[249,137],"capInsets":[0,0,0,0]}},{"__type__":"cc.SpriteFrame","content":{"name":"sussessed_card","texture":"6bb0FkpE9EU69vAdXQXvMl","rect":[0,1,135,135],"offset":[0,-0.5],"originalSize":[135,136],"capInsets":[0,0,0,0]}},{"__type__":"cc.SpriteFrame","content":{"name":"current_card","texture":"88EO7qBcBFB7Z8405A4CQc","rect":[0,1,135,135],"offset":[0,-0.5],"originalSize":[135,136],"capInsets":[0,0,0,0]}},{"__type__":"cc.SpriteFrame","content":{"name":"locked_card","texture":"9eqmXLN9hF0rwAEuE+nenP","rect":[0,1,135,135],"offset":[0,-0.5],"originalSize":[135,136],"capInsets":[0,0,0,0]}},{"__type__":"cc.AudioClip","_name":"go","_native":".mp3"}]